ra,ano,nome,ano_nascimento,data_nascimento,idade,genero,ano_ingresso,instituicao_ensino,escola,status_aluno,fase,fase_ordem,fase_original,turma,fase_ideal_padronizada,fase_ideal_ordem,fase_ideal,defasagem_original,defasagem_calculada,defasagem_inconsistente,defasagem,status_defasagem,em_defasagem,pedra,inde,ian,ida,ieg,iaa,ips,ipp,ipv,nota_matematica,nota_portugues,nota_ingles,indicado_bolsa,atingiu_pv,rec_psicologia,destaque_ieg,destaque_ida,destaque_ipv
RA-1,2022,Aluno-1,2003,,19.0,Feminino,2016,Pública,,,FASE 7,7.0,7,A,FASE 8,8.0,Fase 8 (Universitários),-1,-1.0,False,-1.0,Defasado,1.0,Quartzo,5.783,5.0,4.0,4.1,8.3,5.6,,7.278,2.7,3.5,6.0,Sim,Não,Requer avaliação,Melhorar: Melhorar a sua entrega de lições de casa.,Melhorar: Empenhar-se mais nas aulas e avaliações.,Melhorar: Integrar-se mais aos Princípios Passos Mágicos.
RA-2,2022,Aluno-2,2005,,17.0,Feminino,2017,Rede Decisão,,,FASE 7,7.0,7,A,FASE 7,7.0,Fase 7 (3º EM),0,0.0,False,0.0,Adequado,0.0,Ametista,7.055,10.0,6.8,5.2,8.8,6.3,,6.778,6.3,4.5,9.7,Não,Não,Sem limitações,Melhorar: Melhorar a sua entrega de lições de casa.,Melhorar: Empenhar-se mais nas aulas e avaliações.,Melhorar: Integrar-se mais aos Princípios Passos Mágicos.
RA-3,2022,Aluno-3,2005,,17.0,Feminino,2016,Rede Decisão,,,FASE 7,7.0,7,A,FASE 7,7.0,Fase 7 (3º EM),0,0.0,False,0.0,Adequado,0.0,Ágata,6.591,10.0,5.6,7.9,0.0,5.6,,7.556,5.8,4.0,6.9,Não,Não,Sem limitações,Destaque: A sua boa entrega das lições de casa.,Melhorar: Empenhar-se mais nas aulas e avaliações.,Destaque: A sua boa integração aos Princípios Passos Mágicos.
RA-4,2022,Aluno-4,2005,,17.0,Masculino,2017,Rede Decisão,,,FASE 7,7.0,7,A,FASE 7,7.0,Fase 7 (3º EM),0,0.0,False,0.0,Adequado,0.0,Quartzo,5.951,10.0,5.0,4.5,8.8,5.6,,5.278,2.8,3.5,8.7,Não,Não,Requer avaliação,Melhorar: Melhorar a sua entrega de lições de casa.,Melhorar: Empenhar-se mais nas aulas e avaliações.,Melhorar: Integrar-se mais aos Princípios Passos Mágicos.
RA-5,2022,Aluno-5,2005,,17.0,Feminino,2016,Rede Decisão,,,FASE 7,7.0,7,A,FASE 7,7.0,Fase 7 (3º EM),0,0.0,False,0.0,Adequado,0.0,Ametista,7.427,10.0,5.2,8.6,7.9,5.6,,7.389,7.0,2.9,5.7,Não,Não,Requer avaliação,Destaque: A sua boa entrega das lições de casa.,Melhorar: Empenhar-se mais nas aulas e avaliações.,Melhorar: Integrar-se mais aos Princípios Passos Mágicos.
RA-6,2022,Aluno-6,2004,,18.0,Feminino,2021,Pública,,,FASE 7,7.0,7,A,FASE 8,8.0,Fase 8 (Universitários),-1,-1.0,False,-1.0,Defasado,1.0,Quartzo,5.848,5.0,3.3,4.5,7.9,7.5,,7.222,2.3,5.3,2.3,Sim,Não,Sem limitações,Melhorar: Melhorar a sua entrega de lições de casa.,Melhorar: Empenhar-se mais nas aulas e avaliações.,Melhorar: Integrar-se mais aos Princípios Passos Mágicos.
RA-7,2022,Aluno-7,2004,,18.0,Masculino,2017,Rede Decisão,,,FASE 7,7.0,7,A,FASE 8,8.0,Fase 8 (Universitários),-1,-1.0,False,-1.0,Defasado,1.0,Ágata,6.818,5.0,7.6,8.4,0.0,7.5,,7.667,8.2,5.7,9.0,Não,Não,Sem limitações,Destaque: A sua boa entrega das lições de casa.,Destaque: As suas boas notas na Passos Mágicos.,Destaque: A sua boa integração aos Princípios Passos Mágicos.
RA-8,2022,Aluno-8,2002,,20.0,Feminino,2018,Pública,,,FASE 7,7.0,7,A,FASE 8,8.0,Fase 8 (Universitários),-1,-1.0,False,-1.0,Defasado,1.0,Quartzo,4.786,5.0,1.6,4.6,7.1,6.3,,6.278,1.2,0.7,2.9,Não,Não,Requer avaliação,Melhorar: Melhorar a sua entrega de lições de casa.,Melhorar: Empenhar-se mais nas aulas e avaliações.,Melhorar: Integrar-se mais aos Princípios Passos Mágicos.
RA-9,2022,Aluno-9,2004,,18.0,Feminino,2019,Pública,,,FASE 7,7.0,7,A,FASE 8,8.0,Fase 8 (Universitários),-1,-1.0,False,-1.0,Defasado,1.0,Topázio,8.109,5.0,6.7,9.5,8.8,7.5,,9.5,5.5,6.0,8.7,Sim,Sim,Sem limitações,Destaque: A sua boa entrega das lições de casa.,Melhorar: Empenhar-se mais nas aulas e avaliações.,Destaque: A sua boa integração aos Princípios Passos Mágicos.
RA-10,2022,Aluno-10,2004,,18.0,Feminino,2021,Pública,,,FASE 7,7.0,7,A,FASE 8,8.0,Fase 8 (Universitários),-1,-1.0,False,-1.0,Defasado,1.0,Quartzo,5.784,5.0,4.1,5.2,8.3,5.0,,7.056,3.3,2.6,6.4,Não,Não,Requer avaliação,Melhorar: Melhorar a sua entrega de lições de casa.,Melhorar: Empenhar-se mais nas aulas e avaliações.,Melhorar: Integrar-se mais aos Princípios Passos Mágicos.
RA-11,2022,Aluno-11,2004,,18.0,Feminino,2016,Pública,,,FASE 7,7.0,7,A,FASE 8,8.0,Fase 8 (Universitários),-1,-1.0,False,-1.0,Defasado,1.0,Quartzo,5.323,5.0,3.0,4.2,9.2,5.0,,6.389,1.8,2.5,4.5,Não,Não,Requer avaliação,Melhorar: Melhorar a sua entrega de lições de casa.,Melhorar: Empenhar-se mais nas aulas e avaliações.,Melhorar: Integrar-se mais aos Princípios Passos Mágicos.
RA-12,2022,Aluno-12,2005,,17.0,Feminino,2020,Pública,,,FASE 7,7.0,7,A,FASE 7,7.0,Fase 7 (3º EM),0,0.0,False,0.0,Adequado,0.0,Quartzo,4.832,10.0,1.5,4.0,0.0,6.9,,6.389,2.7,1.1,0.7,Sim,Não,Sem limitações,Melhorar: Melhorar a sua entrega de lições de casa.,Melhorar: Empenhar-se mais nas aulas e avaliações.,Melhorar: Integrar-se mais aos Princípios Passos Mágicos.
RA-13,2022,Aluno-13,2004,,18.0,Masculino,2016,Pública,,,FASE 7,7.0,7,A,FASE 8,8.0,Fase 8 (Universitários),-1,-1.0,False,-1.0,Defasado,1.0,Ágata,6.902,5.0,4.7,7.4,7.9,7.5,,8.056,3.5,5.5,5.2,Sim,Não,Sem limitações,Melhorar: Melhorar a sua entrega de lições de casa.,Melhorar: Empenhar-se mais nas aulas e avaliações.,Destaque: A sua boa integração aos Princípios Passos Mágicos.
RA-14,2022,Aluno-14,2001,,21.0,Masculino,2022,Pública,,,FASE 7,7.0,7,D,FASE 8,8.0,Fase 8 (Universitários),-1,-1.0,False,-1.0,Defasado,1.0,Ágata,6.793,5.0,4.0,8.3,7.9,7.5,,7.75,8.0,0.0,,Sim,Não,Não atendido,Destaque: A sua boa entrega das lições de casa.,Melhorar: Empenhar-se mais nas aulas e avaliações.,Destaque: A sua boa integração aos Princípios Passos Mágicos.
RA-15,2022,Aluno-15,2004,,18.0,Masculino,2022,Pública,,,FASE 7,7.0,7,D,FASE 8,8.0,Fase 8 (Universitários),-1,-1.0,False,-1.0,Defasado,1.0,Ametista,7.783,5.0,7.3,10.0,8.8,7.5,,7.292,8.0,6.5,,Sim,Não,Não atendido,Destaque: A sua boa entrega das lições de casa.,Melhorar: Empenhar-se mais nas aulas e avaliações.,Melhorar: Integrar-se mais aos Princípios Passos Mágicos.
RA-16,2022,Aluno-16,2003,,19.0,Masculino,2022,Pública,,,FASE 7,7.0,7,D,FASE 8,8.0,Fase 8 (Universitários),-1,-1.0,False,-1.0,Defasado,1.0,Ágata,6.112,5.0,3.5,8.3,7.9,5.0,,6.333,7.0,0.0,,Sim,Não,Requer avaliação,Destaque: A sua boa entrega das lições de casa.,Melhorar: Empenhar-se mais nas aulas e avaliações.,Melhorar: Integrar-se mais aos Princípios Passos Mágicos.
RA-17,2022,Aluno-17,2002,,20.0,Masculino,2022,Pública,,,FASE 7,7.0,7,D,FASE 8,8.0,Fase 8 (Universitários),-1,-1.0,False,-1.0,Defasado,1.0,Topázio,8.068,5.0,7.8,10.0,8.8,7.5,,8.292,9.0,6.5,,Sim,Não,Não atendido,Destaque: A sua boa entrega das lições de casa.,Destaque: As suas boas notas na Passos Mágicos.,Destaque: A sua boa integração aos Princípios Passos Mágicos.
RA-18,2022,Aluno-18,2003,,19.0,Masculino,2022,Pública,,,FASE 7,7.0,7,D,FASE 8,8.0,Fase 8 (Universitários),-1,-1.0,False,-1.0,Defasado,1.0,Ametista,7.226,5.0,9.0,8.7,6.3,6.3,,6.875,9.0,9.0,,Sim,Não,Requer avaliação,Destaque: A sua boa entrega das lições de casa.,Destaque: As suas boas notas na Passos Mágicos.,Melhorar: Integrar-se mais aos Princípios Passos Mágicos.
RA-19,2022,Aluno-19,2003,,19.0,Feminino,2022,Pública,,,FASE 7,7.0,7,D,FASE 8,8.0,Fase 8 (Universitários),-1,-1.0,False,-1.0,Defasado,1.0,Ametista,7.665,5.0,8.0,9.5,7.9,7.5,,7.0,7.0,9.0,,Sim,Não,Sem limitações,Destaque: A sua boa entrega das lições de casa.,Destaque: As suas boas notas na Passos Mágicos.,Melhorar: Integrar-se mais aos Princípios Passos Mágicos.
RA-20,2022,Aluno-20,2003,,19.0,Feminino,2022,Pública,,,FASE 7,7.0,7,D,FASE 8,8.0,Fase 8 (Universitários),-1,-1.0,False,-1.0,Defasado,1.0,Ametista,7.535,5.0,7.8,10.0,7.1,6.3,,7.167,9.0,6.5,,Sim,Não,Não atendido,Destaque: A sua boa entrega das lições de casa.,Destaque: As suas boas notas na Passos Mágicos.,Melhorar: Integrar-se mais aos Princípios Passos Mágicos.
RA-21,2022,Aluno-21,2004,,18.0,Masculino,2022,Pública,,,FASE 7,7.0,7,D,FASE 8,8.0,Fase 8 (Universitários),-1,-1.0,False,-1.0,Defasado,1.0,Ágata,6.945,5.0,3.8,9.2,9.6,7.5,,7.25,7.0,0.5,,Sim,Não,Não atendido,Destaque: A sua boa entrega das lições de casa.,Melhorar: Empenhar-se mais nas aulas e avaliações.,Melhorar: Integrar-se mais aos Princípios Passos Mágicos.
RA-22,2022,Aluno-22,2005,,17.0,Feminino,2019,Rede Decisão,,,FASE 6,6.0,6,A,FASE 7,7.0,Fase 7 (3º EM),-1,-1.0,False,-1.0,Defasado,1.0,Ametista,7.474,5.0,6.7,7.4,8.3,8.1,,8.833,9.0,3.1,7.8,Não,Sim,Sem limitações,Melhorar: Melhorar a sua entrega de lições de casa.,Melhorar: Empenhar-se mais nas aulas e avaliações.,Destaque: A sua boa integração aos Princípios Passos Mágicos.
RA-23,2022,Aluno-23,2005,,17.0,Masculino,2021,Pública,,,FASE 6,6.0,6,A,FASE 7,7.0,Fase 7 (3º EM),-1,-1.0,False,-1.0,Defasado,1.0,Ametista,7.677,5.0,6.7,8.2,8.3,8.1,,8.556,7.2,4.7,8.2,Sim,Sim,Sem limitações,Destaque: A sua boa entrega das lições de casa.,Melhorar: Empenhar-se mais nas aulas e avaliações.,Destaque: A sua boa integração aos Princípios Passos Mágicos.
RA-24,2022,Aluno-24,2005,,17.0,Feminino,2021,Rede Decisão,,,FASE 6,6.0,6,A,FASE 7,7.0,Fase 7 (3º EM),-1,-1.0,False,-1.0,Defasado,1.0,Topázio,8.087,5.0,8.6,7.9,9.2,6.9,,9.111,10.0,6.3,9.7,Não,Sim,Requer avaliação,Destaque: A sua boa entrega das lições de casa.,Destaque: As suas boas notas na Passos Mágicos.,Destaque: A sua boa integração aos Princípios Passos Mágicos.
RA-25,2022,Aluno-25,2005,,17.0,Feminino,2021,Pública,,,FASE 6,6.0,6,A,FASE 7,7.0,Fase 7 (3º EM),-1,-1.0,False,-1.0,Defasado,1.0,Ametista,7.979,5.0,6.9,8.3,8.3,8.8,,9.667,9.2,3.8,7.7,Sim,Sim,Sem limitações,Destaque: A sua boa entrega das lições de casa.,Melhorar: Empenhar-se mais nas aulas e avaliações.,Destaque: A sua boa integração aos Princípios Passos Mágicos.
RA-26,2022,Aluno-26,2005,,17.0,Masculino,2022,Pública,,,FASE 6,6.0,6,A,FASE 7,7.0,Fase 7 (3º EM),-1,-1.0,False,-1.0,Defasado,1.0,Topázio,8.677,5.0,8.0,8.8,9.6,10.0,,10.0,9.5,4.4,10.0,Sim,Sim,Sem limitações,Destaque: A sua boa entrega das lições de casa.,Destaque: As suas boas notas na Passos Mágicos.,Destaque: A sua boa integração aos Princípios Passos Mágicos.
RA-27,2022,Aluno-27,2005,,17.0,Masculino,2016,Rede Decisão,,,FASE 6,6.0,6,A,FASE 7,7.0,Fase 7 (3º EM),-1,-1.0,False,-1.0,Defasado,1.0,Ametista,7.124,5.0,8.0,7.6,0.0,8.1,,9.111,7.7,6.3,10.0,Não,Sim,Sem limitações,Destaque: A sua boa entrega das lições de casa.,Destaque: As suas boas notas na Passos Mágicos.,Destaque: A sua boa integração aos Princípios Passos Mágicos.
RA-28,2022,Aluno-28,2005,,17.0,Feminino,2019,Pública,,,FASE 6,6.0,6,A,FASE 7,7.0,Fase 7 (3º EM),-1,-1.0,False,-1.0,Defasado,1.0,Ágata,6.242,5.0,5.0,6.1,7.9,7.5,,6.333,8.2,1.5,5.3,Não,Não,Requer avaliação,Melhorar: Melhorar a sua entrega de lições de casa.,Melhorar: Empenhar-se mais nas aulas e avaliações.,Melhorar: Integrar-se mais aos Princípios Passos Mágicos.
RA-29,2022,Aluno-29,2005,,17.0,Masculino,2022,Pública,,,FASE 6,6.0,6,A,FASE 7,7.0,Fase 7 (3º EM),-1,-1.0,False,-1.0,Defasado,1.0,Quartzo,4.985,5.0,3.7,4.0,0.0,8.8,,7.611,6.3,1.1,3.8,Sim,Não,Requer avaliação,Melhorar: Melhorar a sua entrega de lições de casa.,Melhorar: Empenhar-se mais nas aulas e avaliações.,Destaque: A sua boa integração aos Princípios Passos Mágicos.
RA-30,2022,Aluno-30,2006,,16.0,Feminino,2021,Pública,,,FASE 6,6.0,6,A,FASE 6,6.0,Fase 6 (2º EM),0,0.0,False,0.0,Adequado,0.0,Ametista,7.605,10.0,7.5,6.4,8.8,7.5,,7.333,8.5,4.4,9.7,Não,Não,Sem limitações,Melhorar: Melhorar a sua entrega de lições de casa.,Destaque: As suas boas notas na Passos Mágicos.,Melhorar: Integrar-se mais aos Princípios Passos Mágicos.
RA-31,2022,Aluno-31,2005,,17.0,Feminino,2019,Rede Decisão,,,FASE 6,6.0,6,A,FASE 7,7.0,Fase 7 (3º EM),-1,-1.0,False,-1.0,Defasado,1.0,Topázio,8.843,5.0,8.0,9.5,10.0,9.4,,10.0,9.0,5.7,9.3,Não,Sim,Sem limitações,Destaque: A sua boa entrega das lições de casa.,Destaque: As suas boas notas na Passos Mágicos.,Destaque: A sua boa integração aos Princípios Passos Mágicos.
RA-32,2022,Aluno-32,2006,,16.0,Feminino,2018,Rede Decisão,,,FASE 6,6.0,6,A,FASE 6,6.0,Fase 6 (2º EM),0,0.0,False,0.0,Adequado,0.0,Ametista,7.37,10.0,6.1,5.2,8.8,8.8,,7.944,5.7,3.6,8.9,Não,Não,Sem limitações,Melhorar: Melhorar a sua entrega de lições de casa.,Melhorar: Empenhar-se mais nas aulas e avaliações.,Destaque: A sua boa integração aos Princípios Passos Mágicos.
RA-33,2022,Aluno-33,2005,,17.0,Feminino,2020,Pública,,,FASE 6,6.0,6,A,FASE 7,7.0,Fase 7 (3º EM),-1,-1.0,False,-1.0,Defasado,1.0,Quartzo,4.952,5.0,4.8,4.6,0.0,7.5,,6.0,9.0,1.6,3.7,Não,Não,Sem limitações,Melhorar: Melhorar a sua entrega de lições de casa.,Melhorar: Empenhar-se mais nas aulas e avaliações.,Melhorar: Integrar-se mais aos Princípios Passos Mágicos.
RA-34,2022,Aluno-34,2005,,17.0,Masculino,2016,Rede Decisão,,,FASE 6,6.0,6,A,FASE 7,7.0,Fase 7 (3º EM),-1,-1.0,False,-1.0,Defasado,1.0,Ágata,6.259,5.0,3.8,4.8,9.6,8.1,,7.278,4.7,4.0,2.8,Não,Não,Sem limitações,Melhorar: Melhorar a sua entrega de lições de casa.,Melhorar: Empenhar-se mais nas aulas e avaliações.,Melhorar: Integrar-se mais aos Princípios Passos Mágicos.
RA-35,2022,Aluno-35,2005,,17.0,Feminino,2019,Rede Decisão,,,FASE 6,6.0,6,A,FASE 7,7.0,Fase 7 (3º EM),-1,-1.0,False,-1.0,Defasado,1.0,Topázio,8.965,5.0,8.5,9.6,10.0,9.4,,10.0,9.0,7.1,9.3,Não,Sim,Sem limitações,Destaque: A sua boa entrega das lições de casa.,Destaque: As suas boas notas na Passos Mágicos.,Destaque: A sua boa integração aos Princípios Passos Mágicos.
RA-36,2022,Aluno-36,2005,,17.0,Feminino,2019,Rede Decisão,,,FASE 6,6.0,6,A,FASE 7,7.0,Fase 7 (3º EM),-1,-1.0,False,-1.0,Defasado,1.0,Ametista,7.876,5.0,6.8,9.0,9.2,6.9,,8.944,8.5,4.3,7.8,Não,Sim,Sem limitações,Destaque: A sua boa entrega das lições de casa.,Melhorar: Empenhar-se mais nas aulas e avaliações.,Destaque: A sua boa integração aos Princípios Passos Mágicos.
RA-37,2022,Aluno-37,2005,,17.0,Feminino,2019,Rede Decisão,,,FASE 6,6.0,6,A,FASE 7,7.0,Fase 7 (3º EM),-1,-1.0,False,-1.0,Defasado,1.0,Quartzo,4.95,5.0,5.9,5.4,0.0,5.0,,5.222,2.3,5.3,10.0,Não,Não,Sem limitações,Melhorar: Melhorar a sua entrega de lições de casa.,Melhorar: Empenhar-se mais nas aulas e avaliações.,Melhorar: Integrar-se mais aos Princípios Passos Mágicos.
RA-38,2022,Aluno-38,2005,,17.0,Feminino,2017,Rede Decisão,,,FASE 6,6.0,6,A,FASE 7,7.0,Fase 7 (3º EM),-1,-1.0,False,-1.0,Defasado,1.0,Topázio,8.523,5.0,8.6,8.9,9.2,7.5,,9.833,9.0,7.0,9.7,Não,Sim,Não indicado,Destaque: A sua boa entrega das lições de casa.,Destaque: As suas boas notas na Passos Mágicos.,Destaque: A sua boa integração aos Princípios Passos Mágicos.
RA-39,2022,Aluno-39,2006,,16.0,Feminino,2017,Rede Decisão,,,FASE 6,6.0,6,A,FASE 6,6.0,Fase 6 (2º EM),0,0.0,False,0.0,Adequado,0.0,Ágata,6.033,10.0,6.9,4.8,0.0,6.9,,6.111,7.7,5.1,7.8,Não,Não,Requer avaliação,Melhorar: Melhorar a sua entrega de lições de casa.,Melhorar: Empenhar-se mais nas aulas e avaliações.,Melhorar: Integrar-se mais aos Princípios Passos Mágicos.
RA-40,2022,Aluno-40,2006,,16.0,Feminino,2016,Rede Decisão,,,FASE 5,5.0,5,A,FASE 6,6.0,Fase 6 (2º EM),-1,-1.0,False,-1.0,Defasado,1.0,Ametista,7.203,5.0,6.8,7.8,7.9,7.5,,7.75,4.7,7.3,8.4,Não,Não,Sem limitações,Destaque: A sua boa entrega das lições de casa.,Melhorar: Empenhar-se mais nas aulas e avaliações.,Destaque: A sua boa integração aos Princípios Passos Mágicos.
RA-41,2022,Aluno-41,2005,,17.0,Masculino,2018,Pública,,,FASE 5,5.0,5,A,FASE 7,7.0,Fase 7 (3º EM),-2,-2.0,False,-2.0,Defasado,1.0,Quartzo,5.581,5.0,5.6,6.1,9.2,5.0,,4.375,6.3,2.5,8.0,Não,Não,Requer avaliação,Melhorar: Melhorar a sua entrega de lições de casa.,Melhorar: Empenhar-se mais nas aulas e avaliações.,Melhorar: Integrar-se mais aos Princípios Passos Mágicos.
RA-42,2022,Aluno-42,2007,,15.0,Masculino,2019,Rede Decisão,,,FASE 5,5.0,5,A,FASE 5,5.0,Fase 5 (1º EM),0,0.0,False,0.0,Adequado,0.0,Ágata,6.72,10.0,4.8,7.9,8.3,5.6,,6.083,3.7,4.5,6.2,Não,Não,Requer avaliação,Destaque: A sua boa entrega das lições de casa.,Melhorar: Empenhar-se mais nas aulas e avaliações.,Melhorar: Integrar-se mais aos Princípios Passos Mágicos.
RA-43,2022,Aluno-43,2006,,16.0,Feminino,2019,Pública,,,FASE 5,5.0,5,A,FASE 6,6.0,Fase 6 (2º EM),-1,-1.0,False,-1.0,Defasado,1.0,Quartzo,5.486,5.0,4.3,6.5,6.3,5.6,,5.958,4.0,5.8,3.2,Não,Não,Requer avaliação,Melhorar: Melhorar a sua entrega de lições de casa.,Melhorar: Empenhar-se mais nas aulas e avaliações.,Melhorar: Integrar-se mais aos Princípios Passos Mágicos.
RA-44,2022,Aluno-44,2005,,17.0,Feminino,2021,Pública,,,FASE 5,5.0,5,A,FASE 7,7.0,Fase 7 (3º EM),-2,-2.0,False,-2.0,Defasado,1.0,Quartzo,5.542,5.0,3.0,5.9,5.0,7.5,,7.292,2.3,3.5,3.2,Sim,Não,Sem limitações,Melhorar: Melhorar a sua entrega de lições de casa.,Melhorar: Empenhar-se mais nas aulas e avaliações.,Melhorar: Integrar-se mais aos Princípios Passos Mágicos.
RA-45,2022,Aluno-45,2007,,15.0,Feminino,2019,Rede Decisão,,,FASE 5,5.0,5,A,FASE 5,5.0,Fase 5 (1º EM),0,0.0,False,0.0,Adequado,0.0,Ametista,7.591,10.0,6.8,8.9,7.9,5.6,,7.417,6.3,5.2,8.8,Não,Não,Requer avaliação,Destaque: A sua boa entrega das lições de casa.,Melhorar: Empenhar-se mais nas aulas e avaliações.,Melhorar: Integrar-se mais aos Princípios Passos Mágicos.
RA-46,2022,Aluno-46,2005,,17.0,Feminino,2022,Pública,,,FASE 5,5.0,5,A,FASE 7,7.0,Fase 7 (3º EM),-2,-2.0,False,-2.0,Defasado,1.0,Ágata,6.048,5.0,2.1,8.4,8.8,6.3,,7.083,2.8,2.8,0.7,Não,Não,Sem limitações,Destaque: A sua boa entrega das lições de casa.,Melhorar: Empenhar-se mais nas aulas e avaliações.,Melhorar: Integrar-se mais aos Princípios Passos Mágicos.
RA-47,2022,Aluno-47,2005,,17.0,Feminino,2022,Pública,,,FASE 5,5.0,5,A,FASE 7,7.0,Fase 7 (3º EM),-2,-2.0,False,-2.0,Defasado,1.0,Quartzo,5.677,5.0,2.1,6.3,7.9,7.5,,7.042,2.5,2.2,1.5,Não,Não,Sem limitações,Melhorar: Melhorar a sua entrega de lições de casa.,Melhorar: Empenhar-se mais nas aulas e avaliações.,Melhorar: Integrar-se mais aos Princípios Passos Mágicos.
RA-48,2022,Aluno-48,2007,,15.0,Feminino,2017,Rede Decisão,,,FASE 5,5.0,5,A,FASE 5,5.0,Fase 5 (1º EM),0,0.0,False,0.0,Adequado,0.0,Ametista,8.006,10.0,8.1,8.4,6.7,7.5,,8.5,6.7,8.0,9.5,Não,Sim,Sem limitações,Destaque: A sua boa entrega das lições de casa.,Destaque: As suas boas notas na Passos Mágicos.,Destaque: A sua boa integração aos Princípios Passos Mágicos.
RA-49,2022,Aluno-49,2005,,17.0,Feminino,2022,Pública,,,FASE 5,5.0,5,A,FASE 7,7.0,Fase 7 (3º EM),-2,-2.0,False,-2.0,Defasado,1.0,Ágata,6.304,5.0,3.9,7.4,7.5,7.5,,7.042,1.5,4.2,6.2,Não,Não,Sem limitações,Melhorar: Melhorar a sua entrega de lições de casa.,Melhorar: Empenhar-se mais nas aulas e avaliações.,Melhorar: Integrar-se mais aos Princípios Passos Mágicos.
RA-50,2022,Aluno-50,2004,,18.0,Feminino,2022,Pública,,,FASE 5,5.0,5,A,FASE 8,8.0,Fase 8 (Universitários),-3,-3.0,False,-3.0,Defasado,1.0,Ametista,7.138,2.5,7.8,8.4,7.5,7.5,,7.542,6.5,7.3,9.7,Não,Não,Sem limitações,Destaque: A sua boa entrega das lições de casa.,Destaque: As suas boas notas na Passos Mágicos.,Destaque: A sua boa integração aos Princípios Passos Mágicos.
RA-51,2022,Aluno-51,2005,,17.0,Feminino,2022,Pública,,,FASE 5,5.0,5,B,FASE 7,7.0,Fase 7 (3º EM),-2,-2.0,False,-2.0,Defasado,1.0,Ágata,6.488,5.0,5.0,7.6,8.8,7.5,,6.5,4.5,4.5,6.0,Não,Não,Não atendido,Destaque: A sua boa entrega das lições de casa.,Melhorar: Empenhar-se mais nas aulas e avaliações.,Melhorar: Integrar-se mais aos Princípios Passos Mágicos.
RA-52,2022,Aluno-52,2009,,13.0,Masculino,2018,Rede Decisão,,,FASE 5,5.0,5,B,FASE 3,3.0,Fase 3 (7º e 8º ano),2,2.0,False,2.0,Adiantado,0.0,Ametista,7.861,10.0,6.2,8.9,9.6,7.5,,7.5,3.3,6.3,8.8,Não,Não,Não atendido,Destaque: A sua boa entrega das lições de casa.,Melhorar: Empenhar-se mais nas aulas e avaliações.,Destaque: A sua boa integração aos Princípios Passos Mágicos.
RA-53,2022,Aluno-53,2005,,17.0,Masculino,2022,Pública,,,FASE 5,5.0,5,B,FASE 7,7.0,Fase 7 (3º EM),-2,-2.0,False,-2.0,Defasado,1.0,Ágata,6.725,5.0,7.0,7.0,9.2,7.5,,6.458,6.0,8.0,,Não,Não,Não atendido,Melhorar: Melhorar a sua entrega de lições de casa.,Melhorar: Empenhar-se mais nas aulas e avaliações.,Melhorar: Integrar-se mais aos Princípios Passos Mágicos.
RA-54,2022,Aluno-54,2006,,16.0,Feminino,2022,Pública,,,FASE 5,5.0,5,B,FASE 6,6.0,Fase 6 (2º EM),-1,-1.0,False,-1.0,Defasado,1.0,Ágata,6.058,5.0,4.8,6.9,7.9,7.5,,6.125,3.0,6.5,,Não,Não,Não atendido,Melhorar: Melhorar a sua entrega de lições de casa.,Melhorar: Empenhar-se mais nas aulas e avaliações.,Melhorar: Integrar-se mais aos Princípios Passos Mágicos.
RA-55,2022,Aluno-55,2006,,16.0,Feminino,2017,Pública,,,FASE 5,5.0,5,B,FASE 6,6.0,Fase 6 (2º EM),-1,-1.0,False,-1.0,Defasado,1.0,Ágata,6.576,5.0,7.5,7.6,7.1,5.6,,6.5,6.7,7.8,7.9,Não,Não,Requer avaliação,Destaque: A sua boa entrega das lições de casa.,Melhorar: Empenhar-se mais nas aulas e avaliações.,Melhorar: Integrar-se mais aos Princípios Passos Mágicos.
RA-56,2022,Aluno-56,2007,,15.0,Feminino,2019,Rede Decisão,,,FASE 5,5.0,5,B,FASE 5,5.0,Fase 5 (1º EM),0,0.0,False,0.0,Adequado,0.0,Topázio,8.404,10.0,7.0,10.0,10.0,7.5,,8.25,4.5,6.5,10.0,Não,Não,Sem limitações,Destaque: A sua boa entrega das lições de casa.,Melhorar: Empenhar-se mais nas aulas e avaliações.,Destaque: A sua boa integração aos Princípios Passos Mágicos.
RA-57,2022,Aluno-57,2006,,16.0,Masculino,2017,Rede Decisão,,,FASE 5,5.0,5,B,FASE 6,6.0,Fase 6 (2º EM),-1,-1.0,False,-1.0,Defasado,1.0,Ametista,7.305,5.0,8.4,8.1,7.1,5.6,,7.875,9.0,7.0,9.3,Não,Não,Requer avaliação,Destaque: A sua boa entrega das lições de casa.,Destaque: As suas boas notas na Passos Mágicos.,Destaque: A sua boa integração aos Princípios Passos Mágicos.
RA-58,2022,Aluno-58,2007,,15.0,Masculino,2017,Rede Decisão,,,FASE 5,5.0,5,B,FASE 5,5.0,Fase 5 (1º EM),0,0.0,False,0.0,Adequado,0.0,Topázio,8.136,10.0,7.2,9.2,9.6,6.3,,8.125,4.5,8.0,9.0,Não,Não,Sem limitações,Destaque: A sua boa entrega das lições de casa.,Melhorar: Empenhar-se mais nas aulas e avaliações.,Destaque: A sua boa integração aos Princípios Passos Mágicos.
RA-59,2022,Aluno-59,2005,,17.0,Masculino,2022,Pública,,,FASE 5,5.0,5,B,FASE 7,7.0,Fase 7 (3º EM),-2,-2.0,False,-2.0,Defasado,1.0,Ametista,7.642,5.0,7.2,9.3,9.2,7.5,,7.917,7.0,5.7,8.8,Não,Não,Não atendido,Destaque: A sua boa entrega das lições de casa.,Melhorar: Empenhar-se mais nas aulas e avaliações.,Destaque: A sua boa integração aos Princípios Passos Mágicos.
RA-60,2022,Aluno-60,2004,,18.0,Feminino,2021,Pública,,,FASE 5,5.0,5,B,FASE 8,8.0,Fase 8 (Universitários),-3,-3.0,False,-3.0,Defasado,1.0,Quartzo,5.537,2.5,4.9,6.0,6.7,7.5,,6.167,5.0,6.2,3.5,Não,Não,Não atendido,Melhorar: Melhorar a sua entrega de lições de casa.,Melhorar: Empenhar-se mais nas aulas e avaliações.,Melhorar: Integrar-se mais aos Princípios Passos Mágicos.
RA-61,2022,Aluno-61,2007,,15.0,Masculino,2021,Pública,,,FASE 5,5.0,5,B,FASE 5,5.0,Fase 5 (1º EM),0,0.0,False,0.0,Adequado,0.0,Ametista,7.533,10.0,5.8,7.4,9.2,7.5,,7.875,1.7,6.3,9.3,Sim,Não,Não atendido,Melhorar: Melhorar a sua entrega de lições de casa.,Melhorar: Empenhar-se mais nas aulas e avaliações.,Destaque: A sua boa integração aos Princípios Passos Mágicos.
RA-62,2022,Aluno-62,2005,,17.0,Masculino,2022,Pública,,,FASE 5,5.0,5,B,FASE 7,7.0,Fase 7 (3º EM),-2,-2.0,False,-2.0,Defasado,1.0,Ametista,7.891,5.0,9.3,9.4,8.8,7.5,,7.25,8.5,10.0,,Sim,Não,Não atendido,Destaque: A sua boa entrega das lições de casa.,Destaque: As suas boas notas na Passos Mágicos.,Melhorar: Integrar-se mais aos Princípios Passos Mágicos.
RA-63,2022,Aluno-63,2006,,16.0,Masculino,2018,Rede Decisão,,,FASE 5,5.0,5,B,FASE 6,6.0,Fase 6 (2º EM),-1,-1.0,False,-1.0,Defasado,1.0,Topázio,8.282,5.0,8.7,9.1,8.3,8.8,,9.417,8.2,8.2,9.7,Não,Sim,Sem limitações,Destaque: A sua boa entrega das lições de casa.,Destaque: As suas boas notas na Passos Mágicos.,Destaque: A sua boa integração aos Princípios Passos Mágicos.
RA-64,2022,Aluno-64,2006,,16.0,Masculino,2019,Pública,,,FASE 5,5.0,5,B,FASE 6,6.0,Fase 6 (2º EM),-1,-1.0,False,-1.0,Defasado,1.0,Ametista,7.368,5.0,7.5,8.1,7.1,8.1,,8.25,4.8,8.2,9.4,Sim,Não,Sem limitações,Destaque: A sua boa entrega das lições de casa.,Melhorar: Empenhar-se mais nas aulas e avaliações.,Destaque: A sua boa integração aos Princípios Passos Mágicos.
RA-65,2022,Aluno-65,2005,,17.0,Feminino,2022,Pública,,,FASE 5,5.0,5,B,FASE 7,7.0,Fase 7 (3º EM),-2,-2.0,False,-2.0,Defasado,1.0,Ametista,7.712,5.0,9.3,7.7,8.3,7.5,,7.875,9.0,9.5,9.5,Sim,Não,Não atendido,Destaque: A sua boa entrega das lições de casa.,Destaque: As suas boas notas na Passos Mágicos.,Destaque: A sua boa integração aos Princípios Passos Mágicos.
RA-66,2022,Aluno-66,2005,,17.0,Feminino,2022,Pública,,,FASE 5,5.0,5,B,FASE 7,7.0,Fase 7 (3º EM),-2,-2.0,False,-2.0,Defasado,1.0,Quartzo,5.665,5.0,4.5,5.6,7.5,7.5,,5.917,3.0,6.0,,Não,Não,Não atendido,Melhorar: Melhorar a sua entrega de lições de casa.,Melhorar: Empenhar-se mais nas aulas e avaliações.,Melhorar: Integrar-se mais aos Princípios Passos Mágicos.
RA-67,2022,Aluno-67,2006,,16.0,Feminino,2019,Pública,,,FASE 5,5.0,5,C,FASE 6,6.0,Fase 6 (2º EM),-1,-1.0,False,-1.0,Defasado,1.0,Quartzo,5.195,5.0,3.6,3.0,5.8,7.5,,6.889,3.0,4.2,3.5,Não,Não,Não atendido,Melhorar: Melhorar a sua entrega de lições de casa.,Melhorar: Empenhar-se mais nas aulas e avaliações.,Melhorar: Integrar-se mais aos Princípios Passos Mágicos.
RA-68,2022,Aluno-68,2006,,16.0,Masculino,2019,Pública,,,FASE 5,5.0,5,C,FASE 6,6.0,Fase 6 (2º EM),-1,-1.0,False,-1.0,Defasado,1.0,Ágata,6.438,5.0,4.0,6.0,8.3,7.5,,7.944,4.7,4.8,2.7,Sim,Não,Não atendido,Melhorar: Melhorar a sua entrega de lições de casa.,Melhorar: Empenhar-se mais nas aulas e avaliações.,Destaque: A sua boa integração aos Princípios Passos Mágicos.
RA-69,2022,Aluno-69,2006,,16.0,Masculino,2018,Pública,,,FASE 5,5.0,5,C,FASE 6,6.0,Fase 6 (2º EM),-1,-1.0,False,-1.0,Defasado,1.0,Quartzo,5.718,5.0,2.5,6.1,8.3,7.5,,6.167,4.7,2.6,0.3,Não,Não,Sem limitações,Melhorar: Melhorar a sua entrega de lições de casa.,Melhorar: Empenhar-se mais nas aulas e avaliações.,Melhorar: Integrar-se mais aos Princípios Passos Mágicos.
RA-70,2022,Aluno-70,2006,,16.0,Feminino,2017,Pública,,,FASE 5,5.0,5,C,FASE 6,6.0,Fase 6 (2º EM),-1,-1.0,False,-1.0,Defasado,1.0,Quartzo,5.712,5.0,2.9,6.6,8.8,5.0,,6.111,5.7,2.9,0.2,Não,Não,Sem limitações,Melhorar: Melhorar a sua entrega de lições de casa.,Melhorar: Empenhar-se mais nas aulas e avaliações.,Melhorar: Integrar-se mais aos Princípios Passos Mágicos.
RA-71,2022,Aluno-71,2005,,17.0,Feminino,2019,Pública,,,FASE 5,5.0,5,C,FASE 7,7.0,Fase 7 (3º EM),-2,-2.0,False,-2.0,Defasado,1.0,Quartzo,4.332,5.0,1.2,2.0,7.9,7.5,,5.833,1.3,2.2,0.0,Não,Não,Não atendido,Melhorar: Melhorar a sua entrega de lições de casa.,Melhorar: Empenhar-se mais nas aulas e avaliações.,Melhorar: Integrar-se mais aos Princípios Passos Mágicos.
RA-72,2022,Aluno-72,2005,,17.0,Feminino,2022,Pública,,,FASE 5,5.0,5,C,FASE 7,7.0,Fase 7 (3º EM),-2,-2.0,False,-2.0,Defasado,1.0,Ametista,7.64,5.0,7.8,7.5,8.3,7.5,,8.667,7.5,7.8,8.0,Sim,Sim,Não atendido,Destaque: A sua boa entrega das lições de casa.,Destaque: As suas boas notas na Passos Mágicos.,Destaque: A sua boa integração aos Princípios Passos Mágicos.
RA-73,2022,Aluno-73,2005,,17.0,Feminino,2022,Pública,,,FASE 5,5.0,5,C,FASE 7,7.0,Fase 7 (3º EM),-2,-2.0,False,-2.0,Defasado,1.0,Quartzo,5.271,5.0,3.3,3.0,7.1,7.5,,7.278,4.5,3.0,2.3,Sim,Não,Não atendido,Melhorar: Melhorar a sua entrega de lições de casa.,Melhorar: Empenhar-se mais nas aulas e avaliações.,Melhorar: Integrar-se mais aos Princípios Passos Mágicos.
RA-74,2022,Aluno-74,2006,,16.0,Masculino,2022,Pública,,,FASE 5,5.0,5,C,FASE 6,6.0,Fase 6 (2º EM),-1,-1.0,False,-1.0,Defasado,1.0,Quartzo,4.989,5.0,2.0,3.3,9.6,7.5,,5.833,6.0,0.0,0.0,Não,Não,Não atendido,Melhorar: Melhorar a sua entrega de lições de casa.,Melhorar: Empenhar-se mais nas aulas e avaliações.,Melhorar: Integrar-se mais aos Princípios Passos Mágicos.
RA-75,2022,Aluno-75,2006,,16.0,Feminino,2022,Pública,,,FASE 5,5.0,5,F,FASE 6,6.0,Fase 6 (2º EM),-1,-1.0,False,-1.0,Defasado,1.0,Quartzo,3.915,5.0,0.0,3.8,5.4,6.3,,4.625,0.0,0.0,,Não,Não,Sem limitações,Melhorar: Melhorar a sua entrega de lições de casa.,Melhorar: Empenhar-se mais nas aulas e avaliações.,Melhorar: Integrar-se mais aos Princípios Passos Mágicos.
RA-76,2022,Aluno-76,2007,,15.0,Feminino,2017,Rede Decisão,,,FASE 5,5.0,5,F,FASE 5,5.0,Fase 5 (1º EM),0,0.0,False,0.0,Adequado,0.0,Topázio,9.105,10.0,8.7,9.1,10.0,8.1,,9.292,9.3,8.3,8.4,Não,Sim,Sem limitações,Destaque: A sua boa entrega das lições de casa.,Destaque: As suas boas notas na Passos Mágicos.,Destaque: A sua boa integração aos Princípios Passos Mágicos.
RA-77,2022,Aluno-77,2006,,16.0,Masculino,2019,Pública,,,FASE 5,5.0,5,F,FASE 6,6.0,Fase 6 (2º EM),-1,-1.0,False,-1.0,Defasado,1.0,Quartzo,3.846,5.0,0.7,2.7,7.1,5.0,,4.625,0.3,1.8,0.0,Não,Não,Não indicado,Melhorar: Melhorar a sua entrega de lições de casa.,Melhorar: Empenhar-se mais nas aulas e avaliações.,Melhorar: Integrar-se mais aos Princípios Passos Mágicos.
RA-78,2022,Aluno-78,2005,,17.0,Masculino,2018,Rede Decisão,,,FASE 5,5.0,5,F,FASE 7,7.0,Fase 7 (3º EM),-2,-2.0,False,-2.0,Defasado,1.0,Ametista,7.04,5.0,7.2,6.6,8.3,5.6,,8.0,8.7,5.7,7.3,Não,Não,Requer avaliação,Melhorar: Melhorar a sua entrega de lições de casa.,Melhorar: Empenhar-se mais nas aulas e avaliações.,Destaque: A sua boa integração aos Princípios Passos Mágicos.
RA-79,2022,Aluno-79,2006,,16.0,Feminino,2018,Rede Decisão,,,FASE 5,5.0,5,F,FASE 6,6.0,Fase 6 (2º EM),-1,-1.0,False,-1.0,Defasado,1.0,Ágata,6.847,5.0,8.9,6.3,5.4,5.6,,7.292,9.5,7.7,9.5,Não,Não,Requer avaliação,Melhorar: Melhorar a sua entrega de lições de casa.,Destaque: As suas boas notas na Passos Mágicos.,Melhorar: Integrar-se mais aos Princípios Passos Mágicos.
RA-80,2022,Aluno-80,2006,,16.0,Feminino,2017,Rede Decisão,,,FASE 5,5.0,5,K,FASE 6,6.0,Fase 6 (2º EM),-1,-1.0,False,-1.0,Defasado,1.0,Ametista,7.29,5.0,7.1,8.3,9.2,5.0,,7.625,6.5,7.7,7.3,Não,Não,Requer avaliação,Destaque: A sua boa entrega das lições de casa.,Melhorar: Empenhar-se mais nas aulas e avaliações.,Destaque: A sua boa integração aos Princípios Passos Mágicos.
RA-81,2022,Aluno-81,2008,,14.0,Feminino,2017,Rede Decisão,,,FASE 5,5.0,5,K,FASE 4,4.0,Fase 4 (9º ano),1,1.0,False,1.0,Adiantado,0.0,Ametista,7.675,10.0,6.0,9.2,9.2,5.0,,7.458,5.5,5.2,7.3,Não,Não,Requer avaliação,Destaque: A sua boa entrega das lições de casa.,Melhorar: Empenhar-se mais nas aulas e avaliações.,Melhorar: Integrar-se mais aos Princípios Passos Mágicos.
RA-82,2022,Aluno-82,2005,,17.0,Feminino,2022,Pública,,,FASE 5,5.0,5,K,FASE 7,7.0,Fase 7 (3º EM),-2,-2.0,False,-2.0,Defasado,1.0,Ágata,6.596,5.0,5.5,6.8,8.8,7.5,,6.417,6.0,5.0,,Sim,Não,Não atendido,Melhorar: Melhorar a sua entrega de lições de casa.,Melhorar: Empenhar-se mais nas aulas e avaliações.,Melhorar: Integrar-se mais aos Princípios Passos Mágicos.
RA-83,2022,Aluno-83,2005,,17.0,Feminino,2022,Pública,,,FASE 5,5.0,5,K,FASE 7,7.0,Fase 7 (3º EM),-2,-2.0,False,-2.0,Defasado,1.0,Ágata,6.671,5.0,6.8,6.8,7.9,7.5,,5.958,6.0,7.5,,Sim,Não,Não atendido,Melhorar: Melhorar a sua entrega de lições de casa.,Melhorar: Empenhar-se mais nas aulas e avaliações.,Melhorar: Integrar-se mais aos Princípios Passos Mágicos.
RA-84,2022,Aluno-84,2005,,17.0,Feminino,2018,Rede Decisão,,,FASE 5,5.0,5,K,FASE 7,7.0,Fase 7 (3º EM),-2,-2.0,False,-2.0,Defasado,1.0,Ágata,6.682,5.0,5.8,8.8,7.1,5.0,,6.75,5.7,6.5,5.2,Não,Não,Requer avaliação,Destaque: A sua boa entrega das lições de casa.,Melhorar: Empenhar-se mais nas aulas e avaliações.,Melhorar: Integrar-se mais aos Princípios Passos Mágicos.
RA-85,2022,Aluno-85,2007,,15.0,Masculino,2022,Pública,,,FASE 5,5.0,5,K,FASE 5,5.0,Fase 5 (1º EM),0,0.0,False,0.0,Adequado,0.0,Ágata,6.243,10.0,4.3,7.3,6.7,5.0,,5.833,5.0,3.5,,Não,Não,Requer avaliação,Melhorar: Melhorar a sua entrega de lições de casa.,Melhorar: Empenhar-se mais nas aulas e avaliações.,Melhorar: Integrar-se mais aos Princípios Passos Mágicos.
RA-86,2022,Aluno-86,2006,,16.0,Masculino,2016,Rede Decisão,,,FASE 5,5.0,5,K,FASE 6,6.0,Fase 6 (2º EM),-1,-1.0,False,-1.0,Defasado,1.0,Ametista,7.566,5.0,6.7,9.6,7.5,5.6,,8.458,6.2,7.2,6.9,Não,Sim,Sem limitações,Destaque: A sua boa entrega das lições de casa.,Melhorar: Empenhar-se mais nas aulas e avaliações.,Destaque: A sua boa integração aos Princípios Passos Mágicos.
RA-87,2022,Aluno-87,2007,,15.0,Masculino,2021,Rede Decisão,,,FASE 5,5.0,5,K,FASE 5,5.0,Fase 5 (1º EM),0,0.0,False,0.0,Adequado,0.0,Topázio,8.712,10.0,8.8,9.6,8.3,7.5,,8.5,8.3,8.0,10.0,Não,Sim,Não atendido,Destaque: A sua boa entrega das lições de casa.,Destaque: As suas boas notas na Passos Mágicos.,Destaque: A sua boa integração aos Princípios Passos Mágicos.
RA-88,2022,Aluno-88,2005,,17.0,Masculino,2021,Pública,,,FASE 5,5.0,5,K,FASE 7,7.0,Fase 7 (3º EM),-2,-2.0,False,-2.0,Defasado,1.0,Ametista,7.498,5.0,6.5,9.2,7.1,5.6,,9.208,6.8,6.2,6.4,Sim,Sim,Sem limitações,Destaque: A sua boa entrega das lições de casa.,Melhorar: Empenhar-se mais nas aulas e avaliações.,Destaque: A sua boa integração aos Princípios Passos Mágicos.
RA-89,2022,Aluno-89,2006,,16.0,Masculino,2021,Pública,,,FASE 5,5.0,5,K,FASE 6,6.0,Fase 6 (2º EM),-1,-1.0,False,-1.0,Defasado,1.0,Ametista,7.323,5.0,5.9,7.8,9.6,7.5,,8.0,7.5,5.7,4.7,Sim,Não,Não atendido,Destaque: A sua boa entrega das lições de casa.,Melhorar: Empenhar-se mais nas aulas e avaliações.,Destaque: A sua boa integração aos Princípios Passos Mágicos.
RA-90,2022,Aluno-90,2009,,13.0,Feminino,2019,Rede Decisão,,,FASE 5,5.0,5,L,FASE 3,3.0,Fase 3 (7º e 8º ano),2,2.0,False,2.0,Adiantado,0.0,Topázio,9.442,10.0,8.5,9.7,10.0,9.4,,9.75,7.7,8.0,9.8,Não,Sim,Sem limitações,Destaque: A sua boa entrega das lições de casa.,Destaque: As suas boas notas na Passos Mágicos.,Destaque: A sua boa integração aos Princípios Passos Mágicos.
RA-91,2022,Aluno-91,2006,,16.0,Feminino,2016,Rede Decisão,,,FASE 5,5.0,5,L,FASE 6,6.0,Fase 6 (2º EM),-1,-1.0,False,-1.0,Defasado,1.0,Ágata,6.645,5.0,6.6,5.7,9.2,5.6,,7.125,5.5,5.7,8.5,Não,Não,Requer avaliação,Melhorar: Melhorar a sua entrega de lições de casa.,Melhorar: Empenhar-se mais nas aulas e avaliações.,Melhorar: Integrar-se mais aos Princípios Passos Mágicos.
RA-92,2022,Aluno-92,2006,,16.0,Feminino,2016,Rede Decisão,,,FASE 5,5.0,5,L,FASE 6,6.0,Fase 6 (2º EM),-1,-1.0,False,-1.0,Defasado,1.0,Ágata,6.957,5.0,7.4,7.1,9.2,5.0,,6.667,7.8,5.5,8.8,Não,Não,Requer avaliação,Melhorar: Melhorar a sua entrega de lições de casa.,Melhorar: Empenhar-se mais nas aulas e avaliações.,Melhorar: Integrar-se mais aos Princípios Passos Mágicos.
RA-93,2022,Aluno-93,2007,,15.0,Feminino,2016,Rede Decisão,,,FASE 5,5.0,5,L,FASE 5,5.0,Fase 5 (1º EM),0,0.0,False,0.0,Adequado,0.0,Topázio,8.941,10.0,8.5,9.7,8.3,8.1,,9.083,8.8,8.3,8.4,Não,Sim,Sem limitações,Destaque: A sua boa entrega das lições de casa.,Destaque: As suas boas notas na Passos Mágicos.,Destaque: A sua boa integração aos Princípios Passos Mágicos.
RA-94,2022,Aluno-94,2007,,15.0,Feminino,2018,Rede Decisão,,,FASE 5,5.0,5,L,FASE 5,5.0,Fase 5 (1º EM),0,0.0,False,0.0,Adequado,0.0,Topázio,8.921,10.0,7.7,9.6,8.3,8.1,,9.583,7.0,6.7,9.5,Não,Sim,Sem limitações,Destaque: A sua boa entrega das lições de casa.,Destaque: As suas boas notas na Passos Mágicos.,Destaque: A sua boa integração aos Princípios Passos Mágicos.
RA-95,2022,Aluno-95,2005,,17.0,Feminino,2022,Pública,,,FASE 5,5.0,5,L,FASE 7,7.0,Fase 7 (3º EM),-2,-2.0,False,-2.0,Defasado,1.0,Ágata,6.308,5.0,4.8,6.6,8.3,7.5,,6.292,6.0,8.0,0.5,Não,Não,Sem limitações,Melhorar: Melhorar a sua entrega de lições de casa.,Melhorar: Empenhar-se mais nas aulas e avaliações.,Melhorar: Integrar-se mais aos Princípios Passos Mágicos.
RA-96,2022,Aluno-96,2006,,16.0,Masculino,2021,Pública,,,FASE 5,5.0,5,L,FASE 6,6.0,Fase 6 (2º EM),-1,-1.0,False,-1.0,Defasado,1.0,Ametista,7.54,5.0,6.7,7.8,9.2,6.9,,8.5,5.7,6.5,8.0,Sim,Sim,Sem limitações,Destaque: A sua boa entrega das lições de casa.,Melhorar: Empenhar-se mais nas aulas e avaliações.,Destaque: A sua boa integração aos Princípios Passos Mágicos.
RA-97,2022,Aluno-97,2007,,15.0,Feminino,2017,Rede Decisão,,,FASE 5,5.0,5,L,FASE 5,5.0,Fase 5 (1º EM),0,0.0,False,0.0,Adequado,0.0,Ametista,7.468,10.0,6.9,8.8,7.5,5.0,,6.292,5.3,6.7,8.8,Não,Não,Não indicado,Destaque: A sua boa entrega das lições de casa.,Melhorar: Empenhar-se mais nas aulas e avaliações.,Melhorar: Integrar-se mais aos Princípios Passos Mágicos.
RA-98,2022,Aluno-98,2007,,15.0,Feminino,2017,Rede Decisão,,,FASE 5,5.0,5,L,FASE 5,5.0,Fase 5 (1º EM),0,0.0,False,0.0,Adequado,0.0,Topázio,9.354,10.0,8.5,10.0,8.8,9.4,,9.667,8.4,8.2,8.9,Não,Sim,Sem limitações,Destaque: A sua boa entrega das lições de casa.,Destaque: As suas boas notas na Passos Mágicos.,Destaque: A sua boa integração aos Princípios Passos Mágicos.
RA-99,2022,Aluno-99,2006,,16.0,Masculino,2019,Pública,,,FASE 5,5.0,5,L,FASE 6,6.0,Fase 6 (2º EM),-1,-1.0,False,-1.0,Defasado,1.0,Ágata,6.158,5.0,5.0,6.3,8.8,7.5,,5.833,5.7,3.4,5.8,Não,Não,Não atendido,Melhorar: Melhorar a sua entrega de lições de casa.,Melhorar: Empenhar-se mais nas aulas e avaliações.,Melhorar: Integrar-se mais aos Princípios Passos Mágicos.
RA-100,2022,Aluno-100,2009,,13.0,Feminino,2019,Rede Decisão,,,FASE 4,4.0,4,A,FASE 3,3.0,Fase 3 (7º e 8º ano),1,1.0,False,1.0,Adiantado,0.0,Ametista,7.618,10.0,7.6,7.8,8.8,5.0,,7.25,7.0,7.8,8.1,Não,Não,Não indicado,Destaque: A sua boa entrega das lições de casa.,Destaque: As suas boas notas na Passos Mágicos.,Melhorar: Integrar-se mais aos Princípios Passos Mágicos.
RA-101,2022,Aluno-101,2007,,15.0,Feminino,2021,Pública,,,FASE 4,4.0,4,A,FASE 5,5.0,Fase 5 (1º EM),-1,-1.0,False,-1.0,Defasado,1.0,Ametista,7.305,5.0,7.6,8.3,7.9,7.5,,6.833,7.2,6.5,9.2,Sim,Não,Não atendido,Destaque: A sua boa entrega das lições de casa.,Destaque: As suas boas notas na Passos Mágicos.,Melhorar: Integrar-se mais aos Princípios Passos Mágicos.
RA-102,2022,Aluno-102,2008,,14.0,Masculino,2019,Pública,,,FASE 4,4.0,4,A,FASE 4,4.0,Fase 4 (9º ano),0,0.0,False,0.0,Adequado,0.0,Ágata,6.922,10.0,5.7,7.7,6.7,6.9,,6.0,4.7,6.8,5.5,Não,Não,Requer avaliação,Destaque: A sua boa entrega das lições de casa.,Melhorar: Empenhar-se mais nas aulas e avaliações.,Melhorar: Integrar-se mais aos Princípios Passos Mágicos.
RA-103,2022,Aluno-103,2009,,13.0,Feminino,2020,Rede Decisão,,,FASE 4,4.0,4,A,FASE 3,3.0,Fase 3 (7º e 8º ano),1,1.0,False,1.0,Adiantado,0.0,Topázio,8.107,10.0,7.3,8.7,7.9,7.5,,7.708,7.3,7.3,7.3,Não,Não,Não atendido,Destaque: A sua boa entrega das lições de casa.,Melhorar: Empenhar-se mais nas aulas e avaliações.,Destaque: A sua boa integração aos Princípios Passos Mágicos.
RA-104,2022,Aluno-104,2004,,18.0,Masculino,2022,Pública,,,FASE 4,4.0,4,A,FASE 8,8.0,Fase 8 (Universitários),-4,-4.0,False,-4.0,Defasado,1.0,Ágata,6.315,2.5,3.7,8.7,7.9,7.5,,6.708,4.8,5.8,0.3,Não,Não,Não atendido,Destaque: A sua boa entrega das lições de casa.,Melhorar: Empenhar-se mais nas aulas e avaliações.,Melhorar: Integrar-se mais aos Princípios Passos Mágicos.
RA-105,2022,Aluno-105,2005,,17.0,Masculino,2016,Rede Decisão,,,FASE 4,4.0,4,A,FASE 7,7.0,Fase 7 (3º EM),-3,-3.0,False,-3.0,Defasado,1.0,Ágata,6.846,2.5,6.7,8.2,7.9,5.6,,7.417,7.2,6.2,6.8,Não,Não,Requer avaliação,Destaque: A sua boa entrega das lições de casa.,Melhorar: Empenhar-se mais nas aulas e avaliações.,Melhorar: Integrar-se mais aos Princípios Passos Mágicos.
RA-106,2022,Aluno-106,2007,,15.0,Feminino,2016,Rede Decisão,,,FASE 4,4.0,4,A,FASE 5,5.0,Fase 5 (1º EM),-1,-1.0,False,-1.0,Defasado,1.0,Ametista,7.973,5.0,7.4,8.0,9.2,9.4,,8.375,7.8,7.2,7.2,Não,Sim,Sem limitações,Destaque: A sua boa entrega das lições de casa.,Melhorar: Empenhar-se mais nas aulas e avaliações.,Destaque: A sua boa integração aos Princípios Passos Mágicos.
RA-107,2022,Aluno-107,2007,,15.0,Feminino,2018,Pública,,,FASE 4,4.0,4,A,FASE 5,5.0,Fase 5 (1º EM),-1,-1.0,False,-1.0,Defasado,1.0,Ágata,6.258,5.0,4.6,6.4,7.5,7.5,,6.5,3.3,4.3,6.0,Sim,Não,Sem limitações,Melhorar: Melhorar a sua entrega de lições de casa.,Melhorar: Empenhar-se mais nas aulas e avaliações.,Melhorar: Integrar-se mais aos Princípios Passos Mágicos.
RA-108,2022,Aluno-108,2005,,17.0,Feminino,2019,Pública,,,FASE 4,4.0,4,A,FASE 7,7.0,Fase 7 (3º EM),-3,-3.0,False,-3.0,Defasado,1.0,Quartzo,5.547,2.5,5.0,7.7,4.6,5.0,,6.125,3.0,5.8,6.2,Não,Não,Não indicado,Destaque: A sua boa entrega das lições de casa.,Melhorar: Empenhar-se mais nas aulas e avaliações.,Melhorar: Integrar-se mais aos Princípios Passos Mágicos.
RA-109,2022,Aluno-109,2006,,16.0,Masculino,2021,Rede Decisão,,,FASE 4,4.0,4,A,FASE 6,6.0,Fase 6 (2º EM),-2,-2.0,False,-2.0,Defasado,1.0,Topázio,8.512,5.0,8.4,10.0,8.8,8.8,,8.667,7.8,7.5,9.9,Não,Sim,Sem limitações,Destaque: A sua boa entrega das lições de casa.,Destaque: As suas boas notas na Passos Mágicos.,Destaque: A sua boa integração aos Princípios Passos Mágicos.
RA-110,2022,Aluno-110,2008,,14.0,Masculino,2017,Rede Decisão,,,FASE 4,4.0,4,A,FASE 4,4.0,Fase 4 (9º ano),0,0.0,False,0.0,Adequado,0.0,Topázio,8.15,10.0,6.7,9.7,9.2,5.6,,8.0,8.3,5.7,6.0,Não,Não,Requer avaliação,Destaque: A sua boa entrega das lições de casa.,Melhorar: Empenhar-se mais nas aulas e avaliações.,Destaque: A sua boa integração aos Princípios Passos Mágicos.
RA-111,2022,Aluno-111,2009,,13.0,Feminino,2020,Rede Decisão,,,FASE 4,4.0,4,A,FASE 3,3.0,Fase 3 (7º e 8º ano),1,1.0,False,1.0,Adiantado,0.0,Topázio,8.646,10.0,8.0,9.4,7.5,8.1,,8.667,6.7,7.5,9.7,Não,Sim,Sem limitações,Destaque: A sua boa entrega das lições de casa.,Destaque: As suas boas notas na Passos Mágicos.,Destaque: A sua boa integração aos Princípios Passos Mágicos.
RA-112,2022,Aluno-112,2007,,15.0,Feminino,2016,Rede Decisão,,,FASE 4,4.0,4,A,FASE 5,5.0,Fase 5 (1º EM),-1,-1.0,False,-1.0,Defasado,1.0,Ametista,7.836,5.0,8.5,7.8,7.9,6.3,,8.833,9.0,7.5,9.1,Não,Sim,Sem limitações,Destaque: A sua boa entrega das lições de casa.,Destaque: As suas boas notas na Passos Mágicos.,Destaque: A sua boa integração aos Princípios Passos Mágicos.
RA-113,2022,Aluno-113,2007,,15.0,Feminino,2017,Rede Decisão,,,FASE 4,4.0,4,A,FASE 5,5.0,Fase 5 (1º EM),-1,-1.0,False,-1.0,Defasado,1.0,Quartzo,3.032,5.0,3.7,0.0,0.0,5.0,,3.792,3.3,5.5,2.3,Não,Não,Não indicado,Melhorar: Melhorar a sua entrega de lições de casa.,Melhorar: Empenhar-se mais nas aulas e avaliações.,Melhorar: Integrar-se mais aos Princípios Passos Mágicos.
RA-114,2022,Aluno-114,2006,,16.0,Masculino,2022,Pública,,,FASE 4,4.0,4,A,FASE 6,6.0,Fase 6 (2º EM),-2,-2.0,False,-2.0,Defasado,1.0,Quartzo,5.894,5.0,5.3,6.3,7.9,7.5,,5.0,6.0,4.5,,Não,Não,Sem limitações,Melhorar: Melhorar a sua entrega de lições de casa.,Melhorar: Empenhar-se mais nas aulas e avaliações.,Melhorar: Integrar-se mais aos Princípios Passos Mágicos.
RA-115,2022,Aluno-115,2006,,16.0,Feminino,2019,Pública,,,FASE 4,4.0,4,A,FASE 6,6.0,Fase 6 (2º EM),-2,-2.0,False,-2.0,Defasado,1.0,Quartzo,5.886,5.0,3.8,6.8,8.3,6.3,,5.583,3.0,5.7,2.7,Não,Não,Requer avaliação,Melhorar: Melhorar a sua entrega de lições de casa.,Melhorar: Empenhar-se mais nas aulas e avaliações.,Melhorar: Integrar-se mais aos Princípios Passos Mágicos.
RA-116,2022,Aluno-116,2006,,16.0,Feminino,2019,Pública,,,FASE 4,4.0,4,B,FASE 6,6.0,Fase 6 (2º EM),-2,-2.0,False,-2.0,Defasado,1.0,Ágata,6.854,5.0,5.9,8.1,5.8,6.3,,7.792,5.0,7.2,5.5,Sim,Não,Sem limitações,Destaque: A sua boa entrega das lições de casa.,Melhorar: Empenhar-se mais nas aulas e avaliações.,Destaque: A sua boa integração aos Princípios Passos Mágicos.
RA-117,2022,Aluno-117,2007,,15.0,Feminino,2022,Pública,,,FASE 4,4.0,4,B,FASE 5,5.0,Fase 5 (1º EM),-1,-1.0,False,-1.0,Defasado,1.0,Ágata,6.685,5.0,6.1,6.3,7.9,6.9,,7.417,4.7,6.7,7.0,Não,Não,Requer avaliação,Melhorar: Melhorar a sua entrega de lições de casa.,Melhorar: Empenhar-se mais nas aulas e avaliações.,Melhorar: Integrar-se mais aos Princípios Passos Mágicos.
RA-118,2022,Aluno-118,2008,,14.0,Feminino,2021,Pública,,,FASE 4,4.0,4,B,FASE 4,4.0,Fase 4 (9º ano),0,0.0,False,0.0,Adequado,0.0,Quartzo,5.597,10.0,3.9,5.3,0.0,6.3,,6.958,3.7,4.7,3.5,Não,Não,Sem limitações,Melhorar: Melhorar a sua entrega de lições de casa.,Melhorar: Empenhar-se mais nas aulas e avaliações.,Melhorar: Integrar-se mais aos Princípios Passos Mágicos.
RA-119,2022,Aluno-119,2008,,14.0,Feminino,2016,Rede Decisão,,,FASE 4,4.0,4,B,FASE 4,4.0,Fase 4 (9º ano),0,0.0,False,0.0,Adequado,0.0,Ametista,7.501,10.0,5.4,8.2,8.3,5.6,,7.875,5.7,7.0,3.4,Não,Não,Requer avaliação,Destaque: A sua boa entrega das lições de casa.,Melhorar: Empenhar-se mais nas aulas e avaliações.,Destaque: A sua boa integração aos Princípios Passos Mágicos.
RA-120,2022,Aluno-120,2007,,15.0,Masculino,2019,Pública,,,FASE 4,4.0,4,B,FASE 5,5.0,Fase 5 (1º EM),-1,-1.0,False,-1.0,Defasado,1.0,Ágata,6.825,5.0,6.2,5.9,8.3,7.5,,7.667,3.7,5.2,9.7,Sim,Não,Não atendido,Melhorar: Melhorar a sua entrega de lições de casa.,Melhorar: Empenhar-se mais nas aulas e avaliações.,Destaque: A sua boa integração aos Princípios Passos Mágicos.
RA-121,2022,Aluno-121,2006,,16.0,Feminino,2021,Pública,,,FASE 4,4.0,4,B,FASE 6,6.0,Fase 6 (2º EM),-2,-2.0,False,-2.0,Defasado,1.0,Ametista,7.245,5.0,7.2,8.4,7.1,6.3,,7.625,5.7,6.8,9.0,Sim,Não,Sem limitações,Destaque: A sua boa entrega das lições de casa.,Melhorar: Empenhar-se mais nas aulas e avaliações.,Destaque: A sua boa integração aos Princípios Passos Mágicos.
RA-122,2022,Aluno-122,2008,,14.0,Feminino,2019,Pública,,,FASE 4,4.0,4,B,FASE 4,4.0,Fase 4 (9º ano),0,0.0,False,0.0,Adequado,0.0,Quartzo,5.061,10.0,1.8,3.4,7.9,7.5,,4.958,1.7,3.7,0.0,Não,Não,Não atendido,Melhorar: Melhorar a sua entrega de lições de casa.,Melhorar: Empenhar-se mais nas aulas e avaliações.,Melhorar: Integrar-se mais aos Princípios Passos Mágicos.
RA-123,2022,Aluno-123,2006,,16.0,Masculino,2017,Rede Decisão,,,FASE 4,4.0,4,B,FASE 6,6.0,Fase 6 (2º EM),-2,-2.0,False,-2.0,Defasado,1.0,Ametista,7.084,5.0,6.5,8.6,7.9,5.6,,7.292,7.3,6.3,5.9,Não,Não,Requer avaliação,Destaque: A sua boa entrega das lições de casa.,Melhorar: Empenhar-se mais nas aulas e avaliações.,Melhorar: Integrar-se mais aos Princípios Passos Mágicos.
RA-124,2022,Aluno-124,2008,,14.0,Masculino,2016,Rede Decisão,,,FASE 4,4.0,4,B,FASE 4,4.0,Fase 4 (9º ano),0,0.0,False,0.0,Adequado,0.0,Ametista,7.388,10.0,6.7,7.8,7.9,5.0,,7.167,5.7,7.0,7.5,Não,Não,Requer avaliação,Destaque: A sua boa entrega das lições de casa.,Melhorar: Empenhar-se mais nas aulas e avaliações.,Melhorar: Integrar-se mais aos Princípios Passos Mágicos.
RA-125,2022,Aluno-125,2007,,15.0,Feminino,2022,Pública,,,FASE 4,4.0,4,B,FASE 5,5.0,Fase 5 (1º EM),-1,-1.0,False,-1.0,Defasado,1.0,Ametista,7.619,5.0,7.1,8.5,8.8,7.5,,7.75,5.0,7.2,9.2,Sim,Não,Não atendido,Destaque: A sua boa entrega das lições de casa.,Melhorar: Empenhar-se mais nas aulas e avaliações.,Destaque: A sua boa integração aos Princípios Passos Mágicos.
RA-126,2022,Aluno-126,2007,,15.0,Masculino,2018,Pública,,,FASE 4,4.0,4,B,FASE 5,5.0,Fase 5 (1º EM),-1,-1.0,False,-1.0,Defasado,1.0,Ágata,6.289,5.0,4.4,5.8,7.1,7.5,,7.417,4.0,5.0,4.2,Sim,Não,Não atendido,Melhorar: Melhorar a sua entrega de lições de casa.,Melhorar: Empenhar-se mais nas aulas e avaliações.,Melhorar: Integrar-se mais aos Princípios Passos Mágicos.
RA-127,2022,Aluno-127,2008,,14.0,Feminino,2022,Pública,,,FASE 4,4.0,4,B,FASE 4,4.0,Fase 4 (9º ano),0,0.0,False,0.0,Adequado,0.0,Topázio,8.283,10.0,7.9,8.7,7.5,7.5,,8.125,7.7,7.7,8.3,Sim,Não,Não atendido,Destaque: A sua boa entrega das lições de casa.,Destaque: As suas boas notas na Passos Mágicos.,Destaque: A sua boa integração aos Princípios Passos Mágicos.
RA-128,2022,Aluno-128,2007,,15.0,Masculino,2019,Pública,,,FASE 4,4.0,4,B,FASE 5,5.0,Fase 5 (1º EM),-1,-1.0,False,-1.0,Defasado,1.0,Quartzo,5.563,5.0,5.6,6.2,0.0,7.5,,6.167,6.7,6.8,3.2,Sim,Não,Não atendido,Melhorar: Melhorar a sua entrega de lições de casa.,Melhorar: Empenhar-se mais nas aulas e avaliações.,Melhorar: Integrar-se mais aos Princípios Passos Mágicos.
RA-129,2022,Aluno-129,2007,,15.0,Masculino,2019,Pública,,,FASE 4,4.0,4,B,FASE 5,5.0,Fase 5 (1º EM),-1,-1.0,False,-1.0,Defasado,1.0,Ágata,6.926,5.0,6.7,6.4,6.7,7.5,,7.792,6.0,5.3,8.7,Sim,Não,Não atendido,Melhorar: Melhorar a sua entrega de lições de casa.,Melhorar: Empenhar-se mais nas aulas e avaliações.,Destaque: A sua boa integração aos Princípios Passos Mágicos.
RA-130,2022,Aluno-130,2006,,16.0,Feminino,2018,Pública,,,FASE 4,4.0,4,F,FASE 6,6.0,Fase 6 (2º EM),-2,-2.0,False,-2.0,Defasado,1.0,Quartzo,5.624,5.0,4.1,4.7,8.3,5.0,,6.5,3.7,5.2,3.5,Não,Não,Requer avaliação,Melhorar: Melhorar a sua entrega de lições de casa.,Melhorar: Empenhar-se mais nas aulas e avaliações.,Melhorar: Integrar-se mais aos Princípios Passos Mágicos.
RA-131,2022,Aluno-131,2007,,15.0,Feminino,2016,Pública,,,FASE 4,4.0,4,F,FASE 5,5.0,Fase 5 (1º EM),-1,-1.0,False,-1.0,Defasado,1.0,Ametista,7.174,5.0,5.6,9.0,8.8,5.6,,7.75,6.0,6.5,4.2,Sim,Não,Sem limitações,Destaque: A sua boa entrega das lições de casa.,Melhorar: Empenhar-se mais nas aulas e avaliações.,Destaque: A sua boa integração aos Princípios Passos Mágicos.
RA-132,2022,Aluno-132,2008,,14.0,Feminino,2019,Rede Decisão,,,FASE 4,4.0,4,F,FASE 4,4.0,Fase 4 (9º ano),0,0.0,False,0.0,Adequado,0.0,Topázio,8.355,10.0,7.7,8.8,10.0,5.6,,8.458,6.5,7.5,9.1,Não,Sim,Sem limitações,Destaque: A sua boa entrega das lições de casa.,Destaque: As suas boas notas na Passos Mágicos.,Destaque: A sua boa integração aos Princípios Passos Mágicos.
RA-133,2022,Aluno-133,2007,,15.0,Feminino,2016,Pública,,,FASE 4,4.0,4,F,FASE 5,5.0,Fase 5 (1º EM),-1,-1.0,False,-1.0,Defasado,1.0,Ágata,6.875,5.0,5.6,7.1,7.9,7.5,,7.625,4.7,7.2,5.0,Não,Não,Não atendido,Melhorar: Melhorar a sua entrega de lições de casa.,Melhorar: Empenhar-se mais nas aulas e avaliações.,Destaque: A sua boa integração aos Princípios Passos Mágicos.
RA-134,2022,Aluno-134,2007,,15.0,Feminino,2021,Pública,,,FASE 4,4.0,4,F,FASE 5,5.0,Fase 5 (1º EM),-1,-1.0,False,-1.0,Defasado,1.0,Ágata,6.607,5.0,4.7,6.8,8.8,7.5,,7.375,4.7,6.8,2.5,Sim,Não,Não atendido,Melhorar: Melhorar a sua entrega de lições de casa.,Melhorar: Empenhar-se mais nas aulas e avaliações.,Melhorar: Integrar-se mais aos Princípios Passos Mágicos.
RA-135,2022,Aluno-135,2007,,15.0,Feminino,2019,Pública,,,FASE 4,4.0,4,F,FASE 5,5.0,Fase 5 (1º EM),-1,-1.0,False,-1.0,Defasado,1.0,Ametista,7.692,5.0,8.6,7.8,8.3,5.6,,8.583,8.0,8.2,9.5,Sim,Sim,Sem limitações,Destaque: A sua boa entrega das lições de casa.,Destaque: As suas boas notas na Passos Mágicos.,Destaque: A sua boa integração aos Princípios Passos Mágicos.
RA-136,2022,Aluno-136,2007,,15.0,Masculino,2019,Pública,,,FASE 4,4.0,4,F,FASE 5,5.0,Fase 5 (1º EM),-1,-1.0,False,-1.0,Defasado,1.0,Ágata,6.478,5.0,4.6,6.3,10.0,7.5,,6.667,5.3,5.7,2.8,Não,Não,Não atendido,Melhorar: Melhorar a sua entrega de lições de casa.,Melhorar: Empenhar-se mais nas aulas e avaliações.,Melhorar: Integrar-se mais aos Princípios Passos Mágicos.
RA-137,2022,Aluno-137,2005,,17.0,Feminino,2016,Rede Decisão,,,FASE 4,4.0,4,F,FASE 7,7.0,Fase 7 (3º EM),-3,-3.0,False,-3.0,Defasado,1.0,Ametista,7.056,2.5,7.3,8.9,7.5,5.0,,7.792,6.0,7.3,8.5,Não,Não,Requer avaliação,Destaque: A sua boa entrega das lições de casa.,Melhorar: Empenhar-se mais nas aulas e avaliações.,Destaque: A sua boa integração aos Princípios Passos Mágicos.
RA-138,2022,Aluno-138,2007,,15.0,Masculino,2016,Pública,,,FASE 4,4.0,4,F,FASE 5,5.0,Fase 5 (1º EM),-1,-1.0,False,-1.0,Defasado,1.0,Ágata,6.738,5.0,5.6,8.0,9.6,5.6,,6.375,5.0,6.5,5.2,Sim,Não,Requer avaliação,Destaque: A sua boa entrega das lições de casa.,Melhorar: Empenhar-se mais nas aulas e avaliações.,Melhorar: Integrar-se mais aos Princípios Passos Mágicos.
RA-139,2022,Aluno-139,2005,,17.0,Masculino,2019,Pública,,,FASE 4,4.0,4,F,FASE 7,7.0,Fase 7 (3º EM),-3,-3.0,False,-3.0,Defasado,1.0,Quartzo,3.738,2.5,1.4,3.5,7.1,5.0,,3.917,1.7,2.7,0.0,Não,Não,Requer avaliação,Melhorar: Melhorar a sua entrega de lições de casa.,Melhorar: Empenhar-se mais nas aulas e avaliações.,Melhorar: Integrar-se mais aos Princípios Passos Mágicos.
RA-140,2022,Aluno-140,2008,,14.0,Feminino,2021,Pública,,,FASE 4,4.0,4,F,FASE 4,4.0,Fase 4 (9º ano),0,0.0,False,0.0,Adequado,0.0,Ametista,7.407,10.0,5.7,7.6,7.9,6.9,,7.667,5.0,6.5,5.6,Sim,Não,Não atendido,Destaque: A sua boa entrega das lições de casa.,Melhorar: Empenhar-se mais nas aulas e avaliações.,Destaque: A sua boa integração aos Princípios Passos Mágicos.
RA-141,2022,Aluno-141,2008,,14.0,Masculino,2017,Pública,,,FASE 4,4.0,4,F,FASE 4,4.0,Fase 4 (9º ano),0,0.0,False,0.0,Adequado,0.0,Ametista,7.118,10.0,5.7,8.2,9.2,5.6,,5.917,5.8,6.2,5.0,Não,Não,Requer avaliação,Destaque: A sua boa entrega das lições de casa.,Melhorar: Empenhar-se mais nas aulas e avaliações.,Melhorar: Integrar-se mais aos Princípios Passos Mágicos.
RA-142,2022,Aluno-142,2008,,14.0,Feminino,2021,Pública,,,FASE 4,4.0,4,F,FASE 4,4.0,Fase 4 (9º ano),0,0.0,False,0.0,Adequado,0.0,Ametista,7.457,10.0,6.3,8.6,6.7,5.6,,7.583,6.0,6.8,6.0,Não,Não,Requer avaliação,Destaque: A sua boa entrega das lições de casa.,Melhorar: Empenhar-se mais nas aulas e avaliações.,Destaque: A sua boa integração aos Princípios Passos Mágicos.
RA-143,2022,Aluno-143,2009,,13.0,Masculino,2019,Rede Decisão,,,FASE 4,4.0,4,F,FASE 3,3.0,Fase 3 (7º e 8º ano),1,1.0,False,1.0,Adiantado,0.0,Topázio,8.638,10.0,7.9,9.9,8.3,5.6,,9.5,9.7,7.7,6.4,Não,Sim,Sem limitações,Destaque: A sua boa entrega das lições de casa.,Destaque: As suas boas notas na Passos Mágicos.,Destaque: A sua boa integração aos Princípios Passos Mágicos.
RA-144,2022,Aluno-144,2008,,14.0,Feminino,2017,Rede Decisão,,,FASE 4,4.0,4,F,FASE 4,4.0,Fase 4 (9º ano),0,0.0,False,0.0,Adequado,0.0,Topázio,8.181,10.0,7.9,9.3,7.5,5.0,,8.292,7.5,7.2,9.0,Não,Não,Requer avaliação,Destaque: A sua boa entrega das lições de casa.,Destaque: As suas boas notas na Passos Mágicos.,Destaque: A sua boa integração aos Princípios Passos Mágicos.
RA-145,2022,Aluno-145,2006,,16.0,Masculino,2017,Pública,,,FASE 4,4.0,4,H,FASE 6,6.0,Fase 6 (2º EM),-2,-2.0,False,-2.0,Defasado,1.0,Quartzo,5.846,5.0,5.2,6.3,0.0,8.1,,7.25,3.0,4.8,7.8,Sim,Não,Sem limitações,Melhorar: Melhorar a sua entrega de lições de casa.,Melhorar: Empenhar-se mais nas aulas e avaliações.,Melhorar: Integrar-se mais aos Princípios Passos Mágicos.
RA-146,2022,Aluno-146,2007,,15.0,Feminino,2022,Pública,,,FASE 4,4.0,4,H,FASE 5,5.0,Fase 5 (1º EM),-1,-1.0,False,-1.0,Defasado,1.0,Ametista,7.947,5.0,7.9,9.2,8.3,7.5,,8.208,6.3,7.3,10.0,Sim,Não,Não atendido,Destaque: A sua boa entrega das lições de casa.,Destaque: As suas boas notas na Passos Mágicos.,Destaque: A sua boa integração aos Princípios Passos Mágicos.
RA-147,2022,Aluno-147,2008,,14.0,Feminino,2022,Pública,,,FASE 4,4.0,4,H,FASE 4,4.0,Fase 4 (9º ano),0,0.0,False,0.0,Adequado,0.0,Ametista,7.541,10.0,6.1,7.7,8.3,7.5,,7.25,5.8,4.8,7.7,Não,Não,Não atendido,Destaque: A sua boa entrega das lições de casa.,Melhorar: Empenhar-se mais nas aulas e avaliações.,Melhorar: Integrar-se mais aos Princípios Passos Mágicos.
RA-148,2022,Aluno-148,2008,,14.0,Masculino,2022,Pública,,,FASE 4,4.0,4,H,FASE 4,4.0,Fase 4 (9º ano),0,0.0,False,0.0,Adequado,0.0,Ametista,7.894,10.0,5.3,7.9,9.2,10.0,,7.708,4.7,6.3,5.0,Sim,Não,Sem limitações,Destaque: A sua boa entrega das lições de casa.,Melhorar: Empenhar-se mais nas aulas e avaliações.,Destaque: A sua boa integração aos Princípios Passos Mágicos.
RA-149,2022,Aluno-149,2007,,15.0,Feminino,2022,Pública,,,FASE 4,4.0,4,H,FASE 5,5.0,Fase 5 (1º EM),-1,-1.0,False,-1.0,Defasado,1.0,Ágata,6.323,5.0,5.0,6.5,9.2,7.5,,6.125,4.0,6.0,,Não,Não,Não atendido,Melhorar: Melhorar a sua entrega de lições de casa.,Melhorar: Empenhar-se mais nas aulas e avaliações.,Melhorar: Integrar-se mais aos Princípios Passos Mágicos.
RA-150,2022,Aluno-150,2006,,16.0,Feminino,2020,Pública,,,FASE 4,4.0,4,H,FASE 6,6.0,Fase 6 (2º EM),-2,-2.0,False,-2.0,Defasado,1.0,Ágata,6.962,5.0,6.9,6.3,9.6,6.9,,7.333,5.3,6.7,8.6,Sim,Não,Sem limitações,Melhorar: Melhorar a sua entrega de lições de casa.,Melhorar: Empenhar-se mais nas aulas e avaliações.,Melhorar: Integrar-se mais aos Princípios Passos Mágicos.
RA-151,2022,Aluno-151,2006,,16.0,Feminino,2020,Pública,,,FASE 4,4.0,4,H,FASE 6,6.0,Fase 6 (2º EM),-2,-2.0,False,-2.0,Defasado,1.0,Ametista,7.563,5.0,8.3,7.5,8.8,6.9,,7.958,7.3,8.0,9.5,Sim,Não,Sem limitações,Destaque: A sua boa entrega das lições de casa.,Destaque: As suas boas notas na Passos Mágicos.,Destaque: A sua boa integração aos Princípios Passos Mágicos.
RA-152,2022,Aluno-152,2006,,16.0,Feminino,2022,Pública,,,FASE 4,4.0,4,L,FASE 6,6.0,Fase 6 (2º EM),-2,-2.0,False,-2.0,Defasado,1.0,Ágata,6.712,5.0,6.5,7.0,8.3,7.5,,6.292,4.0,7.0,8.5,Não,Não,Não atendido,Melhorar: Melhorar a sua entrega de lições de casa.,Melhorar: Empenhar-se mais nas aulas e avaliações.,Melhorar: Integrar-se mais aos Princípios Passos Mágicos.
RA-153,2022,Aluno-153,2008,,14.0,Feminino,2018,Rede Decisão,,,FASE 4,4.0,4,L,FASE 4,4.0,Fase 4 (9º ano),0,0.0,False,0.0,Adequado,0.0,Ametista,7.535,10.0,6.6,8.2,7.9,5.0,,7.708,3.3,7.7,8.8,Não,Não,Requer avaliação,Destaque: A sua boa entrega das lições de casa.,Melhorar: Empenhar-se mais nas aulas e avaliações.,Destaque: A sua boa integração aos Princípios Passos Mágicos.
RA-154,2022,Aluno-154,2007,,15.0,Masculino,2017,Pública,,,FASE 4,4.0,4,L,FASE 5,5.0,Fase 5 (1º EM),-1,-1.0,False,-1.0,Defasado,1.0,Ágata,6.073,5.0,4.0,6.1,8.3,6.3,,6.833,3.7,6.2,2.1,Sim,Não,Sem limitações,Melhorar: Melhorar a sua entrega de lições de casa.,Melhorar: Empenhar-se mais nas aulas e avaliações.,Melhorar: Integrar-se mais aos Princípios Passos Mágicos.
RA-155,2022,Aluno-155,2006,,16.0,Masculino,2022,Pública,,,FASE 4,4.0,4,L,FASE 6,6.0,Fase 6 (2º EM),-2,-2.0,False,-2.0,Defasado,1.0,Ametista,7.051,5.0,5.2,8.3,10.0,7.5,,6.833,4.3,6.8,4.3,Sim,Não,Não atendido,Destaque: A sua boa entrega das lições de casa.,Melhorar: Empenhar-se mais nas aulas e avaliações.,Melhorar: Integrar-se mais aos Princípios Passos Mágicos.
RA-156,2022,Aluno-156,2007,,15.0,Masculino,2018,Pública,,,FASE 4,4.0,4,L,FASE 5,5.0,Fase 5 (1º EM),-1,-1.0,False,-1.0,Defasado,1.0,Ametista,7.357,5.0,4.4,8.3,10.0,9.4,,7.792,4.7,6.5,2.1,Sim,Não,Sem limitações,Destaque: A sua boa entrega das lições de casa.,Melhorar: Empenhar-se mais nas aulas e avaliações.,Destaque: A sua boa integração aos Princípios Passos Mágicos.
RA-157,2022,Aluno-157,2010,,12.0,Feminino,2018,Rede Decisão,,,FASE 4,4.0,4,L,FASE 3,3.0,Fase 3 (7º e 8º ano),1,1.0,False,1.0,Adiantado,0.0,Topázio,8.317,10.0,7.7,10.0,7.5,6.3,,8.292,7.0,7.5,8.7,Não,Não,Requer avaliação,Destaque: A sua boa entrega das lições de casa.,Destaque: As suas boas notas na Passos Mágicos.,Destaque: A sua boa integração aos Princípios Passos Mágicos.
RA-158,2022,Aluno-158,2005,,17.0,Feminino,2017,Rede Decisão,,,FASE 4,4.0,4,L,FASE 7,7.0,Fase 7 (3º EM),-3,-3.0,False,-3.0,Defasado,1.0,Ametista,7.302,2.5,6.6,9.8,7.9,5.6,,8.125,5.0,6.7,8.1,Não,Não,Requer avaliação,Destaque: A sua boa entrega das lições de casa.,Melhorar: Empenhar-se mais nas aulas e avaliações.,Destaque: A sua boa integração aos Princípios Passos Mágicos.
RA-159,2022,Aluno-159,2007,,15.0,Feminino,2021,Pública,,,FASE 4,4.0,4,L,FASE 5,5.0,Fase 5 (1º EM),-1,-1.0,False,-1.0,Defasado,1.0,Ágata,6.49,5.0,4.7,8.1,8.3,5.6,,6.458,4.3,5.8,3.9,Não,Não,Requer avaliação,Destaque: A sua boa entrega das lições de casa.,Melhorar: Empenhar-se mais nas aulas e avaliações.,Melhorar: Integrar-se mais aos Princípios Passos Mágicos.
RA-160,2022,Aluno-160,2007,,15.0,Feminino,2021,Pública,,,FASE 4,4.0,4,L,FASE 5,5.0,Fase 5 (1º EM),-1,-1.0,False,-1.0,Defasado,1.0,Ágata,6.746,5.0,5.3,7.2,7.5,5.6,,8.25,2.7,6.0,7.1,Sim,Não,Requer avaliação,Melhorar: Melhorar a sua entrega de lições de casa.,Melhorar: Empenhar-se mais nas aulas e avaliações.,Destaque: A sua boa integração aos Princípios Passos Mágicos.
RA-161,2022,Aluno-161,2011,,11.0,Feminino,2018,Rede Decisão,,,FASE 4,4.0,4,L,FASE 2,2.0,Fase 2 (5º e 6º ano),2,2.0,False,2.0,Adiantado,0.0,Ametista,7.957,10.0,6.9,9.1,7.9,5.6,,8.083,5.3,6.8,8.5,Não,Não,Requer avaliação,Destaque: A sua boa entrega das lições de casa.,Melhorar: Empenhar-se mais nas aulas e avaliações.,Destaque: A sua boa integração aos Princípios Passos Mágicos.
RA-162,2022,Aluno-162,2008,,14.0,Feminino,2021,Pública,,,FASE 4,4.0,4,L,FASE 4,4.0,Fase 4 (9º ano),0,0.0,False,0.0,Adequado,0.0,Ametista,7.215,10.0,5.5,8.5,6.7,7.5,,6.542,4.7,5.5,6.4,Não,Não,Requer avaliação,Destaque: A sua boa entrega das lições de casa.,Melhorar: Empenhar-se mais nas aulas e avaliações.,Melhorar: Integrar-se mais aos Princípios Passos Mágicos.
RA-163,2022,Aluno-163,2007,,15.0,Feminino,2021,Pública,,,FASE 4,4.0,4,L,FASE 5,5.0,Fase 5 (1º EM),-1,-1.0,False,-1.0,Defasado,1.0,Ágata,6.797,5.0,6.7,7.9,8.8,5.6,,6.5,6.5,6.3,7.4,Não,Não,Requer avaliação,Destaque: A sua boa entrega das lições de casa.,Melhorar: Empenhar-se mais nas aulas e avaliações.,Melhorar: Integrar-se mais aos Princípios Passos Mágicos.
RA-164,2022,Aluno-164,2006,,16.0,Masculino,2018,Pública,,,FASE 4,4.0,4,L,FASE 6,6.0,Fase 6 (2º EM),-2,-2.0,False,-2.0,Defasado,1.0,Ágata,6.776,5.0,6.5,7.3,8.3,5.6,,7.208,4.7,6.5,8.3,Sim,Não,Requer avaliação,Melhorar: Melhorar a sua entrega de lições de casa.,Melhorar: Empenhar-se mais nas aulas e avaliações.,Melhorar: Integrar-se mais aos Princípios Passos Mágicos.
RA-165,2022,Aluno-165,2008,,14.0,Feminino,2017,Rede Decisão,,,FASE 4,4.0,4,L,FASE 4,4.0,Fase 4 (9º ano),0,0.0,False,0.0,Adequado,0.0,Topázio,8.063,10.0,7.6,9.8,7.1,5.6,,7.5,5.3,7.8,9.7,Não,Não,Sem limitações,Destaque: A sua boa entrega das lições de casa.,Destaque: As suas boas notas na Passos Mágicos.,Destaque: A sua boa integração aos Princípios Passos Mágicos.
RA-166,2022,Aluno-166,2008,,14.0,Masculino,2020,Pública,,,FASE 4,4.0,4,L,FASE 4,4.0,Fase 4 (9º ano),0,0.0,False,0.0,Adequado,0.0,Topázio,8.253,10.0,8.1,9.0,9.2,6.3,,7.542,7.0,7.2,10.0,Sim,Não,Sem limitações,Destaque: A sua boa entrega das lições de casa.,Destaque: As suas boas notas na Passos Mágicos.,Destaque: A sua boa integração aos Princípios Passos Mágicos.
RA-167,2022,Aluno-167,2006,,16.0,Feminino,2018,Rede Decisão,,,FASE 4,4.0,4,P,FASE 6,6.0,Fase 6 (2º EM),-2,-2.0,False,-2.0,Defasado,1.0,Ametista,7.798,5.0,7.9,9.7,9.2,5.6,,7.833,9.3,8.0,6.3,Não,Não,Requer avaliação,Destaque: A sua boa entrega das lições de casa.,Destaque: As suas boas notas na Passos Mágicos.,Destaque: A sua boa integração aos Princípios Passos Mágicos.
RA-168,2022,Aluno-168,2007,,15.0,Feminino,2018,Rede Decisão,,,FASE 4,4.0,4,P,FASE 5,5.0,Fase 5 (1º EM),-1,-1.0,False,-1.0,Defasado,1.0,Ágata,6.917,5.0,5.9,8.3,7.9,6.3,,7.083,4.7,8.2,5.0,Não,Não,Sem limitações,Destaque: A sua boa entrega das lições de casa.,Melhorar: Empenhar-se mais nas aulas e avaliações.,Melhorar: Integrar-se mais aos Princípios Passos Mágicos.
RA-169,2022,Aluno-169,2007,,15.0,Feminino,2018,Pública,,,FASE 4,4.0,4,P,FASE 5,5.0,Fase 5 (1º EM),-1,-1.0,False,-1.0,Defasado,1.0,Quartzo,5.159,5.0,3.2,5.1,7.5,6.3,,4.792,1.3,4.5,3.8,Não,Não,Sem limitações,Melhorar: Melhorar a sua entrega de lições de casa.,Melhorar: Empenhar-se mais nas aulas e avaliações.,Melhorar: Integrar-se mais aos Princípios Passos Mágicos.
RA-170,2022,Aluno-170,2008,,14.0,Feminino,2018,Rede Decisão,,,FASE 4,4.0,4,P,FASE 4,4.0,Fase 4 (9º ano),0,0.0,False,0.0,Adequado,0.0,Ágata,7.007,10.0,4.9,9.2,8.3,5.6,,5.792,3.7,6.7,4.3,Não,Não,Requer avaliação,Destaque: A sua boa entrega das lições de casa.,Melhorar: Empenhar-se mais nas aulas e avaliações.,Melhorar: Integrar-se mais aos Princípios Passos Mágicos.
RA-171,2022,Aluno-171,2006,,16.0,Masculino,2022,Pública,,,FASE 4,4.0,4,P,FASE 6,6.0,Fase 6 (2º EM),-2,-2.0,False,-2.0,Defasado,1.0,Ágata,6.581,5.0,5.5,6.8,7.5,7.5,,6.875,3.0,8.0,,Não,Não,Sem limitações,Melhorar: Melhorar a sua entrega de lições de casa.,Melhorar: Empenhar-se mais nas aulas e avaliações.,Melhorar: Integrar-se mais aos Princípios Passos Mágicos.
RA-172,2022,Aluno-172,2008,,14.0,Feminino,2018,Rede Decisão,,,FASE 4,4.0,4,P,FASE 4,4.0,Fase 4 (9º ano),0,0.0,False,0.0,Adequado,0.0,Topázio,8.673,10.0,7.3,8.9,9.2,9.4,,8.917,6.0,7.7,8.1,Não,Sim,Sem limitações,Destaque: A sua boa entrega das lições de casa.,Melhorar: Empenhar-se mais nas aulas e avaliações.,Destaque: A sua boa integração aos Princípios Passos Mágicos.
RA-173,2022,Aluno-173,2005,,17.0,Masculino,2019,Rede Decisão,,,FASE 4,4.0,4,P,FASE 7,7.0,Fase 7 (3º EM),-3,-3.0,False,-3.0,Defasado,1.0,Ametista,7.816,2.5,7.9,9.2,8.3,6.9,,9.25,9.0,7.5,7.1,Não,Sim,Requer avaliação,Destaque: A sua boa entrega das lições de casa.,Destaque: As suas boas notas na Passos Mágicos.,Destaque: A sua boa integração aos Princípios Passos Mágicos.
RA-174,2022,Aluno-174,2007,,15.0,Feminino,2019,Pública,,,FASE 4,4.0,4,P,FASE 5,5.0,Fase 5 (1º EM),-1,-1.0,False,-1.0,Defasado,1.0,Ágata,6.075,5.0,4.4,6.2,7.9,7.5,,6.042,4.0,5.3,3.8,Não,Não,Sem limitações,Melhorar: Melhorar a sua entrega de lições de casa.,Melhorar: Empenhar-se mais nas aulas e avaliações.,Melhorar: Integrar-se mais aos Princípios Passos Mágicos.
RA-175,2022,Aluno-175,2007,,15.0,Feminino,2018,Rede Decisão,,,FASE 4,4.0,4,P,FASE 5,5.0,Fase 5 (1º EM),-1,-1.0,False,-1.0,Defasado,1.0,Ágata,6.75,5.0,5.9,9.2,8.3,5.6,,5.833,4.7,7.2,5.9,Não,Não,Requer avaliação,Destaque: A sua boa entrega das lições de casa.,Melhorar: Empenhar-se mais nas aulas e avaliações.,Melhorar: Integrar-se mais aos Princípios Passos Mágicos.
RA-176,2022,Aluno-176,2009,,13.0,Feminino,2018,Rede Decisão,,,FASE 3,3.0,3,A,FASE 3,3.0,Fase 3 (7º e 8º ano),0,0.0,False,0.0,Adequado,0.0,Topázio,8.427,10.0,6.9,9.1,9.6,5.6,,9.083,5.1,6.8,8.7,Não,Sim,Requer avaliação,Destaque: A sua boa entrega das lições de casa.,Melhorar: Empenhar-se mais nas aulas e avaliações.,Destaque: A sua boa integração aos Princípios Passos Mágicos.
RA-177,2022,Aluno-177,2009,,13.0,Feminino,2022,Pública,,,FASE 3,3.0,3,A,FASE 3,3.0,Fase 3 (7º e 8º ano),0,0.0,False,0.0,Adequado,0.0,Ametista,7.424,10.0,6.8,8.8,7.9,4.4,,6.958,6.0,7.5,,Não,Não,Requer avaliação,Destaque: A sua boa entrega das lições de casa.,Melhorar: Empenhar-se mais nas aulas e avaliações.,Melhorar: Integrar-se mais aos Princípios Passos Mágicos.
RA-178,2022,Aluno-178,2009,,13.0,Feminino,2016,Rede Decisão,,,FASE 3,3.0,3,A,FASE 3,3.0,Fase 3 (7º e 8º ano),0,0.0,False,0.0,Adequado,0.0,Ágata,7.025,10.0,6.3,8.8,0.0,4.4,,8.458,6.2,5.3,7.3,Não,Sim,Requer avaliação,Destaque: A sua boa entrega das lições de casa.,Melhorar: Empenhar-se mais nas aulas e avaliações.,Destaque: A sua boa integração aos Princípios Passos Mágicos.
RA-179,2022,Aluno-179,2010,,12.0,Masculino,2022,Pública,,,FASE 3,3.0,3,A,FASE 3,3.0,Fase 3 (7º e 8º ano),0,0.0,False,0.0,Adequado,0.0,Ametista,7.993,10.0,6.1,9.2,7.5,7.5,,8.042,3.7,6.7,8.0,Sim,Não,Sem limitações,Destaque: A sua boa entrega das lições de casa.,Melhorar: Empenhar-se mais nas aulas e avaliações.,Destaque: A sua boa integração aos Princípios Passos Mágicos.
RA-180,2022,Aluno-180,2010,,12.0,Masculino,2018,Rede Decisão,,,FASE 3,3.0,3,A,FASE 3,3.0,Fase 3 (7º e 8º ano),0,0.0,False,0.0,Adequado,0.0,Topázio,8.442,10.0,8.1,8.3,9.2,6.3,,8.625,7.7,8.3,8.3,Não,Sim,Requer avaliação,Destaque: A sua boa entrega das lições de casa.,Destaque: As suas boas notas na Passos Mágicos.,Destaque: A sua boa integração aos Princípios Passos Mágicos.
RA-181,2022,Aluno-181,2009,,13.0,Feminino,2019,Rede Decisão,,,FASE 3,3.0,3,A,FASE 3,3.0,Fase 3 (7º e 8º ano),0,0.0,False,0.0,Adequado,0.0,Topázio,8.623,10.0,6.8,9.5,9.2,8.8,,8.458,6.8,7.3,6.2,Não,Sim,Não atendido,Destaque: A sua boa entrega das lições de casa.,Melhorar: Empenhar-se mais nas aulas e avaliações.,Destaque: A sua boa integração aos Princípios Passos Mágicos.
RA-182,2022,Aluno-182,2006,,16.0,Feminino,2021,Pública,,,FASE 3,3.0,3,A,FASE 6,6.0,Fase 6 (2º EM),-3,-3.0,False,-3.0,Defasado,1.0,Ágata,6.328,2.5,4.1,8.0,7.5,7.5,,6.958,1.3,5.7,5.4,Não,Não,Não atendido,Destaque: A sua boa entrega das lições de casa.,Melhorar: Empenhar-se mais nas aulas e avaliações.,Melhorar: Integrar-se mais aos Princípios Passos Mágicos.
RA-183,2022,Aluno-183,2009,,13.0,Feminino,2022,Pública,,,FASE 3,3.0,3,A,FASE 3,3.0,Fase 3 (7º e 8º ano),0,0.0,False,0.0,Adequado,0.0,Ametista,7.3,10.0,3.8,8.8,8.3,7.5,,7.25,0.0,7.5,,Não,Não,Não atendido,Destaque: A sua boa entrega das lições de casa.,Melhorar: Empenhar-se mais nas aulas e avaliações.,Melhorar: Integrar-se mais aos Princípios Passos Mágicos.
RA-184,2022,Aluno-184,2006,,16.0,Masculino,2019,Pública,,,FASE 3,3.0,3,A,FASE 6,6.0,Fase 6 (2º EM),-3,-3.0,False,-3.0,Defasado,1.0,Ametista,7.28,2.5,7.2,7.7,8.8,7.5,,8.0,5.0,7.3,9.3,Sim,Não,Não atendido,Destaque: A sua boa entrega das lições de casa.,Melhorar: Empenhar-se mais nas aulas e avaliações.,Destaque: A sua boa integração aos Princípios Passos Mágicos.
RA-185,2022,Aluno-185,2007,,15.0,Masculino,2021,Pública,,,FASE 3,3.0,3,A,FASE 5,5.0,Fase 5 (1º EM),-2,-2.0,False,-2.0,Defasado,1.0,Ágata,6.615,5.0,4.5,7.7,7.9,7.5,,6.875,3.3,5.7,4.5,Não,Não,Não atendido,Destaque: A sua boa entrega das lições de casa.,Melhorar: Empenhar-se mais nas aulas e avaliações.,Melhorar: Integrar-se mais aos Princípios Passos Mágicos.
RA-186,2022,Aluno-186,2009,,13.0,Feminino,2019,Pública,,,FASE 3,3.0,3,A,FASE 3,3.0,Fase 3 (7º e 8º ano),0,0.0,False,0.0,Adequado,0.0,Ametista,7.832,10.0,6.6,8.5,8.3,7.5,,7.5,6.0,5.7,8.0,Sim,Não,Não atendido,Destaque: A sua boa entrega das lições de casa.,Melhorar: Empenhar-se mais nas aulas e avaliações.,Melhorar: Integrar-se mais aos Princípios Passos Mágicos.
RA-187,2022,Aluno-187,2010,,12.0,Feminino,2019,Rede Decisão,,,FASE 3,3.0,3,A,FASE 3,3.0,Fase 3 (7º e 8º ano),0,0.0,False,0.0,Adequado,0.0,Ametista,7.928,10.0,5.8,8.9,8.8,7.5,,7.917,5.3,7.2,4.8,Não,Não,Não atendido,Destaque: A sua boa entrega das lições de casa.,Melhorar: Empenhar-se mais nas aulas e avaliações.,Destaque: A sua boa integração aos Princípios Passos Mágicos.
RA-188,2022,Aluno-188,2008,,14.0,Masculino,2021,Pública,,,FASE 3,3.0,3,A,FASE 4,4.0,Fase 4 (9º ano),-1,-1.0,False,-1.0,Defasado,1.0,Quartzo,5.307,5.0,2.7,6.1,0.0,7.5,,7.583,3.0,3.2,2.0,Sim,Não,Não atendido,Melhorar: Melhorar a sua entrega de lições de casa.,Melhorar: Empenhar-se mais nas aulas e avaliações.,Destaque: A sua boa integração aos Princípios Passos Mágicos.
RA-189,2022,Aluno-189,2008,,14.0,Masculino,2018,Rede Decisão,,,FASE 3,3.0,3,A,FASE 4,4.0,Fase 4 (9º ano),-1,-1.0,False,-1.0,Defasado,1.0,Ametista,7.629,5.0,7.2,9.7,10.0,5.0,,7.333,6.3,7.2,8.0,Não,Não,Requer avaliação,Destaque: A sua boa entrega das lições de casa.,Melhorar: Empenhar-se mais nas aulas e avaliações.,Melhorar: Integrar-se mais aos Princípios Passos Mágicos.
RA-190,2022,Aluno-190,2009,,13.0,Feminino,2022,Pública,,,FASE 3,3.0,3,A,FASE 3,3.0,Fase 3 (7º e 8º ano),0,0.0,False,0.0,Adequado,0.0,Ametista,7.335,10.0,6.3,6.9,6.7,8.8,,7.25,5.0,7.5,,Não,Não,Não atendido,Melhorar: Melhorar a sua entrega de lições de casa.,Melhorar: Empenhar-se mais nas aulas e avaliações.,Melhorar: Integrar-se mais aos Princípios Passos Mágicos.
RA-191,2022,Aluno-191,2009,,13.0,Masculino,2019,Rede Decisão,,,FASE 3,3.0,3,A,FASE 3,3.0,Fase 3 (7º e 8º ano),0,0.0,False,0.0,Adequado,0.0,Topázio,8.74,10.0,7.2,9.4,10.0,8.8,,8.5,8.0,7.2,6.3,Não,Sim,Não atendido,Destaque: A sua boa entrega das lições de casa.,Melhorar: Empenhar-se mais nas aulas e avaliações.,Destaque: A sua boa integração aos Princípios Passos Mágicos.
RA-192,2022,Aluno-192,2007,,15.0,Masculino,2021,Pública,,,FASE 3,3.0,3,B,FASE 5,5.0,Fase 5 (1º EM),-2,-2.0,False,-2.0,Defasado,1.0,Quartzo,4.932,5.0,2.7,3.6,8.8,7.5,,4.708,1.7,4.7,1.7,Não,Não,Não atendido,Melhorar: Melhorar a sua entrega de lições de casa.,Melhorar: Empenhar-se mais nas aulas e avaliações.,Melhorar: Integrar-se mais aos Princípios Passos Mágicos.
RA-193,2022,Aluno-193,2010,,12.0,Masculino,2016,Rede Decisão,,,FASE 3,3.0,3,B,FASE 3,3.0,Fase 3 (7º e 8º ano),0,0.0,False,0.0,Adequado,0.0,Topázio,8.155,10.0,6.7,8.9,9.2,5.6,,8.5,5.0,6.3,8.7,Não,Sim,Sem limitações,Destaque: A sua boa entrega das lições de casa.,Melhorar: Empenhar-se mais nas aulas e avaliações.,Destaque: A sua boa integração aos Princípios Passos Mágicos.
RA-194,2022,Aluno-194,2008,,14.0,Feminino,2022,Pública,,,FASE 3,3.0,3,B,FASE 4,4.0,Fase 4 (9º ano),-1,-1.0,False,-1.0,Defasado,1.0,Quartzo,4.265,5.0,3.2,6.2,0.0,5.0,,3.75,3.7,5.8,0.0,Não,Não,Requer avaliação,Melhorar: Melhorar a sua entrega de lições de casa.,Melhorar: Empenhar-se mais nas aulas e avaliações.,Melhorar: Integrar-se mais aos Princípios Passos Mágicos.
RA-195,2022,Aluno-195,2009,,13.0,Feminino,2017,Rede Decisão,,,FASE 3,3.0,3,B,FASE 3,3.0,Fase 3 (7º e 8º ano),0,0.0,False,0.0,Adequado,0.0,Ametista,8.017,10.0,6.3,9.2,8.8,5.0,,8.25,6.8,6.3,5.8,Não,Não,Requer avaliação,Destaque: A sua boa entrega das lições de casa.,Melhorar: Empenhar-se mais nas aulas e avaliações.,Destaque: A sua boa integração aos Princípios Passos Mágicos.
RA-196,2022,Aluno-196,2010,,12.0,Masculino,2018,Rede Decisão,,,FASE 3,3.0,3,B,FASE 3,3.0,Fase 3 (7º e 8º ano),0,0.0,False,0.0,Adequado,0.0,Topázio,8.124,10.0,5.1,9.1,9.2,7.5,,8.625,4.0,6.0,5.3,Não,Sim,Não atendido,Destaque: A sua boa entrega das lições de casa.,Melhorar: Empenhar-se mais nas aulas e avaliações.,Destaque: A sua boa integração aos Princípios Passos Mágicos.
RA-197,2022,Aluno-197,2009,,13.0,Feminino,2021,Rede Decisão,,,FASE 3,3.0,3,B,FASE 3,3.0,Fase 3 (7º e 8º ano),0,0.0,False,0.0,Adequado,0.0,Topázio,8.218,10.0,7.3,9.7,8.8,4.4,,8.292,6.0,7.5,8.3,Não,Não,Requer avaliação,Destaque: A sua boa entrega das lições de casa.,Melhorar: Empenhar-se mais nas aulas e avaliações.,Destaque: A sua boa integração aos Princípios Passos Mágicos.
RA-198,2022,Aluno-198,2009,,13.0,Masculino,2017,Pública,,,FASE 3,3.0,3,B,FASE 3,3.0,Fase 3 (7º e 8º ano),0,0.0,False,0.0,Adequado,0.0,Quartzo,5.554,10.0,4.6,6.2,0.0,5.0,,5.958,5.2,5.8,2.8,Não,Não,Requer avaliação,Melhorar: Melhorar a sua entrega de lições de casa.,Melhorar: Empenhar-se mais nas aulas e avaliações.,Melhorar: Integrar-se mais aos Princípios Passos Mágicos.
RA-199,2022,Aluno-199,2009,,13.0,Masculino,2022,Pública,,,FASE 3,3.0,3,B,FASE 3,3.0,Fase 3 (7º e 8º ano),0,0.0,False,0.0,Adequado,0.0,Ametista,7.564,10.0,7.5,7.1,8.3,7.5,,6.458,5.7,7.8,9.0,Não,Não,Não atendido,Melhorar: Melhorar a sua entrega de lições de casa.,Destaque: As suas boas notas na Passos Mágicos.,Melhorar: Integrar-se mais aos Princípios Passos Mágicos.
RA-200,2022,Aluno-200,2007,,15.0,Masculino,2018,Escola JP II,,,FASE 3,3.0,3,B,FASE 5,5.0,Fase 5 (1º EM),-2,-2.0,False,-2.0,Defasado,1.0,Quartzo,5.705,5.0,5.5,5.6,7.9,4.4,,4.917,4.7,5.0,6.8,Não,Não,Requer avaliação,Melhorar: Melhorar a sua entrega de lições de casa.,Melhorar: Empenhar-se mais nas aulas e avaliações.,Melhorar: Integrar-se mais aos Princípios Passos Mágicos.
RA-201,2022,Aluno-201,2007,,15.0,Feminino,2021,Pública,,,FASE 3,3.0,3,B,FASE 5,5.0,Fase 5 (1º EM),-2,-2.0,False,-2.0,Defasado,1.0,Ametista,7.078,5.0,6.5,7.3,7.9,7.5,,7.542,6.0,7.2,6.3,Não,Não,Não atendido,Melhorar: Melhorar a sua entrega de lições de casa.,Melhorar: Empenhar-se mais nas aulas e avaliações.,Destaque: A sua boa integração aos Princípios Passos Mágicos.
RA-202,2022,Aluno-202,2008,,14.0,Feminino,2017,Pública,,,FASE 3,3.0,3,B,FASE 4,4.0,Fase 4 (9º ano),-1,-1.0,False,-1.0,Defasado,1.0,Quartzo,5.201,5.0,5.4,5.2,0.0,4.4,,6.917,6.3,5.8,4.2,Sim,Não,Requer avaliação,Melhorar: Melhorar a sua entrega de lições de casa.,Melhorar: Empenhar-se mais nas aulas e avaliações.,Melhorar: Integrar-se mais aos Princípios Passos Mágicos.
RA-203,2022,Aluno-203,2008,,14.0,Feminino,2021,Pública,,,FASE 3,3.0,3,B,FASE 4,4.0,Fase 4 (9º ano),-1,-1.0,False,-1.0,Defasado,1.0,Quartzo,5.669,5.0,2.8,4.3,8.8,7.5,,6.875,2.3,3.5,2.5,Não,Não,Não atendido,Melhorar: Melhorar a sua entrega de lições de casa.,Melhorar: Empenhar-se mais nas aulas e avaliações.,Melhorar: Integrar-se mais aos Princípios Passos Mágicos.
RA-204,2022,Aluno-204,2009,,13.0,Feminino,2019,Pública,,,FASE 3,3.0,3,B,FASE 3,3.0,Fase 3 (7º e 8º ano),0,0.0,False,0.0,Adequado,0.0,Ágata,6.943,10.0,7.4,6.7,7.9,4.4,,5.708,5.3,8.5,8.5,Não,Não,Requer avaliação,Melhorar: Melhorar a sua entrega de lições de casa.,Melhorar: Empenhar-se mais nas aulas e avaliações.,Melhorar: Integrar-se mais aos Princípios Passos Mágicos.
RA-205,2022,Aluno-205,2008,,14.0,Masculino,2020,Pública,,,FASE 3,3.0,3,B,FASE 4,4.0,Fase 4 (9º ano),-1,-1.0,False,-1.0,Defasado,1.0,Quartzo,5.372,5.0,4.1,3.8,9.6,7.5,,4.833,5.7,1.7,5.0,Não,Não,Não atendido,Melhorar: Melhorar a sua entrega de lições de casa.,Melhorar: Empenhar-se mais nas aulas e avaliações.,Melhorar: Integrar-se mais aos Princípios Passos Mágicos.
RA-206,2022,Aluno-206,2010,,12.0,Feminino,2022,Pública,,,FASE 3,3.0,3,B,FASE 3,3.0,Fase 3 (7º e 8º ano),0,0.0,False,0.0,Adequado,0.0,Ametista,7.101,10.0,5.0,8.8,8.3,7.5,,5.167,4.0,6.0,,Não,Não,Não atendido,Destaque: A sua boa entrega das lições de casa.,Melhorar: Empenhar-se mais nas aulas e avaliações.,Melhorar: Integrar-se mais aos Princípios Passos Mágicos.
RA-207,2022,Aluno-207,2006,,16.0,Masculino,2021,Pública,,,FASE 3,3.0,3,C,FASE 6,6.0,Fase 6 (2º EM),-3,-3.0,False,-3.0,Defasado,1.0,Quartzo,4.936,2.5,5.8,4.8,0.0,7.5,,5.708,5.3,4.0,8.0,Não,Não,Não atendido,Melhorar: Melhorar a sua entrega de lições de casa.,Melhorar: Empenhar-se mais nas aulas e avaliações.,Melhorar: Integrar-se mais aos Princípios Passos Mágicos.
RA-208,2022,Aluno-208,2008,,14.0,Masculino,2018,Pública,,,FASE 3,3.0,3,C,FASE 4,4.0,Fase 4 (9º ano),-1,-1.0,False,-1.0,Defasado,1.0,Ágata,6.667,5.0,6.1,7.1,7.5,7.5,,6.417,5.0,7.5,5.8,Não,Não,Não atendido,Melhorar: Melhorar a sua entrega de lições de casa.,Melhorar: Empenhar-se mais nas aulas e avaliações.,Melhorar: Integrar-se mais aos Princípios Passos Mágicos.
RA-209,2022,Aluno-209,2008,,14.0,Masculino,2019,Pública,,,FASE 3,3.0,3,C,FASE 4,4.0,Fase 4 (9º ano),-1,-1.0,False,-1.0,Defasado,1.0,Quartzo,4.499,5.0,6.0,4.8,0.0,5.6,,3.75,5.0,5.2,7.8,Não,Não,Requer avaliação,Melhorar: Melhorar a sua entrega de lições de casa.,Melhorar: Empenhar-se mais nas aulas e avaliações.,Melhorar: Integrar-se mais aos Princípios Passos Mágicos.
RA-210,2022,Aluno-210,2008,,14.0,Masculino,2022,Pública,,,FASE 3,3.0,3,C,FASE 4,4.0,Fase 4 (9º ano),-1,-1.0,False,-1.0,Defasado,1.0,Quartzo,4.44,5.0,3.4,5.1,0.0,7.5,,4.417,2.7,5.3,2.3,Não,Não,Não atendido,Melhorar: Melhorar a sua entrega de lições de casa.,Melhorar: Empenhar-se mais nas aulas e avaliações.,Melhorar: Integrar-se mais aos Princípios Passos Mágicos.
RA-211,2022,Aluno-211,2009,,13.0,Masculino,2021,Pública,,,FASE 3,3.0,3,C,FASE 3,3.0,Fase 3 (7º e 8º ano),0,0.0,False,0.0,Adequado,0.0,Topázio,8.465,10.0,7.6,8.8,9.2,7.5,,8.458,6.7,7.5,8.5,Sim,Sim,Não atendido,Destaque: A sua boa entrega das lições de casa.,Destaque: As suas boas notas na Passos Mágicos.,Destaque: A sua boa integração aos Princípios Passos Mágicos.
RA-212,2022,Aluno-212,2008,,14.0,Masculino,2022,Pública,,,FASE 3,3.0,3,C,FASE 4,4.0,Fase 4 (9º ano),-1,-1.0,False,-1.0,Defasado,1.0,Ametista,7.268,5.0,6.2,8.4,9.6,7.5,,6.958,4.8,5.8,7.8,Não,Não,Não atendido,Destaque: A sua boa entrega das lições de casa.,Melhorar: Empenhar-se mais nas aulas e avaliações.,Melhorar: Integrar-se mais aos Princípios Passos Mágicos.
RA-213,2022,Aluno-213,2009,,13.0,Masculino,2022,Pública,,,FASE 3,3.0,3,C,FASE 3,3.0,Fase 3 (7º e 8º ano),0,0.0,False,0.0,Adequado,0.0,Ametista,7.209,10.0,3.5,8.7,9.6,7.5,,6.833,5.0,2.0,,Não,Não,Não atendido,Destaque: A sua boa entrega das lições de casa.,Melhorar: Empenhar-se mais nas aulas e avaliações.,Melhorar: Integrar-se mais aos Princípios Passos Mágicos.
RA-214,2022,Aluno-214,2007,,15.0,Masculino,2022,Pública,,,FASE 3,3.0,3,C,FASE 5,5.0,Fase 5 (1º EM),-2,-2.0,False,-2.0,Defasado,1.0,Quartzo,4.87,5.0,4.3,6.1,0.0,7.5,,5.125,5.0,3.5,,Não,Não,Não atendido,Melhorar: Melhorar a sua entrega de lições de casa.,Melhorar: Empenhar-se mais nas aulas e avaliações.,Melhorar: Integrar-se mais aos Princípios Passos Mágicos.
RA-215,2022,Aluno-215,2009,,13.0,Feminino,2021,Pública,,,FASE 3,3.0,3,D,FASE 3,3.0,Fase 3 (7º e 8º ano),0,0.0,False,0.0,Adequado,0.0,Ametista,7.172,10.0,7.8,5.8,6.7,7.5,,6.542,5.7,7.7,10.0,Não,Não,Não atendido,Melhorar: Melhorar a sua entrega de lições de casa.,Destaque: As suas boas notas na Passos Mágicos.,Melhorar: Integrar-se mais aos Princípios Passos Mágicos.
RA-216,2022,Aluno-216,2009,,13.0,Feminino,2018,Pública,,,FASE 3,3.0,3,D,FASE 3,3.0,Fase 3 (7º e 8º ano),0,0.0,False,0.0,Adequado,0.0,Ametista,7.502,10.0,7.0,8.5,7.9,7.5,,5.583,5.3,6.5,9.2,Não,Não,Não atendido,Destaque: A sua boa entrega das lições de casa.,Melhorar: Empenhar-se mais nas aulas e avaliações.,Melhorar: Integrar-se mais aos Princípios Passos Mágicos.
RA-217,2022,Aluno-217,2007,,15.0,Feminino,2021,Pública,,,FASE 3,3.0,3,D,FASE 5,5.0,Fase 5 (1º EM),-2,-2.0,False,-2.0,Defasado,1.0,Ametista,7.397,5.0,7.1,8.5,7.9,7.5,,7.292,6.3,7.2,7.7,Sim,Não,Não atendido,Destaque: A sua boa entrega das lições de casa.,Melhorar: Empenhar-se mais nas aulas e avaliações.,Melhorar: Integrar-se mais aos Princípios Passos Mágicos.
RA-218,2022,Aluno-218,2008,,14.0,Feminino,2022,Pública,,,FASE 3,3.0,3,D,FASE 4,4.0,Fase 4 (9º ano),-1,-1.0,False,-1.0,Defasado,1.0,Ágata,6.1,5.0,4.0,7.3,6.3,7.5,,6.125,5.0,7.0,0.0,Não,Não,Não atendido,Melhorar: Melhorar a sua entrega de lições de casa.,Melhorar: Empenhar-se mais nas aulas e avaliações.,Melhorar: Integrar-se mais aos Princípios Passos Mágicos.
RA-219,2022,Aluno-219,2006,,16.0,Masculino,2019,Pública,,,FASE 3,3.0,3,D,FASE 6,6.0,Fase 6 (2º EM),-3,-3.0,False,-3.0,Defasado,1.0,Quartzo,5.942,2.5,3.5,6.9,8.8,7.5,,6.375,4.0,4.8,1.7,Não,Não,Não atendido,Melhorar: Melhorar a sua entrega de lições de casa.,Melhorar: Empenhar-se mais nas aulas e avaliações.,Melhorar: Integrar-se mais aos Princípios Passos Mágicos.
RA-220,2022,Aluno-220,2009,,13.0,Feminino,2022,Pública,,,FASE 3,3.0,3,D,FASE 3,3.0,Fase 3 (7º e 8º ano),0,0.0,False,0.0,Adequado,0.0,Ágata,7.028,10.0,6.5,8.1,0.0,7.5,,7.833,6.8,6.8,5.8,Sim,Não,Não atendido,Destaque: A sua boa entrega das lições de casa.,Melhorar: Empenhar-se mais nas aulas e avaliações.,Destaque: A sua boa integração aos Princípios Passos Mágicos.
RA-221,2022,Aluno-221,2008,,14.0,Masculino,2022,Pública,,,FASE 3,3.0,3,D,FASE 4,4.0,Fase 4 (9º ano),-1,-1.0,False,-1.0,Defasado,1.0,Ágata,6.892,5.0,5.2,8.5,9.6,7.5,,6.0,7.0,3.5,5.0,Não,Não,Não atendido,Destaque: A sua boa entrega das lições de casa.,Melhorar: Empenhar-se mais nas aulas e avaliações.,Melhorar: Integrar-se mais aos Princípios Passos Mágicos.
RA-222,2022,Aluno-222,2007,,15.0,Feminino,2019,Pública,,,FASE 3,3.0,3,D,FASE 5,5.0,Fase 5 (1º EM),-2,-2.0,False,-2.0,Defasado,1.0,Quartzo,5.604,5.0,6.2,4.6,7.1,7.5,,4.917,5.0,7.5,6.0,Não,Não,Não atendido,Melhorar: Melhorar a sua entrega de lições de casa.,Melhorar: Empenhar-se mais nas aulas e avaliações.,Melhorar: Integrar-se mais aos Princípios Passos Mágicos.
RA-223,2022,Aluno-223,2009,,13.0,Feminino,2022,Pública,,,FASE 3,3.0,3,E,FASE 3,3.0,Fase 3 (7º e 8º ano),0,0.0,False,0.0,Adequado,0.0,Quartzo,4.966,10.0,3.1,4.6,0.0,7.5,,5.583,4.3,4.7,0.2,Não,Não,Não atendido,Melhorar: Melhorar a sua entrega de lições de casa.,Melhorar: Empenhar-se mais nas aulas e avaliações.,Melhorar: Integrar-se mais aos Princípios Passos Mágicos.
RA-224,2022,Aluno-224,2009,,13.0,Masculino,2021,Pública,,,FASE 3,3.0,3,E,FASE 3,3.0,Fase 3 (7º e 8º ano),0,0.0,False,0.0,Adequado,0.0,Quartzo,5.671,10.0,2.6,4.3,9.6,7.5,,4.875,5.0,2.7,0.0,Não,Não,Não atendido,Melhorar: Melhorar a sua entrega de lições de casa.,Melhorar: Empenhar-se mais nas aulas e avaliações.,Melhorar: Integrar-se mais aos Princípios Passos Mágicos.
RA-225,2022,Aluno-225,2008,,14.0,Masculino,2022,Pública,,,FASE 3,3.0,3,E,FASE 4,4.0,Fase 4 (9º ano),-1,-1.0,False,-1.0,Defasado,1.0,Quartzo,5.918,5.0,5.0,5.3,8.3,7.5,,5.708,3.0,7.0,,Não,Não,Não atendido,Melhorar: Melhorar a sua entrega de lições de casa.,Melhorar: Empenhar-se mais nas aulas e avaliações.,Melhorar: Integrar-se mais aos Princípios Passos Mágicos.
RA-226,2022,Aluno-226,2008,,14.0,Feminino,2022,Pública,,,FASE 3,3.0,3,E,FASE 4,4.0,Fase 4 (9º ano),-1,-1.0,False,-1.0,Defasado,1.0,Ágata,6.549,5.0,6.8,6.1,7.5,7.5,,6.208,7.0,6.5,,Não,Não,Não atendido,Melhorar: Melhorar a sua entrega de lições de casa.,Melhorar: Empenhar-se mais nas aulas e avaliações.,Melhorar: Integrar-se mais aos Princípios Passos Mágicos.
RA-227,2022,Aluno-227,2010,,12.0,Masculino,2022,Pública,,,FASE 3,3.0,3,E,FASE 3,3.0,Fase 3 (7º e 8º ano),0,0.0,False,0.0,Adequado,0.0,Ágata,6.471,10.0,3.3,6.4,9.2,7.5,,5.833,4.7,4.3,1.0,Não,Não,Não atendido,Melhorar: Melhorar a sua entrega de lições de casa.,Melhorar: Empenhar-se mais nas aulas e avaliações.,Melhorar: Integrar-se mais aos Princípios Passos Mágicos.
RA-228,2022,Aluno-228,2007,,15.0,Feminino,2017,Pública,,,FASE 3,3.0,3,E,FASE 5,5.0,Fase 5 (1º EM),-2,-2.0,False,-2.0,Defasado,1.0,Ágata,6.196,5.0,4.8,6.7,7.5,7.5,,6.417,3.0,6.0,5.3,Não,Não,Não atendido,Melhorar: Melhorar a sua entrega de lições de casa.,Melhorar: Empenhar-se mais nas aulas e avaliações.,Melhorar: Integrar-se mais aos Princípios Passos Mágicos.
RA-229,2022,Aluno-229,2010,,12.0,Masculino,2022,Pública,,,FASE 3,3.0,3,E,FASE 3,3.0,Fase 3 (7º e 8º ano),0,0.0,False,0.0,Adequado,0.0,Topázio,8.62,10.0,6.9,9.4,10.0,7.5,,8.5,7.0,6.7,7.2,Sim,Sim,Não atendido,Destaque: A sua boa entrega das lições de casa.,Melhorar: Empenhar-se mais nas aulas e avaliações.,Destaque: A sua boa integração aos Princípios Passos Mágicos.
RA-230,2022,Aluno-230,2008,,14.0,Masculino,2022,Pública,,,FASE 3,3.0,3,E,FASE 4,4.0,Fase 4 (9º ano),-1,-1.0,False,-1.0,Defasado,1.0,Ágata,6.328,5.0,5.7,5.1,7.9,7.5,,6.75,3.7,4.3,9.0,Sim,Não,Não atendido,Melhorar: Melhorar a sua entrega de lições de casa.,Melhorar: Empenhar-se mais nas aulas e avaliações.,Melhorar: Integrar-se mais aos Princípios Passos Mágicos.
RA-231,2022,Aluno-231,2008,,14.0,Masculino,2022,Pública,,,FASE 3,3.0,3,E,FASE 4,4.0,Fase 4 (9º ano),-1,-1.0,False,-1.0,Defasado,1.0,Ágata,6.116,5.0,3.8,7.4,8.8,7.5,,5.333,3.0,4.5,,Não,Não,Não atendido,Melhorar: Melhorar a sua entrega de lições de casa.,Melhorar: Empenhar-se mais nas aulas e avaliações.,Melhorar: Integrar-se mais aos Princípios Passos Mágicos.
RA-232,2022,Aluno-232,2010,,12.0,Masculino,2022,Pública,,,FASE 3,3.0,3,E,FASE 3,3.0,Fase 3 (7º e 8º ano),0,0.0,False,0.0,Adequado,0.0,Quartzo,4.245,10.0,0.0,4.9,0.0,7.5,,4.542,0.0,0.0,,Não,Não,Não atendido,Melhorar: Melhorar a sua entrega de lições de casa.,Melhorar: Empenhar-se mais nas aulas e avaliações.,Melhorar: Integrar-se mais aos Princípios Passos Mágicos.
RA-233,2022,Aluno-233,2008,,14.0,Masculino,2022,Pública,,,FASE 3,3.0,3,E,FASE 4,4.0,Fase 4 (9º ano),-1,-1.0,False,-1.0,Defasado,1.0,Ágata,6.051,5.0,3.8,7.4,7.9,7.5,,5.5,3.0,4.5,,Não,Não,Não atendido,Melhorar: Melhorar a sua entrega de lições de casa.,Melhorar: Empenhar-se mais nas aulas e avaliações.,Melhorar: Integrar-se mais aos Princípios Passos Mágicos.
RA-234,2022,Aluno-234,2009,,13.0,Masculino,2022,Pública,,,FASE 3,3.0,3,E,FASE 3,3.0,Fase 3 (7º e 8º ano),0,0.0,False,0.0,Adequado,0.0,Ágata,6.719,10.0,4.3,7.6,10.0,5.6,,5.583,3.7,6.3,2.8,Não,Não,Sem limitações,Destaque: A sua boa entrega das lições de casa.,Melhorar: Empenhar-se mais nas aulas e avaliações.,Melhorar: Integrar-se mais aos Princípios Passos Mágicos.
RA-235,2022,Aluno-235,2008,,14.0,Feminino,2022,Pública,,,FASE 3,3.0,3,E,FASE 4,4.0,Fase 4 (9º ano),-1,-1.0,False,-1.0,Defasado,1.0,Ágata,6.79,5.0,6.3,7.3,8.3,7.5,,6.417,7.0,5.5,,Não,Não,Não atendido,Melhorar: Melhorar a sua entrega de lições de casa.,Melhorar: Empenhar-se mais nas aulas e avaliações.,Melhorar: Integrar-se mais aos Princípios Passos Mágicos.
RA-236,2022,Aluno-236,2010,,12.0,Feminino,2022,Pública,,,FASE 3,3.0,3,F,FASE 3,3.0,Fase 3 (7º e 8º ano),0,0.0,False,0.0,Adequado,0.0,Ametista,7.11,10.0,3.7,7.5,9.6,7.5,,7.208,4.0,4.0,3.0,Não,Não,Não atendido,Melhorar: Melhorar a sua entrega de lições de casa.,Melhorar: Empenhar-se mais nas aulas e avaliações.,Melhorar: Integrar-se mais aos Princípios Passos Mágicos.
RA-237,2022,Aluno-237,2008,,14.0,Feminino,2022,Pública,,,FASE 3,3.0,3,F,FASE 4,4.0,Fase 4 (9º ano),-1,-1.0,False,-1.0,Defasado,1.0,Topázio,8.084,5.0,7.8,9.0,10.0,7.5,,8.417,6.8,7.7,8.8,Sim,Sim,Não atendido,Destaque: A sua boa entrega das lições de casa.,Destaque: As suas boas notas na Passos Mágicos.,Destaque: A sua boa integração aos Princípios Passos Mágicos.
RA-238,2022,Aluno-238,2008,,14.0,Feminino,2021,Pública,,,FASE 3,3.0,3,F,FASE 4,4.0,Fase 4 (9º ano),-1,-1.0,False,-1.0,Defasado,1.0,Ágata,6.331,5.0,5.1,6.4,8.8,5.0,,7.208,4.3,6.5,4.5,Não,Não,Requer avaliação,Melhorar: Melhorar a sua entrega de lições de casa.,Melhorar: Empenhar-se mais nas aulas e avaliações.,Melhorar: Integrar-se mais aos Princípios Passos Mágicos.
RA-239,2022,Aluno-239,2007,,15.0,Feminino,2021,Pública,,,FASE 3,3.0,3,F,FASE 5,5.0,Fase 5 (1º EM),-2,-2.0,False,-2.0,Defasado,1.0,Quartzo,4.572,5.0,3.7,3.7,0.0,7.5,,5.958,2.0,4.7,4.5,Não,Não,Não atendido,Melhorar: Melhorar a sua entrega de lições de casa.,Melhorar: Empenhar-se mais nas aulas e avaliações.,Melhorar: Integrar-se mais aos Princípios Passos Mágicos.
RA-240,2022,Aluno-240,2009,,13.0,Feminino,2017,Rede Decisão,,,FASE 3,3.0,3,F,FASE 3,3.0,Fase 3 (7º e 8º ano),0,0.0,False,0.0,Adequado,0.0,Ágata,6.943,10.0,4.7,8.1,7.1,5.0,,7.042,6.3,5.0,2.8,Não,Não,Requer avaliação,Destaque: A sua boa entrega das lições de casa.,Melhorar: Empenhar-se mais nas aulas e avaliações.,Melhorar: Integrar-se mais aos Princípios Passos Mágicos.
RA-241,2022,Aluno-241,2008,,14.0,Masculino,2016,Rede Decisão,,,FASE 3,3.0,3,F,FASE 4,4.0,Fase 4 (9º ano),-1,-1.0,False,-1.0,Defasado,1.0,Topázio,8.468,5.0,7.7,10.0,10.0,7.5,,9.125,8.2,7.5,7.3,Não,Sim,Não atendido,Destaque: A sua boa entrega das lições de casa.,Destaque: As suas boas notas na Passos Mágicos.,Destaque: A sua boa integração aos Princípios Passos Mágicos.
RA-242,2022,Aluno-242,2009,,13.0,Masculino,2018,Rede Decisão,,,FASE 3,3.0,3,F,FASE 3,3.0,Fase 3 (7º e 8º ano),0,0.0,False,0.0,Adequado,0.0,Topázio,8.673,10.0,8.2,9.7,9.6,5.6,,8.708,8.7,7.2,8.7,Não,Sim,Requer avaliação,Destaque: A sua boa entrega das lições de casa.,Destaque: As suas boas notas na Passos Mágicos.,Destaque: A sua boa integração aos Princípios Passos Mágicos.
RA-243,2022,Aluno-243,2007,,15.0,Feminino,2022,Pública,,,FASE 3,3.0,3,F,FASE 5,5.0,Fase 5 (1º EM),-2,-2.0,False,-2.0,Defasado,1.0,Ágata,6.982,5.0,6.0,8.7,7.1,5.0,,7.875,5.0,5.3,7.7,Não,Não,Requer avaliação,Destaque: A sua boa entrega das lições de casa.,Melhorar: Empenhar-se mais nas aulas e avaliações.,Destaque: A sua boa integração aos Princípios Passos Mágicos.
RA-244,2022,Aluno-244,2010,,12.0,Feminino,2018,Rede Decisão,,,FASE 3,3.0,3,F,FASE 3,3.0,Fase 3 (7º e 8º ano),0,0.0,False,0.0,Adequado,0.0,Topázio,8.51,10.0,7.8,9.4,7.5,6.3,,9.208,6.7,8.0,8.7,Não,Sim,Requer avaliação,Destaque: A sua boa entrega das lições de casa.,Destaque: As suas boas notas na Passos Mágicos.,Destaque: A sua boa integração aos Princípios Passos Mágicos.
RA-245,2022,Aluno-245,2008,,14.0,Masculino,2016,Rede Decisão,,,FASE 3,3.0,3,F,FASE 4,4.0,Fase 4 (9º ano),-1,-1.0,False,-1.0,Defasado,1.0,Topázio,8.656,5.0,8.4,9.9,10.0,7.5,,9.25,8.3,8.2,8.8,Não,Sim,Não atendido,Destaque: A sua boa entrega das lições de casa.,Destaque: As suas boas notas na Passos Mágicos.,Destaque: A sua boa integração aos Princípios Passos Mágicos.
RA-246,2022,Aluno-246,2009,,13.0,Masculino,2022,Pública,,,FASE 3,3.0,3,F,FASE 3,3.0,Fase 3 (7º e 8º ano),0,0.0,False,0.0,Adequado,0.0,Topázio,8.639,10.0,7.6,9.4,8.3,7.5,,9.167,8.0,6.7,8.0,Sim,Sim,Não atendido,Destaque: A sua boa entrega das lições de casa.,Destaque: As suas boas notas na Passos Mágicos.,Destaque: A sua boa integração aos Princípios Passos Mágicos.
RA-247,2022,Aluno-247,2009,,13.0,Feminino,2021,Pública,,,FASE 3,3.0,3,F,FASE 3,3.0,Fase 3 (7º e 8º ano),0,0.0,False,0.0,Adequado,0.0,Ametista,7.72,10.0,5.8,8.2,8.3,7.5,,7.875,5.3,5.7,6.3,Sim,Não,Não atendido,Destaque: A sua boa entrega das lições de casa.,Melhorar: Empenhar-se mais nas aulas e avaliações.,Destaque: A sua boa integração aos Princípios Passos Mágicos.
RA-248,2022,Aluno-248,2009,,13.0,Masculino,2022,Pública,,,FASE 3,3.0,3,F,FASE 3,3.0,Fase 3 (7º e 8º ano),0,0.0,False,0.0,Adequado,0.0,Ametista,7.429,10.0,5.2,7.6,9.2,7.5,,7.292,4.0,5.5,6.0,Não,Não,Não atendido,Destaque: A sua boa entrega das lições de casa.,Melhorar: Empenhar-se mais nas aulas e avaliações.,Melhorar: Integrar-se mais aos Princípios Passos Mágicos.
RA-249,2022,Aluno-249,2008,,14.0,Masculino,2017,Pública,,,FASE 3,3.0,3,G,FASE 4,4.0,Fase 4 (9º ano),-1,-1.0,False,-1.0,Defasado,1.0,Quartzo,5.097,5.0,2.9,7.4,6.7,5.0,,4.292,2.3,4.2,2.2,Não,Não,Não atendido,Melhorar: Melhorar a sua entrega de lições de casa.,Melhorar: Empenhar-se mais nas aulas e avaliações.,Melhorar: Integrar-se mais aos Princípios Passos Mágicos.
RA-250,2022,Aluno-250,2010,,12.0,Feminino,2022,Pública,,,FASE 3,3.0,3,G,FASE 3,3.0,Fase 3 (7º e 8º ano),0,0.0,False,0.0,Adequado,0.0,Ametista,7.958,10.0,6.6,8.6,8.3,7.5,,7.625,6.7,6.5,6.7,Sim,Não,Não atendido,Destaque: A sua boa entrega das lições de casa.,Melhorar: Empenhar-se mais nas aulas e avaliações.,Destaque: A sua boa integração aos Princípios Passos Mágicos.
RA-251,2022,Aluno-251,2007,,15.0,Masculino,2018,Pública,,,FASE 3,3.0,3,G,FASE 5,5.0,Fase 5 (1º EM),-2,-2.0,False,-2.0,Defasado,1.0,Ágata,7.022,5.0,6.3,8.1,10.0,5.6,,6.625,5.3,6.3,7.2,Não,Não,Sem limitações,Destaque: A sua boa entrega das lições de casa.,Melhorar: Empenhar-se mais nas aulas e avaliações.,Melhorar: Integrar-se mais aos Princípios Passos Mágicos.
RA-252,2022,Aluno-252,2008,,14.0,Masculino,2018,Pública,,,FASE 3,3.0,3,G,FASE 4,4.0,Fase 4 (9º ano),-1,-1.0,False,-1.0,Defasado,1.0,Quartzo,4.277,5.0,0.9,2.8,9.2,7.5,,3.875,1.3,1.2,0.2,Não,Não,Não atendido,Melhorar: Melhorar a sua entrega de lições de casa.,Melhorar: Empenhar-se mais nas aulas e avaliações.,Melhorar: Integrar-se mais aos Princípios Passos Mágicos.
RA-253,2022,Aluno-253,2007,,15.0,Masculino,2019,Pública,,,FASE 3,3.0,3,G,FASE 5,5.0,Fase 5 (1º EM),-2,-2.0,False,-2.0,Defasado,1.0,Quartzo,4.312,5.0,1.8,3.6,9.2,5.0,,3.75,1.0,3.7,0.7,Não,Não,Requer avaliação,Melhorar: Melhorar a sua entrega de lições de casa.,Melhorar: Empenhar-se mais nas aulas e avaliações.,Melhorar: Integrar-se mais aos Princípios Passos Mágicos.
RA-254,2022,Aluno-254,2008,,14.0,Masculino,2019,Pública,,,FASE 3,3.0,3,G,FASE 4,4.0,Fase 4 (9º ano),-1,-1.0,False,-1.0,Defasado,1.0,Ágata,6.715,5.0,5.3,7.4,10.0,5.6,,6.917,5.0,6.8,4.0,Não,Não,Requer avaliação,Melhorar: Melhorar a sua entrega de lições de casa.,Melhorar: Empenhar-se mais nas aulas e avaliações.,Melhorar: Integrar-se mais aos Princípios Passos Mágicos.
RA-255,2022,Aluno-255,2008,,14.0,Masculino,2019,Pública,,,FASE 3,3.0,3,G,FASE 4,4.0,Fase 4 (9º ano),-1,-1.0,False,-1.0,Defasado,1.0,Quartzo,4.563,5.0,1.3,3.8,7.5,5.0,,5.542,1.0,2.3,0.5,Não,Não,Não indicado,Melhorar: Melhorar a sua entrega de lições de casa.,Melhorar: Empenhar-se mais nas aulas e avaliações.,Melhorar: Integrar-se mais aos Princípios Passos Mágicos.
RA-256,2022,Aluno-256,2010,,12.0,Feminino,2019,Pública,,,FASE 3,3.0,3,G,FASE 3,3.0,Fase 3 (7º e 8º ano),0,0.0,False,0.0,Adequado,0.0,Ametista,7.192,10.0,5.2,8.5,8.8,5.0,,6.708,5.3,6.7,3.5,Não,Não,Requer avaliação,Destaque: A sua boa entrega das lições de casa.,Melhorar: Empenhar-se mais nas aulas e avaliações.,Melhorar: Integrar-se mais aos Princípios Passos Mágicos.
RA-257,2022,Aluno-257,2008,,14.0,Feminino,2018,Pública,,,FASE 3,3.0,3,G,FASE 4,4.0,Fase 4 (9º ano),-1,-1.0,False,-1.0,Defasado,1.0,Quartzo,5.149,5.0,3.6,6.4,0.0,5.6,,6.708,4.0,5.2,1.5,Não,Não,Requer avaliação,Melhorar: Melhorar a sua entrega de lições de casa.,Melhorar: Empenhar-se mais nas aulas e avaliações.,Melhorar: Integrar-se mais aos Princípios Passos Mágicos.
RA-258,2022,Aluno-258,2010,,12.0,Feminino,2018,Pública,,,FASE 3,3.0,3,G,FASE 3,3.0,Fase 3 (7º e 8º ano),0,0.0,False,0.0,Adequado,0.0,Ágata,6.926,10.0,4.8,7.3,10.0,5.6,,6.125,2.7,6.2,5.5,Não,Não,Sem limitações,Melhorar: Melhorar a sua entrega de lições de casa.,Melhorar: Empenhar-se mais nas aulas e avaliações.,Melhorar: Integrar-se mais aos Princípios Passos Mágicos.
RA-259,2022,Aluno-259,2006,,16.0,Masculino,2017,Pública,,,FASE 3,3.0,3,G,FASE 6,6.0,Fase 6 (2º EM),-3,-3.0,False,-3.0,Defasado,1.0,Quartzo,4.182,2.5,0.9,2.9,8.8,7.5,,4.625,0.0,2.7,0.2,Não,Não,Não atendido,Melhorar: Melhorar a sua entrega de lições de casa.,Melhorar: Empenhar-se mais nas aulas e avaliações.,Melhorar: Integrar-se mais aos Princípios Passos Mágicos.
RA-260,2022,Aluno-260,2009,,13.0,Feminino,2019,Pública,,,FASE 3,3.0,3,G,FASE 3,3.0,Fase 3 (7º e 8º ano),0,0.0,False,0.0,Adequado,0.0,Ametista,7.44,10.0,5.0,8.2,10.0,7.5,,6.458,5.7,5.2,4.2,Não,Não,Não atendido,Destaque: A sua boa entrega das lições de casa.,Melhorar: Empenhar-se mais nas aulas e avaliações.,Melhorar: Integrar-se mais aos Princípios Passos Mágicos.
RA-261,2022,Aluno-261,2008,,14.0,Feminino,2019,Pública,,,FASE 3,3.0,3,G,FASE 4,4.0,Fase 4 (9º ano),-1,-1.0,False,-1.0,Defasado,1.0,Ágata,6.763,5.0,5.8,7.2,8.8,5.6,,7.042,6.2,5.8,5.5,Sim,Não,Sem limitações,Melhorar: Melhorar a sua entrega de lições de casa.,Melhorar: Empenhar-se mais nas aulas e avaliações.,Melhorar: Integrar-se mais aos Princípios Passos Mágicos.
RA-262,2022,Aluno-262,2007,,15.0,Masculino,2021,Pública,,,FASE 3,3.0,3,G,FASE 5,5.0,Fase 5 (1º EM),-2,-2.0,False,-2.0,Defasado,1.0,Quartzo,4.786,5.0,3.4,5.8,0.0,5.6,,5.625,1.3,5.5,3.5,Não,Não,Sem limitações,Melhorar: Melhorar a sua entrega de lições de casa.,Melhorar: Empenhar-se mais nas aulas e avaliações.,Melhorar: Integrar-se mais aos Princípios Passos Mágicos.
RA-263,2022,Aluno-263,2007,,15.0,Feminino,2019,Pública,,,FASE 3,3.0,3,G,FASE 5,5.0,Fase 5 (1º EM),-2,-2.0,False,-2.0,Defasado,1.0,Quartzo,5.319,5.0,3.7,5.6,5.8,7.5,,4.417,3.0,2.8,5.4,Não,Não,Não atendido,Melhorar: Melhorar a sua entrega de lições de casa.,Melhorar: Empenhar-se mais nas aulas e avaliações.,Melhorar: Integrar-se mais aos Princípios Passos Mágicos.
RA-264,2022,Aluno-264,2007,,15.0,Feminino,2022,Pública,,,FASE 3,3.0,3,I,FASE 5,5.0,Fase 5 (1º EM),-2,-2.0,False,-2.0,Defasado,1.0,Ametista,7.087,5.0,5.8,9.2,10.0,5.6,,6.625,6.0,5.5,,Não,Não,Requer avaliação,Destaque: A sua boa entrega das lições de casa.,Melhorar: Empenhar-se mais nas aulas e avaliações.,Melhorar: Integrar-se mais aos Princípios Passos Mágicos.
RA-265,2022,Aluno-265,2009,,13.0,Masculino,2019,Pública,,,FASE 3,3.0,3,I,FASE 3,3.0,Fase 3 (7º e 8º ano),0,0.0,False,0.0,Adequado,0.0,Ametista,7.926,10.0,6.9,7.7,8.3,7.5,,7.917,5.3,7.0,8.5,Sim,Não,Não atendido,Destaque: A sua boa entrega das lições de casa.,Melhorar: Empenhar-se mais nas aulas e avaliações.,Destaque: A sua boa integração aos Princípios Passos Mágicos.
RA-266,2022,Aluno-266,2006,,16.0,Feminino,2019,Pública,,,FASE 3,3.0,3,I,FASE 6,6.0,Fase 6 (2º EM),-3,-3.0,False,-3.0,Defasado,1.0,Quartzo,5.987,2.5,6.0,5.8,7.5,5.6,,6.583,5.0,6.7,6.3,Não,Não,Requer avaliação,Melhorar: Melhorar a sua entrega de lições de casa.,Melhorar: Empenhar-se mais nas aulas e avaliações.,Melhorar: Integrar-se mais aos Princípios Passos Mágicos.
RA-267,2022,Aluno-267,2007,,15.0,Feminino,2016,Pública,,,FASE 3,3.0,3,I,FASE 5,5.0,Fase 5 (1º EM),-2,-2.0,False,-2.0,Defasado,1.0,Ágata,6.012,5.0,3.3,7.4,10.0,5.0,,6.292,2.3,4.8,2.7,Não,Não,Não indicado,Melhorar: Melhorar a sua entrega de lições de casa.,Melhorar: Empenhar-se mais nas aulas e avaliações.,Melhorar: Integrar-se mais aos Princípios Passos Mágicos.
RA-268,2022,Aluno-268,2008,,14.0,Feminino,2021,Pública,,,FASE 3,3.0,3,K,FASE 4,4.0,Fase 4 (9º ano),-1,-1.0,False,-1.0,Defasado,1.0,Ágata,6.695,5.0,5.7,6.7,9.2,6.3,,7.208,7.0,6.8,3.2,Sim,Não,Requer avaliação,Melhorar: Melhorar a sua entrega de lições de casa.,Melhorar: Empenhar-se mais nas aulas e avaliações.,Melhorar: Integrar-se mais aos Princípios Passos Mágicos.
RA-269,2022,Aluno-269,2009,,13.0,Masculino,2022,Pública,,,FASE 3,3.0,3,K,FASE 3,3.0,Fase 3 (7º e 8º ano),0,0.0,False,0.0,Adequado,0.0,Topázio,8.231,10.0,8.9,8.6,9.2,6.3,,7.25,8.7,9.5,8.5,Não,Não,Requer avaliação,Destaque: A sua boa entrega das lições de casa.,Destaque: As suas boas notas na Passos Mágicos.,Melhorar: Integrar-se mais aos Princípios Passos Mágicos.
RA-270,2022,Aluno-270,2009,,13.0,Feminino,2019,Rede Decisão,,,FASE 3,3.0,3,K,FASE 3,3.0,Fase 3 (7º e 8º ano),0,0.0,False,0.0,Adequado,0.0,Topázio,8.226,10.0,7.9,8.4,8.3,6.9,,8.125,8.0,7.2,8.5,Não,Não,Não atendido,Destaque: A sua boa entrega das lições de casa.,Destaque: As suas boas notas na Passos Mágicos.,Destaque: A sua boa integração aos Princípios Passos Mágicos.
RA-271,2022,Aluno-271,2007,,15.0,Feminino,2022,Pública,,,FASE 3,3.0,3,K,FASE 5,5.0,Fase 5 (1º EM),-2,-2.0,False,-2.0,Defasado,1.0,Ametista,7.255,5.0,7.1,8.5,9.2,5.6,,6.958,6.3,6.5,8.3,Sim,Não,Requer avaliação,Destaque: A sua boa entrega das lições de casa.,Melhorar: Empenhar-se mais nas aulas e avaliações.,Melhorar: Integrar-se mais aos Princípios Passos Mágicos.
RA-272,2022,Aluno-272,2008,,14.0,Masculino,2021,Pública,,,FASE 3,3.0,3,K,FASE 4,4.0,Fase 4 (9º ano),-1,-1.0,False,-1.0,Defasado,1.0,Ágata,6.361,5.0,5.1,5.7,9.2,7.5,,6.417,5.0,6.8,3.5,Não,Não,Não atendido,Melhorar: Melhorar a sua entrega de lições de casa.,Melhorar: Empenhar-se mais nas aulas e avaliações.,Melhorar: Integrar-se mais aos Princípios Passos Mágicos.
RA-273,2022,Aluno-273,2008,,14.0,Feminino,2018,Pública,,,FASE 3,3.0,3,K,FASE 4,4.0,Fase 4 (9º ano),-1,-1.0,False,-1.0,Defasado,1.0,Quartzo,5.679,5.0,3.0,5.3,9.2,7.5,,5.833,3.8,4.7,0.5,Não,Não,Não atendido,Melhorar: Melhorar a sua entrega de lições de casa.,Melhorar: Empenhar-se mais nas aulas e avaliações.,Melhorar: Integrar-se mais aos Princípios Passos Mágicos.
RA-274,2022,Aluno-274,2011,,11.0,Feminino,2019,Rede Decisão,,,FASE 3,3.0,3,K,FASE 2,2.0,Fase 2 (5º e 6º ano),1,1.0,False,1.0,Adiantado,0.0,Ametista,7.946,10.0,8.1,8.3,7.9,7.5,,7.0,8.1,9.3,7.0,Não,Não,Não atendido,Destaque: A sua boa entrega das lições de casa.,Destaque: As suas boas notas na Passos Mágicos.,Melhorar: Integrar-se mais aos Princípios Passos Mágicos.
RA-275,2022,Aluno-275,2007,,15.0,Masculino,2018,Pública,,,FASE 3,3.0,3,K,FASE 5,5.0,Fase 5 (1º EM),-2,-2.0,False,-2.0,Defasado,1.0,Ágata,6.665,5.0,4.6,6.9,9.6,7.5,,6.667,5.0,6.0,2.7,Sim,Não,Não atendido,Melhorar: Melhorar a sua entrega de lições de casa.,Melhorar: Empenhar-se mais nas aulas e avaliações.,Melhorar: Integrar-se mais aos Princípios Passos Mágicos.
RA-276,2022,Aluno-276,2008,,14.0,Feminino,2017,Pública,,,FASE 3,3.0,3,K,FASE 4,4.0,Fase 4 (9º ano),-1,-1.0,False,-1.0,Defasado,1.0,Quartzo,5.527,5.0,4.3,5.7,7.1,5.6,,5.125,3.7,6.0,3.3,Não,Não,Não indicado,Melhorar: Melhorar a sua entrega de lições de casa.,Melhorar: Empenhar-se mais nas aulas e avaliações.,Melhorar: Integrar-se mais aos Princípios Passos Mágicos.
RA-277,2022,Aluno-277,2008,,14.0,Masculino,2021,Pública,,,FASE 3,3.0,3,K,FASE 4,4.0,Fase 4 (9º ano),-1,-1.0,False,-1.0,Defasado,1.0,Ametista,7.411,5.0,7.4,8.8,7.1,7.5,,7.208,7.2,7.0,8.2,Sim,Não,Não atendido,Destaque: A sua boa entrega das lições de casa.,Melhorar: Empenhar-se mais nas aulas e avaliações.,Melhorar: Integrar-se mais aos Princípios Passos Mágicos.
RA-278,2022,Aluno-278,2010,,12.0,Masculino,2018,Rede Decisão,,,FASE 3,3.0,3,K,FASE 3,3.0,Fase 3 (7º e 8º ano),0,0.0,False,0.0,Adequado,0.0,Ametista,7.741,10.0,6.0,9.2,8.8,5.6,,7.417,5.7,5.8,6.4,Não,Não,Requer avaliação,Destaque: A sua boa entrega das lições de casa.,Melhorar: Empenhar-se mais nas aulas e avaliações.,Melhorar: Integrar-se mais aos Princípios Passos Mágicos.
RA-279,2022,Aluno-279,2009,,13.0,Masculino,2019,Rede Decisão,,,FASE 3,3.0,3,K,FASE 3,3.0,Fase 3 (7º e 8º ano),0,0.0,False,0.0,Adequado,0.0,Topázio,8.815,10.0,9.1,9.9,9.2,6.3,,8.208,9.7,8.3,9.3,Não,Não,Sem limitações,Destaque: A sua boa entrega das lições de casa.,Destaque: As suas boas notas na Passos Mágicos.,Destaque: A sua boa integração aos Princípios Passos Mágicos.
RA-280,2022,Aluno-280,2009,,13.0,Feminino,2021,Rede Decisão,,,FASE 3,3.0,3,K,FASE 3,3.0,Fase 3 (7º e 8º ano),0,0.0,False,0.0,Adequado,0.0,Ametista,8.046,10.0,7.1,9.2,7.5,7.5,,7.333,5.7,7.0,8.7,Não,Não,Sem limitações,Destaque: A sua boa entrega das lições de casa.,Melhorar: Empenhar-se mais nas aulas e avaliações.,Melhorar: Integrar-se mais aos Princípios Passos Mágicos.
RA-281,2022,Aluno-281,2009,,13.0,Feminino,2019,Pública,,,FASE 3,3.0,3,K,FASE 3,3.0,Fase 3 (7º e 8º ano),0,0.0,False,0.0,Adequado,0.0,Ágata,6.806,10.0,5.9,6.9,6.7,7.5,,5.625,5.0,6.8,6.0,Não,Não,Sem limitações,Melhorar: Melhorar a sua entrega de lições de casa.,Melhorar: Empenhar-se mais nas aulas e avaliações.,Melhorar: Integrar-se mais aos Princípios Passos Mágicos.
RA-282,2022,Aluno-282,2009,,13.0,Feminino,2019,Pública,,,FASE 3,3.0,3,K,FASE 3,3.0,Fase 3 (7º e 8º ano),0,0.0,False,0.0,Adequado,0.0,Ágata,6.618,10.0,4.0,6.8,8.8,7.5,,5.625,4.7,6.3,1.0,Não,Não,Sem limitações,Melhorar: Melhorar a sua entrega de lições de casa.,Melhorar: Empenhar-se mais nas aulas e avaliações.,Melhorar: Integrar-se mais aos Princípios Passos Mágicos.
RA-283,2022,Aluno-283,2008,,14.0,Masculino,2020,Pública,,,FASE 3,3.0,3,K,FASE 4,4.0,Fase 4 (9º ano),-1,-1.0,False,-1.0,Defasado,1.0,Ametista,7.131,5.0,5.6,8.8,9.6,7.5,,6.625,4.5,5.8,6.6,Não,Não,Não atendido,Destaque: A sua boa entrega das lições de casa.,Melhorar: Empenhar-se mais nas aulas e avaliações.,Melhorar: Integrar-se mais aos Princípios Passos Mágicos.
RA-284,2022,Aluno-284,2009,,13.0,Masculino,2022,Pública,,,FASE 3,3.0,3,L,FASE 3,3.0,Fase 3 (7º e 8º ano),0,0.0,False,0.0,Adequado,0.0,Quartzo,5.939,10.0,3.8,5.1,6.7,5.6,,5.958,7.0,4.5,0.0,Não,Não,Sem limitações,Melhorar: Melhorar a sua entrega de lições de casa.,Melhorar: Empenhar-se mais nas aulas e avaliações.,Melhorar: Integrar-se mais aos Princípios Passos Mágicos.
RA-285,2022,Aluno-285,2006,,16.0,Feminino,2020,Pública,,,FASE 3,3.0,3,L,FASE 6,6.0,Fase 6 (2º EM),-3,-3.0,False,-3.0,Defasado,1.0,Quartzo,5.063,2.5,2.8,4.1,9.2,7.5,,5.75,4.0,3.2,1.2,Não,Não,Sem limitações,Melhorar: Melhorar a sua entrega de lições de casa.,Melhorar: Empenhar-se mais nas aulas e avaliações.,Melhorar: Integrar-se mais aos Princípios Passos Mágicos.
RA-286,2022,Aluno-286,2007,,15.0,Feminino,2022,Pública,,,FASE 3,3.0,3,L,FASE 5,5.0,Fase 5 (1º EM),-2,-2.0,False,-2.0,Defasado,1.0,Quartzo,5.424,5.0,3.0,5.8,7.1,6.3,,5.625,4.7,2.3,2.0,Não,Não,Sem limitações,Melhorar: Melhorar a sua entrega de lições de casa.,Melhorar: Empenhar-se mais nas aulas e avaliações.,Melhorar: Integrar-se mais aos Princípios Passos Mágicos.
RA-287,2022,Aluno-287,2005,,17.0,Feminino,2022,Pública,,,FASE 3,3.0,3,L,FASE 7,7.0,Fase 7 (3º EM),-4,-4.0,False,-4.0,Defasado,1.0,Quartzo,3.7,2.5,1.1,3.4,7.9,5.0,,4.292,0.7,2.5,0.2,Não,Não,Requer avaliação,Melhorar: Melhorar a sua entrega de lições de casa.,Melhorar: Empenhar-se mais nas aulas e avaliações.,Melhorar: Integrar-se mais aos Princípios Passos Mágicos.
RA-288,2022,Aluno-288,2006,,16.0,Feminino,2022,Pública,,,FASE 3,3.0,3,L,FASE 6,6.0,Fase 6 (2º EM),-3,-3.0,False,-3.0,Defasado,1.0,Quartzo,4.097,2.5,0.0,5.6,0.0,6.3,,6.833,,,,Não,Não,Sem limitações,Melhorar: Melhorar a sua entrega de lições de casa.,Melhorar: Empenhar-se mais nas aulas e avaliações.,Melhorar: Integrar-se mais aos Princípios Passos Mágicos.
RA-289,2022,Aluno-289,2008,,14.0,Feminino,2020,Pública,,,FASE 3,3.0,3,L,FASE 4,4.0,Fase 4 (9º ano),-1,-1.0,False,-1.0,Defasado,1.0,Ágata,6.236,5.0,6.8,7.8,0.0,6.3,,7.25,5.3,7.5,7.5,Não,Não,Sem limitações,Destaque: A sua boa entrega das lições de casa.,Melhorar: Empenhar-se mais nas aulas e avaliações.,Melhorar: Integrar-se mais aos Princípios Passos Mágicos.
RA-290,2022,Aluno-290,2005,,17.0,Feminino,2022,Pública,,,FASE 3,3.0,3,L,FASE 7,7.0,Fase 7 (3º EM),-4,-4.0,False,-4.0,Defasado,1.0,Quartzo,4.929,2.5,1.7,3.9,10.0,6.3,,6.042,1.0,2.3,1.8,Não,Não,Sem limitações,Melhorar: Melhorar a sua entrega de lições de casa.,Melhorar: Empenhar-se mais nas aulas e avaliações.,Melhorar: Integrar-se mais aos Princípios Passos Mágicos.
RA-291,2022,Aluno-291,2009,,13.0,Masculino,2022,Pública,,,FASE 3,3.0,3,L,FASE 3,3.0,Fase 3 (7º e 8º ano),0,0.0,False,0.0,Adequado,0.0,Topázio,8.122,10.0,8.0,8.2,8.3,6.9,,7.792,8.0,7.5,8.5,Sim,Não,Sem limitações,Destaque: A sua boa entrega das lições de casa.,Destaque: As suas boas notas na Passos Mágicos.,Destaque: A sua boa integração aos Princípios Passos Mágicos.
RA-292,2022,Aluno-292,2006,,16.0,Masculino,2022,Pública,,,FASE 3,3.0,3,L,FASE 6,6.0,Fase 6 (2º EM),-3,-3.0,False,-3.0,Defasado,1.0,Quartzo,4.837,2.5,1.8,3.7,7.9,7.5,,6.292,0.0,5.0,0.5,Não,Não,Não atendido,Melhorar: Melhorar a sua entrega de lições de casa.,Melhorar: Empenhar-se mais nas aulas e avaliações.,Melhorar: Integrar-se mais aos Princípios Passos Mágicos.
RA-293,2022,Aluno-293,2009,,13.0,Masculino,2022,Pública,,,FASE 3,3.0,3,L,FASE 3,3.0,Fase 3 (7º e 8º ano),0,0.0,False,0.0,Adequado,0.0,Quartzo,4.875,10.0,2.3,2.9,8.8,7.5,,3.333,2.0,3.8,1.0,Não,Não,Não atendido,Melhorar: Melhorar a sua entrega de lições de casa.,Melhorar: Empenhar-se mais nas aulas e avaliações.,Melhorar: Integrar-se mais aos Princípios Passos Mágicos.
RA-294,2022,Aluno-294,2004,,18.0,Feminino,2022,Pública,,,FASE 3,3.0,3,L,FASE 8,8.0,Fase 8 (Universitários),-5,-5.0,False,-5.0,Defasado,1.0,Quartzo,5.031,2.5,0.0,5.8,9.6,7.5,,5.917,,,,Não,Não,Não atendido,Melhorar: Melhorar a sua entrega de lições de casa.,Melhorar: Empenhar-se mais nas aulas e avaliações.,Melhorar: Integrar-se mais aos Princípios Passos Mágicos.
RA-295,2022,Aluno-295,2008,,14.0,Feminino,2022,Pública,,,FASE 3,3.0,3,M,FASE 4,4.0,Fase 4 (9º ano),-1,-1.0,False,-1.0,Defasado,1.0,Ametista,7.305,5.0,6.9,8.0,7.9,7.5,,7.375,5.3,7.7,7.7,Sim,Não,Não atendido,Destaque: A sua boa entrega das lições de casa.,Melhorar: Empenhar-se mais nas aulas e avaliações.,Melhorar: Integrar-se mais aos Princípios Passos Mágicos.
RA-296,2022,Aluno-296,2007,,15.0,Feminino,2022,Pública,,,FASE 3,3.0,3,M,FASE 5,5.0,Fase 5 (1º EM),-2,-2.0,False,-2.0,Defasado,1.0,Quartzo,4.665,5.0,2.8,3.6,8.8,7.5,,3.833,5.7,2.7,0.2,Não,Não,Não atendido,Melhorar: Melhorar a sua entrega de lições de casa.,Melhorar: Empenhar-se mais nas aulas e avaliações.,Melhorar: Integrar-se mais aos Princípios Passos Mágicos.
RA-297,2022,Aluno-297,2009,,13.0,Feminino,2022,Pública,,,FASE 3,3.0,3,M,FASE 3,3.0,Fase 3 (7º e 8º ano),0,0.0,False,0.0,Adequado,0.0,Ametista,7.478,10.0,6.6,7.9,7.1,6.3,,7.417,6.3,5.3,8.2,Sim,Não,Sem limitações,Destaque: A sua boa entrega das lições de casa.,Melhorar: Empenhar-se mais nas aulas e avaliações.,Melhorar: Integrar-se mais aos Princípios Passos Mágicos.
RA-298,2022,Aluno-298,2009,,13.0,Masculino,2019,Pública,,,FASE 3,3.0,3,M,FASE 3,3.0,Fase 3 (7º e 8º ano),0,0.0,False,0.0,Adequado,0.0,Ágata,6.409,10.0,5.2,6.3,9.2,5.6,,5.417,5.5,4.8,,Não,Não,Sem limitações,Melhorar: Melhorar a sua entrega de lições de casa.,Melhorar: Empenhar-se mais nas aulas e avaliações.,Melhorar: Integrar-se mais aos Princípios Passos Mágicos.
RA-299,2022,Aluno-299,2009,,13.0,Feminino,2019,Rede Decisão,,,FASE 3,3.0,3,M,FASE 3,3.0,Fase 3 (7º e 8º ano),0,0.0,False,0.0,Adequado,0.0,Ametista,7.278,10.0,6.8,8.2,7.1,5.0,,6.708,6.3,7.3,6.7,Não,Não,Requer avaliação,Destaque: A sua boa entrega das lições de casa.,Melhorar: Empenhar-se mais nas aulas e avaliações.,Melhorar: Integrar-se mais aos Princípios Passos Mágicos.
RA-300,2022,Aluno-300,2008,,14.0,Masculino,2022,Pública,,,FASE 3,3.0,3,M,FASE 4,4.0,Fase 4 (9º ano),-1,-1.0,False,-1.0,Defasado,1.0,Quartzo,5.557,5.0,3.1,6.9,5.4,6.3,,5.875,2.7,4.8,1.7,Sim,Não,Sem limitações,Melhorar: Melhorar a sua entrega de lições de casa.,Melhorar: Empenhar-se mais nas aulas e avaliações.,Melhorar: Integrar-se mais aos Princípios Passos Mágicos.
RA-301,2022,Aluno-301,2009,,13.0,Feminino,2019,Pública,,,FASE 3,3.0,3,M,FASE 3,3.0,Fase 3 (7º e 8º ano),0,0.0,False,0.0,Adequado,0.0,Ágata,6.802,10.0,6.3,5.8,8.8,5.6,,6.042,6.5,7.2,5.4,Sim,Não,Sem limitações,Melhorar: Melhorar a sua entrega de lições de casa.,Melhorar: Empenhar-se mais nas aulas e avaliações.,Melhorar: Integrar-se mais aos Princípios Passos Mágicos.
RA-302,2022,Aluno-302,2006,,16.0,Masculino,2022,Pública,,,FASE 3,3.0,3,M,FASE 6,6.0,Fase 6 (2º EM),-3,-3.0,False,-3.0,Defasado,1.0,Ágata,6.334,2.5,4.8,7.7,9.2,6.9,,6.208,4.3,5.0,5.0,Não,Não,Sem limitações,Destaque: A sua boa entrega das lições de casa.,Melhorar: Empenhar-se mais nas aulas e avaliações.,Melhorar: Integrar-se mais aos Princípios Passos Mágicos.
RA-303,2022,Aluno-303,2008,,14.0,Masculino,2019,Pública,,,FASE 3,3.0,3,M,FASE 4,4.0,Fase 4 (9º ano),-1,-1.0,False,-1.0,Defasado,1.0,Ágata,6.03,5.0,3.9,7.2,7.5,7.5,,5.375,3.8,4.0,,Não,Não,Não atendido,Melhorar: Melhorar a sua entrega de lições de casa.,Melhorar: Empenhar-se mais nas aulas e avaliações.,Melhorar: Integrar-se mais aos Princípios Passos Mágicos.
RA-304,2022,Aluno-304,2007,,15.0,Masculino,2020,Pública,,,FASE 3,3.0,3,M,FASE 5,5.0,Fase 5 (1º EM),-2,-2.0,False,-2.0,Defasado,1.0,Ágata,6.355,5.0,4.3,7.7,8.8,7.5,,5.542,3.0,5.5,,Sim,Não,Não atendido,Destaque: A sua boa entrega das lições de casa.,Melhorar: Empenhar-se mais nas aulas e avaliações.,Melhorar: Integrar-se mais aos Princípios Passos Mágicos.
RA-305,2022,Aluno-305,2008,,14.0,Masculino,2019,Pública,,,FASE 3,3.0,3,M,FASE 4,4.0,Fase 4 (9º ano),-1,-1.0,False,-1.0,Defasado,1.0,Ágata,6.058,5.0,4.8,6.6,7.9,7.5,,5.208,2.8,6.7,,Não,Não,Não atendido,Melhorar: Melhorar a sua entrega de lições de casa.,Melhorar: Empenhar-se mais nas aulas e avaliações.,Melhorar: Integrar-se mais aos Princípios Passos Mágicos.
RA-306,2022,Aluno-306,2008,,14.0,Feminino,2021,Pública,,,FASE 3,3.0,3,M,FASE 4,4.0,Fase 4 (9º ano),-1,-1.0,False,-1.0,Defasado,1.0,Ágata,6.427,5.0,5.2,6.8,8.3,7.5,,5.958,4.7,5.8,5.0,Não,Não,Não atendido,Melhorar: Melhorar a sua entrega de lições de casa.,Melhorar: Empenhar-se mais nas aulas e avaliações.,Melhorar: Integrar-se mais aos Princípios Passos Mágicos.
RA-307,2022,Aluno-307,2008,,14.0,Masculino,2022,Pública,,,FASE 3,3.0,3,M,FASE 4,4.0,Fase 4 (9º ano),-1,-1.0,False,-1.0,Defasado,1.0,Quartzo,4.733,5.0,2.5,4.5,5.4,7.5,,4.708,5.0,0.0,,Não,Não,Não atendido,Melhorar: Melhorar a sua entrega de lições de casa.,Melhorar: Empenhar-se mais nas aulas e avaliações.,Melhorar: Integrar-se mais aos Princípios Passos Mágicos.
RA-308,2022,Aluno-308,2009,,13.0,Masculino,2019,Pública,,,FASE 3,3.0,3,M,FASE 3,3.0,Fase 3 (7º e 8º ano),0,0.0,False,0.0,Adequado,0.0,Ágata,6.93,10.0,5.0,7.4,7.9,6.9,,6.167,6.7,5.5,2.8,Sim,Não,Sem limitações,Melhorar: Melhorar a sua entrega de lições de casa.,Melhorar: Empenhar-se mais nas aulas e avaliações.,Melhorar: Integrar-se mais aos Princípios Passos Mágicos.
RA-309,2022,Aluno-309,2008,,14.0,Feminino,2022,Pública,,,FASE 3,3.0,3,M,FASE 4,4.0,Fase 4 (9º ano),-1,-1.0,False,-1.0,Defasado,1.0,Ágata,6.151,5.0,6.5,5.2,9.2,7.5,,5.083,7.0,6.0,,Não,Não,Não atendido,Melhorar: Melhorar a sua entrega de lições de casa.,Melhorar: Empenhar-se mais nas aulas e avaliações.,Melhorar: Integrar-se mais aos Princípios Passos Mágicos.
RA-310,2022,Aluno-310,2007,,15.0,Feminino,2022,Pública,,,FASE 3,3.0,3,M,FASE 5,5.0,Fase 5 (1º EM),-2,-2.0,False,-2.0,Defasado,1.0,Ágata,6.4,5.0,4.5,7.5,7.9,7.5,,6.0,3.7,3.8,6.0,Sim,Não,Não atendido,Destaque: A sua boa entrega das lições de casa.,Melhorar: Empenhar-se mais nas aulas e avaliações.,Melhorar: Integrar-se mais aos Princípios Passos Mágicos.
RA-311,2022,Aluno-311,2006,,16.0,Feminino,2022,Pública,,,FASE 3,3.0,3,N,FASE 6,6.0,Fase 6 (2º EM),-3,-3.0,False,-3.0,Defasado,1.0,Quartzo,5.652,2.5,5.2,5.6,7.9,5.0,,6.222,5.0,6.2,4.3,Não,Não,Requer avaliação,Melhorar: Melhorar a sua entrega de lições de casa.,Melhorar: Empenhar-se mais nas aulas e avaliações.,Melhorar: Integrar-se mais aos Princípios Passos Mágicos.
RA-312,2022,Aluno-312,2009,,13.0,Feminino,2022,Pública,,,FASE 3,3.0,3,N,FASE 3,3.0,Fase 3 (7º e 8º ano),0,0.0,False,0.0,Adequado,0.0,Ametista,7.339,10.0,5.2,8.1,9.6,7.5,,6.167,6.0,4.5,5.0,Não,Não,Não atendido,Destaque: A sua boa entrega das lições de casa.,Melhorar: Empenhar-se mais nas aulas e avaliações.,Melhorar: Integrar-se mais aos Princípios Passos Mágicos.
RA-313,2022,Aluno-313,2008,,14.0,Feminino,2022,Pública,,,FASE 3,3.0,3,N,FASE 4,4.0,Fase 4 (9º ano),-1,-1.0,False,-1.0,Defasado,1.0,Quartzo,5.8,5.0,4.1,7.0,7.5,5.0,,5.889,4.7,5.0,2.5,Não,Não,Requer avaliação,Melhorar: Melhorar a sua entrega de lições de casa.,Melhorar: Empenhar-se mais nas aulas e avaliações.,Melhorar: Integrar-se mais aos Princípios Passos Mágicos.
RA-314,2022,Aluno-314,2009,,13.0,Feminino,2022,Pública,,,FASE 3,3.0,3,N,FASE 3,3.0,Fase 3 (7º e 8º ano),0,0.0,False,0.0,Adequado,0.0,Ágata,6.1,10.0,5.3,5.4,5.4,5.0,,6.0,4.3,3.3,8.3,Não,Não,Requer avaliação,Melhorar: Melhorar a sua entrega de lições de casa.,Melhorar: Empenhar-se mais nas aulas e avaliações.,Melhorar: Integrar-se mais aos Princípios Passos Mágicos.
RA-315,2022,Aluno-315,2009,,13.0,Feminino,2022,Pública,,,FASE 3,3.0,3,N,FASE 3,3.0,Fase 3 (7º e 8º ano),0,0.0,False,0.0,Adequado,0.0,Quartzo,5.672,10.0,3.0,5.1,6.7,7.5,,5.056,3.0,4.2,1.8,Não,Não,Não atendido,Melhorar: Melhorar a sua entrega de lições de casa.,Melhorar: Empenhar-se mais nas aulas e avaliações.,Melhorar: Integrar-se mais aos Princípios Passos Mágicos.
RA-316,2022,Aluno-316,2008,,14.0,Feminino,2022,Pública,,,FASE 3,3.0,3,N,FASE 4,4.0,Fase 4 (9º ano),-1,-1.0,False,-1.0,Defasado,1.0,Ametista,7.889,5.0,6.1,10.0,10.0,6.9,,8.389,7.0,6.5,4.7,Sim,Sim,Não atendido,Destaque: A sua boa entrega das lições de casa.,Melhorar: Empenhar-se mais nas aulas e avaliações.,Destaque: A sua boa integração aos Princípios Passos Mágicos.
RA-317,2022,Aluno-317,2009,,13.0,Masculino,2021,Pública,,,FASE 3,3.0,3,N,FASE 3,3.0,Fase 3 (7º e 8º ano),0,0.0,False,0.0,Adequado,0.0,Ametista,7.04,10.0,6.8,5.6,8.8,7.5,,5.944,4.7,5.7,10.0,Não,Não,Não atendido,Melhorar: Melhorar a sua entrega de lições de casa.,Melhorar: Empenhar-se mais nas aulas e avaliações.,Melhorar: Integrar-se mais aos Princípios Passos Mágicos.
RA-318,2022,Aluno-318,2008,,14.0,Feminino,2019,Pública,,,FASE 3,3.0,3,N,FASE 4,4.0,Fase 4 (9º ano),-1,-1.0,False,-1.0,Defasado,1.0,Ágata,6.527,5.0,5.8,6.9,8.3,6.9,,6.111,4.3,5.8,7.3,Não,Não,Sem limitações,Melhorar: Melhorar a sua entrega de lições de casa.,Melhorar: Empenhar-se mais nas aulas e avaliações.,Melhorar: Integrar-se mais aos Princípios Passos Mágicos.
RA-319,2022,Aluno-319,2009,,13.0,Masculino,2022,Pública,,,FASE 3,3.0,3,N,FASE 3,3.0,Fase 3 (7º e 8º ano),0,0.0,False,0.0,Adequado,0.0,Ametista,7.448,10.0,5.2,7.7,9.2,7.5,,7.5,6.3,4.3,5.0,Não,Não,Não atendido,Destaque: A sua boa entrega das lições de casa.,Melhorar: Empenhar-se mais nas aulas e avaliações.,Destaque: A sua boa integração aos Princípios Passos Mágicos.
RA-320,2022,Aluno-320,2008,,14.0,Feminino,2022,Pública,,,FASE 3,3.0,3,N,FASE 4,4.0,Fase 4 (9º ano),-1,-1.0,False,-1.0,Defasado,1.0,Ametista,7.897,5.0,6.4,10.0,8.8,6.9,,8.667,7.3,6.3,5.7,Sim,Sim,Sem limitações,Destaque: A sua boa entrega das lições de casa.,Melhorar: Empenhar-se mais nas aulas e avaliações.,Destaque: A sua boa integração aos Princípios Passos Mágicos.
RA-321,2022,Aluno-321,2010,,12.0,Feminino,2022,Pública,,,FASE 3,3.0,3,N,FASE 3,3.0,Fase 3 (7º e 8º ano),0,0.0,False,0.0,Adequado,0.0,Ametista,7.792,10.0,5.2,9.1,9.2,5.6,,8.278,5.7,6.2,3.7,Sim,Não,Sem limitações,Destaque: A sua boa entrega das lições de casa.,Melhorar: Empenhar-se mais nas aulas e avaliações.,Destaque: A sua boa integração aos Princípios Passos Mágicos.
RA-322,2022,Aluno-322,2009,,13.0,Feminino,2022,Pública,,,FASE 3,3.0,3,N,FASE 3,3.0,Fase 3 (7º e 8º ano),0,0.0,False,0.0,Adequado,0.0,Ágata,6.859,10.0,4.7,8.1,7.1,5.0,,6.778,4.3,5.7,4.0,Não,Não,Requer avaliação,Destaque: A sua boa entrega das lições de casa.,Melhorar: Empenhar-se mais nas aulas e avaliações.,Melhorar: Integrar-se mais aos Princípios Passos Mágicos.
RA-323,2022,Aluno-323,2009,,13.0,Masculino,2022,Pública,,,FASE 3,3.0,3,N,FASE 3,3.0,Fase 3 (7º e 8º ano),0,0.0,False,0.0,Adequado,0.0,Ágata,6.86,10.0,3.4,7.3,9.2,7.5,,6.611,7.3,2.5,0.5,Não,Não,Sem limitações,Melhorar: Melhorar a sua entrega de lições de casa.,Melhorar: Empenhar-se mais nas aulas e avaliações.,Melhorar: Integrar-se mais aos Princípios Passos Mágicos.
RA-324,2022,Aluno-324,2012,,10.0,Feminino,2022,Pública,,,FASE 2,2.0,2,A,FASE 2,2.0,Fase 2 (5º e 6º ano),0,0.0,False,0.0,Adequado,0.0,Topázio,8.27,10.0,6.8,9.3,10.0,6.9,,8.611,6.3,7.2,,Sim,Sim,Sem limitações,Destaque: A sua boa entrega das lições de casa.,Melhorar: Empenhar-se mais nas aulas e avaliações.,Destaque: A sua boa integração aos Princípios Passos Mágicos.
RA-325,2022,Aluno-325,2012,,10.0,Masculino,2022,Pública,,,FASE 2,2.0,2,A,FASE 2,2.0,Fase 2 (5º e 6º ano),0,0.0,False,0.0,Adequado,0.0,Ametista,7.619,10.0,6.0,6.8,9.5,7.5,,8.444,6.0,6.0,,Sim,Sim,Sem limitações,Melhorar: Melhorar a sua entrega de lições de casa.,Melhorar: Empenhar-se mais nas aulas e avaliações.,Destaque: A sua boa integração aos Princípios Passos Mágicos.
RA-326,2022,Aluno-326,2010,,12.0,Feminino,2022,Pública,,,FASE 2,2.0,2,A,FASE 3,3.0,Fase 3 (7º e 8º ano),-1,-1.0,False,-1.0,Defasado,1.0,Topázio,8.22,5.0,9.0,9.7,10.0,5.0,,8.944,8.7,9.3,,Sim,Sim,Requer avaliação,Destaque: A sua boa entrega das lições de casa.,Destaque: As suas boas notas na Passos Mágicos.,Destaque: A sua boa integração aos Princípios Passos Mágicos.
RA-327,2022,Aluno-327,2011,,11.0,Masculino,2021,Pública,,,FASE 2,2.0,2,A,FASE 2,2.0,Fase 2 (5º e 6º ano),0,0.0,False,0.0,Adequado,0.0,Ágata,6.986,10.0,2.8,8.8,8.5,7.5,,7.333,2.3,3.2,,Não,Não,Sem limitações,Destaque: A sua boa entrega das lições de casa.,Melhorar: Empenhar-se mais nas aulas e avaliações.,Melhorar: Integrar-se mais aos Princípios Passos Mágicos.
RA-328,2022,Aluno-328,2010,,12.0,Masculino,2020,Pública,,,FASE 2,2.0,2,A,FASE 3,3.0,Fase 3 (7º e 8º ano),-1,-1.0,False,-1.0,Defasado,1.0,Ágata,6.823,5.0,5.3,7.0,10.0,7.5,,7.5,4.0,6.5,,Não,Não,Sem limitações,Melhorar: Melhorar a sua entrega de lições de casa.,Melhorar: Empenhar-se mais nas aulas e avaliações.,Melhorar: Integrar-se mais aos Princípios Passos Mágicos.
RA-329,2022,Aluno-329,2011,,11.0,Masculino,2019,Pública,,,FASE 2,2.0,2,A,FASE 2,2.0,Fase 2 (5º e 6º ano),0,0.0,False,0.0,Adequado,0.0,Ágata,6.313,10.0,5.0,6.9,7.4,4.4,,5.778,3.0,7.0,,Não,Não,Requer avaliação,Melhorar: Melhorar a sua entrega de lições de casa.,Melhorar: Empenhar-se mais nas aulas e avaliações.,Melhorar: Integrar-se mais aos Princípios Passos Mágicos.
RA-330,2022,Aluno-330,2008,,14.0,Feminino,2018,Pública,,,FASE 2,2.0,2,A,FASE 4,4.0,Fase 4 (9º ano),-2,-2.0,False,-2.0,Defasado,1.0,Ágata,6.446,5.0,2.5,8.8,9.5,7.5,,7.056,2.3,2.7,,Não,Não,Sem limitações,Destaque: A sua boa entrega das lições de casa.,Melhorar: Empenhar-se mais nas aulas e avaliações.,Melhorar: Integrar-se mais aos Princípios Passos Mágicos.
RA-331,2022,Aluno-331,2010,,12.0,Feminino,2019,Pública,,,FASE 2,2.0,2,A,FASE 3,3.0,Fase 3 (7º e 8º ano),-1,-1.0,False,-1.0,Defasado,1.0,Ágata,6.636,5.0,3.7,8.7,9.0,7.5,,6.944,2.3,5.0,,Não,Não,Sem limitações,Destaque: A sua boa entrega das lições de casa.,Melhorar: Empenhar-se mais nas aulas e avaliações.,Melhorar: Integrar-se mais aos Princípios Passos Mágicos.
RA-332,2022,Aluno-332,2009,,13.0,Masculino,2017,Rede Decisão,,,FASE 2,2.0,2,A,FASE 3,3.0,Fase 3 (7º e 8º ano),-1,-1.0,False,-1.0,Defasado,1.0,Ametista,7.883,5.0,7.5,9.0,9.5,8.1,,8.5,7.5,7.5,,Não,Sim,Sem limitações,Destaque: A sua boa entrega das lições de casa.,Destaque: As suas boas notas na Passos Mágicos.,Destaque: A sua boa integração aos Princípios Passos Mágicos.
RA-333,2022,Aluno-333,2008,,14.0,Masculino,2018,Escola JP II,,,FASE 2,2.0,2,A,FASE 4,4.0,Fase 4 (9º ano),-2,-2.0,False,-2.0,Defasado,1.0,Quartzo,5.249,5.0,2.9,5.8,8.0,3.8,,6.722,0.2,5.7,,Não,Não,Não indicado,Melhorar: Melhorar a sua entrega de lições de casa.,Melhorar: Empenhar-se mais nas aulas e avaliações.,Melhorar: Integrar-se mais aos Princípios Passos Mágicos.
RA-334,2022,Aluno-334,2011,,11.0,Feminino,2019,Rede Decisão,,,FASE 2,2.0,2,A,FASE 2,2.0,Fase 2 (5º e 6º ano),0,0.0,False,0.0,Adequado,0.0,Ametista,7.961,10.0,8.0,9.2,6.9,4.4,,8.722,7.0,9.0,,Não,Sim,Não indicado,Destaque: A sua boa entrega das lições de casa.,Destaque: As suas boas notas na Passos Mágicos.,Destaque: A sua boa integração aos Princípios Passos Mágicos.
RA-335,2022,Aluno-335,2012,,10.0,Masculino,2022,Pública,,,FASE 2,2.0,2,A,FASE 2,2.0,Fase 2 (5º e 6º ano),0,0.0,False,0.0,Adequado,0.0,Ametista,7.902,10.0,7.4,9.4,9.5,7.5,,6.833,5.8,9.0,,Não,Não,Sem limitações,Destaque: A sua boa entrega das lições de casa.,Melhorar: Empenhar-se mais nas aulas e avaliações.,Melhorar: Integrar-se mais aos Princípios Passos Mágicos.
RA-336,2022,Aluno-336,2009,,13.0,Masculino,2016,Pública,,,FASE 2,2.0,2,A,FASE 3,3.0,Fase 3 (7º e 8º ano),-1,-1.0,False,-1.0,Defasado,1.0,Ágata,6.787,5.0,5.1,8.5,9.5,4.4,,7.889,4.5,5.7,,Não,Não,Requer avaliação,Destaque: A sua boa entrega das lições de casa.,Melhorar: Empenhar-se mais nas aulas e avaliações.,Destaque: A sua boa integração aos Princípios Passos Mágicos.
RA-337,2022,Aluno-337,2011,,11.0,Masculino,2022,Pública,,,FASE 2,2.0,2,B,FASE 2,2.0,Fase 2 (5º e 6º ano),0,0.0,False,0.0,Adequado,0.0,Ametista,7.914,10.0,5.8,9.3,10.0,7.5,,7.611,7.5,4.0,,Não,Não,Não atendido,Destaque: A sua boa entrega das lições de casa.,Melhorar: Empenhar-se mais nas aulas e avaliações.,Destaque: A sua boa integração aos Princípios Passos Mágicos.
RA-338,2022,Aluno-338,2010,,12.0,Masculino,2019,Pública,,,FASE 2,2.0,2,B,FASE 3,3.0,Fase 3 (7º e 8º ano),-1,-1.0,False,-1.0,Defasado,1.0,Ágata,6.837,5.0,5.8,7.3,8.5,7.5,,7.611,5.3,6.2,,Não,Não,Não atendido,Melhorar: Melhorar a sua entrega de lições de casa.,Melhorar: Empenhar-se mais nas aulas e avaliações.,Destaque: A sua boa integração aos Princípios Passos Mágicos.
RA-339,2022,Aluno-339,2011,,11.0,Feminino,2019,Pública,,,FASE 2,2.0,2,B,FASE 2,2.0,Fase 2 (5º e 6º ano),0,0.0,False,0.0,Adequado,0.0,Topázio,8.488,10.0,8.1,9.9,6.9,7.5,,8.889,7.1,9.2,,Sim,Sim,Não atendido,Destaque: A sua boa entrega das lições de casa.,Destaque: As suas boas notas na Passos Mágicos.,Destaque: A sua boa integração aos Princípios Passos Mágicos.
RA-340,2022,Aluno-340,2011,,11.0,Masculino,2017,Pública,,,FASE 2,2.0,2,B,FASE 2,2.0,Fase 2 (5º e 6º ano),0,0.0,False,0.0,Adequado,0.0,Ametista,7.721,10.0,6.5,8.2,9.0,7.5,,7.667,6.0,7.0,,Não,Não,Não atendido,Destaque: A sua boa entrega das lições de casa.,Melhorar: Empenhar-se mais nas aulas e avaliações.,Destaque: A sua boa integração aos Princípios Passos Mágicos.
RA-341,2022,Aluno-341,2010,,12.0,Masculino,2022,Pública,,,FASE 2,2.0,2,B,FASE 3,3.0,Fase 3 (7º e 8º ano),-1,-1.0,False,-1.0,Defasado,1.0,Ágata,6.854,5.0,5.8,7.7,8.0,7.5,,7.5,5.0,6.5,,Não,Não,Não atendido,Destaque: A sua boa entrega das lições de casa.,Melhorar: Empenhar-se mais nas aulas e avaliações.,Destaque: A sua boa integração aos Princípios Passos Mágicos.
RA-342,2022,Aluno-342,2008,,14.0,Feminino,2021,Pública,,,FASE 2,2.0,2,B,FASE 4,4.0,Fase 4 (9º ano),-2,-2.0,False,-2.0,Defasado,1.0,Ágata,6.941,5.0,6.6,6.7,9.0,7.5,,7.5,5.5,7.7,,Não,Não,Não atendido,Melhorar: Melhorar a sua entrega de lições de casa.,Melhorar: Empenhar-se mais nas aulas e avaliações.,Destaque: A sua boa integração aos Princípios Passos Mágicos.
RA-343,2022,Aluno-343,2008,,14.0,Masculino,2020,Pública,,,FASE 2,2.0,2,B,FASE 4,4.0,Fase 4 (9º ano),-2,-2.0,False,-2.0,Defasado,1.0,Ágata,6.9,5.0,5.9,7.4,9.5,7.5,,7.167,4.2,7.7,,Não,Não,Não atendido,Melhorar: Melhorar a sua entrega de lições de casa.,Melhorar: Empenhar-se mais nas aulas e avaliações.,Melhorar: Integrar-se mais aos Princípios Passos Mágicos.
RA-344,2022,Aluno-344,2011,,11.0,Masculino,2019,Pública,,,FASE 2,2.0,2,B,FASE 2,2.0,Fase 2 (5º e 6º ano),0,0.0,False,0.0,Adequado,0.0,Ametista,7.263,10.0,4.5,8.3,8.5,7.5,,7.5,2.3,6.7,,Não,Não,Não atendido,Destaque: A sua boa entrega das lições de casa.,Melhorar: Empenhar-se mais nas aulas e avaliações.,Destaque: A sua boa integração aos Princípios Passos Mágicos.
RA-345,2022,Aluno-345,2009,,13.0,Masculino,2021,Pública,,,FASE 2,2.0,2,B,FASE 3,3.0,Fase 3 (7º e 8º ano),-1,-1.0,False,-1.0,Defasado,1.0,Quartzo,5.75,5.0,3.6,5.4,9.5,5.6,,6.667,1.3,5.8,,Não,Não,Requer avaliação,Melhorar: Melhorar a sua entrega de lições de casa.,Melhorar: Empenhar-se mais nas aulas e avaliações.,Melhorar: Integrar-se mais aos Princípios Passos Mágicos.
RA-346,2022,Aluno-346,2012,,10.0,Masculino,2022,Pública,,,FASE 2,2.0,2,B,FASE 2,2.0,Fase 2 (5º e 6º ano),0,0.0,False,0.0,Adequado,0.0,Topázio,8.143,10.0,7.0,9.1,10.0,7.5,,7.889,6.0,8.0,,Não,Não,Não atendido,Destaque: A sua boa entrega das lições de casa.,Melhorar: Empenhar-se mais nas aulas e avaliações.,Destaque: A sua boa integração aos Princípios Passos Mágicos.
RA-347,2022,Aluno-347,2010,,12.0,Feminino,2019,Pública,,,FASE 2,2.0,2,B,FASE 3,3.0,Fase 3 (7º e 8º ano),-1,-1.0,False,-1.0,Defasado,1.0,Ametista,7.908,5.0,8.5,10.0,9.0,5.6,,8.0,8.5,8.5,,Sim,Não,Sem limitações,Destaque: A sua boa entrega das lições de casa.,Destaque: As suas boas notas na Passos Mágicos.,Destaque: A sua boa integração aos Princípios Passos Mágicos.
RA-348,2022,Aluno-348,2010,,12.0,Masculino,2022,Pública,,,FASE 2,2.0,2,B,FASE 3,3.0,Fase 3 (7º e 8º ano),-1,-1.0,False,-1.0,Defasado,1.0,Quartzo,5.864,5.0,1.8,8.7,9.0,7.5,,5.833,0.5,3.0,,Não,Não,Sem limitações,Destaque: A sua boa entrega das lições de casa.,Melhorar: Empenhar-se mais nas aulas e avaliações.,Melhorar: Integrar-se mais aos Princípios Passos Mágicos.
RA-349,2022,Aluno-349,2010,,12.0,Masculino,2021,Pública,,,FASE 2,2.0,2,B,FASE 3,3.0,Fase 3 (7º e 8º ano),-1,-1.0,False,-1.0,Defasado,1.0,Quartzo,5.658,5.0,3.7,7.7,9.5,7.5,,3.944,2.2,5.2,,Não,Não,Sem limitações,Destaque: A sua boa entrega das lições de casa.,Melhorar: Empenhar-se mais nas aulas e avaliações.,Melhorar: Integrar-se mais aos Princípios Passos Mágicos.
RA-350,2022,Aluno-350,2011,,11.0,Feminino,2022,Pública,,,FASE 2,2.0,2,D,FASE 2,2.0,Fase 2 (5º e 6º ano),0,0.0,False,0.0,Adequado,0.0,Topázio,8.206,10.0,6.5,8.8,10.0,7.5,,8.611,7.0,6.0,,Não,Sim,Não atendido,Destaque: A sua boa entrega das lições de casa.,Melhorar: Empenhar-se mais nas aulas e avaliações.,Destaque: A sua boa integração aos Princípios Passos Mágicos.
RA-351,2022,Aluno-351,2008,,14.0,Masculino,2022,Pública,,,FASE 2,2.0,2,D,FASE 4,4.0,Fase 4 (9º ano),-2,-2.0,False,-2.0,Defasado,1.0,Ágata,6.622,5.0,4.0,7.2,9.0,7.5,,8.111,3.2,4.8,,Não,Não,Não atendido,Melhorar: Melhorar a sua entrega de lições de casa.,Melhorar: Empenhar-se mais nas aulas e avaliações.,Destaque: A sua boa integração aos Princípios Passos Mágicos.
RA-352,2022,Aluno-352,2011,,11.0,Masculino,2019,Pública,,,FASE 2,2.0,2,D,FASE 2,2.0,Fase 2 (5º e 6º ano),0,0.0,False,0.0,Adequado,0.0,Ametista,7.834,10.0,7.0,8.1,9.0,5.6,,8.389,7.3,6.7,,Não,Sim,Requer avaliação,Destaque: A sua boa entrega das lições de casa.,Melhorar: Empenhar-se mais nas aulas e avaliações.,Destaque: A sua boa integração aos Princípios Passos Mágicos.
RA-353,2022,Aluno-353,2011,,11.0,Feminino,2022,Pública,,,FASE 2,2.0,2,D,FASE 2,2.0,Fase 2 (5º e 6º ano),0,0.0,False,0.0,Adequado,0.0,Topázio,8.264,10.0,7.5,10.0,7.0,7.5,,8.444,8.0,7.0,,Não,Sim,Não atendido,Destaque: A sua boa entrega das lições de casa.,Destaque: As suas boas notas na Passos Mágicos.,Destaque: A sua boa integração aos Princípios Passos Mágicos.
RA-354,2022,Aluno-354,2009,,13.0,Feminino,2018,Pública,,,FASE 2,2.0,2,D,FASE 3,3.0,Fase 3 (7º e 8º ano),-1,-1.0,False,-1.0,Defasado,1.0,Quartzo,5.858,5.0,4.5,4.3,8.5,7.5,,7.333,2.8,6.2,,Não,Não,Não atendido,Melhorar: Melhorar a sua entrega de lições de casa.,Melhorar: Empenhar-se mais nas aulas e avaliações.,Melhorar: Integrar-se mais aos Princípios Passos Mágicos.
RA-355,2022,Aluno-355,2010,,12.0,Feminino,2018,Pública,,,FASE 2,2.0,2,D,FASE 3,3.0,Fase 3 (7º e 8º ano),-1,-1.0,False,-1.0,Defasado,1.0,Quartzo,5.379,5.0,4.5,5.0,5.8,7.5,,6.056,5.5,3.5,,Não,Não,Não atendido,Melhorar: Melhorar a sua entrega de lições de casa.,Melhorar: Empenhar-se mais nas aulas e avaliações.,Melhorar: Integrar-se mais aos Princípios Passos Mágicos.
RA-356,2022,Aluno-356,2010,,12.0,Masculino,2019,Pública,,,FASE 2,2.0,2,D,FASE 3,3.0,Fase 3 (7º e 8º ano),-1,-1.0,False,-1.0,Defasado,1.0,Ágata,6.69,5.0,4.6,8.4,10.0,5.0,,8.278,5.3,3.8,,Não,Não,Requer avaliação,Destaque: A sua boa entrega das lições de casa.,Melhorar: Empenhar-se mais nas aulas e avaliações.,Destaque: A sua boa integração aos Princípios Passos Mágicos.
RA-357,2022,Aluno-357,2010,,12.0,Masculino,2022,Pública,,,FASE 2,2.0,2,D,FASE 3,3.0,Fase 3 (7º e 8º ano),-1,-1.0,False,-1.0,Defasado,1.0,Ametista,7.836,5.0,8.5,9.6,8.0,7.5,,7.778,10.0,7.0,,Não,Não,Não atendido,Destaque: A sua boa entrega das lições de casa.,Destaque: As suas boas notas na Passos Mágicos.,Destaque: A sua boa integração aos Princípios Passos Mágicos.
RA-358,2022,Aluno-358,2009,,13.0,Masculino,2022,Pública,,,FASE 2,2.0,2,D,FASE 3,3.0,Fase 3 (7º e 8º ano),-1,-1.0,False,-1.0,Defasado,1.0,Quartzo,5.412,5.0,0.0,6.5,7.5,7.5,,7.556,0.0,0.0,,Não,Não,Não atendido,Melhorar: Melhorar a sua entrega de lições de casa.,Melhorar: Empenhar-se mais nas aulas e avaliações.,Destaque: A sua boa integração aos Princípios Passos Mágicos.
RA-359,2022,Aluno-359,2010,,12.0,Feminino,2019,Pública,,,FASE 2,2.0,2,D,FASE 3,3.0,Fase 3 (7º e 8º ano),-1,-1.0,False,-1.0,Defasado,1.0,Ágata,6.606,5.0,4.6,7.0,9.0,7.5,,7.5,3.3,5.8,,Não,Não,Não atendido,Melhorar: Melhorar a sua entrega de lições de casa.,Melhorar: Empenhar-se mais nas aulas e avaliações.,Melhorar: Integrar-se mais aos Princípios Passos Mágicos.
RA-360,2022,Aluno-360,2010,,12.0,Feminino,2019,Pública,,,FASE 2,2.0,2,D,FASE 3,3.0,Fase 3 (7º e 8º ano),-1,-1.0,False,-1.0,Defasado,1.0,Ametista,7.075,5.0,5.2,8.5,9.5,7.5,,7.5,4.7,5.7,,Não,Não,Não atendido,Destaque: A sua boa entrega das lições de casa.,Melhorar: Empenhar-se mais nas aulas e avaliações.,Melhorar: Integrar-se mais aos Princípios Passos Mágicos.
RA-361,2022,Aluno-361,2009,,13.0,Feminino,2022,Pública,,,FASE 2,2.0,2,F,FASE 3,3.0,Fase 3 (7º e 8º ano),-1,-1.0,False,-1.0,Defasado,1.0,Ágata,6.731,5.0,5.0,9.2,7.9,6.3,,6.778,4.0,6.0,,Não,Não,Sem limitações,Destaque: A sua boa entrega das lições de casa.,Melhorar: Empenhar-se mais nas aulas e avaliações.,Melhorar: Integrar-se mais aos Princípios Passos Mágicos.
RA-362,2022,Aluno-362,2010,,12.0,Feminino,2018,Pública,,,FASE 2,2.0,2,F,FASE 3,3.0,Fase 3 (7º e 8º ano),-1,-1.0,False,-1.0,Defasado,1.0,Ametista,7.413,5.0,7.9,7.9,8.5,7.5,,7.5,6.5,9.3,,Não,Não,Sem limitações,Destaque: A sua boa entrega das lições de casa.,Destaque: As suas boas notas na Passos Mágicos.,Destaque: A sua boa integração aos Princípios Passos Mágicos.
RA-363,2022,Aluno-363,2010,,12.0,Masculino,2022,Pública,,,FASE 2,2.0,2,F,FASE 3,3.0,Fase 3 (7º e 8º ano),-1,-1.0,False,-1.0,Defasado,1.0,Ágata,6.644,5.0,2.0,10.0,10.0,6.9,,7.056,1.0,3.0,,Não,Não,Sem limitações,Destaque: A sua boa entrega das lições de casa.,Melhorar: Empenhar-se mais nas aulas e avaliações.,Melhorar: Integrar-se mais aos Princípios Passos Mágicos.
RA-364,2022,Aluno-364,2011,,11.0,Masculino,2019,Pública,,,FASE 2,2.0,2,F,FASE 2,2.0,Fase 2 (5º e 6º ano),0,0.0,False,0.0,Adequado,0.0,Topázio,8.75,10.0,8.8,10.0,9.5,7.5,,8.167,9.5,8.0,,Não,Não,Sem limitações,Destaque: A sua boa entrega das lições de casa.,Destaque: As suas boas notas na Passos Mágicos.,Destaque: A sua boa integração aos Princípios Passos Mágicos.
RA-365,2022,Aluno-365,2012,,10.0,Feminino,2022,Pública,,,FASE 2,2.0,2,F,FASE 2,2.0,Fase 2 (5º e 6º ano),0,0.0,False,0.0,Adequado,0.0,Topázio,8.063,10.0,7.8,10.0,8.0,5.0,,7.833,6.0,9.5,,Não,Não,Sem limitações,Destaque: A sua boa entrega das lições de casa.,Destaque: As suas boas notas na Passos Mágicos.,Destaque: A sua boa integração aos Princípios Passos Mágicos.
RA-366,2022,Aluno-366,2010,,12.0,Masculino,2022,Pública,,,FASE 2,2.0,2,F,FASE 3,3.0,Fase 3 (7º e 8º ano),-1,-1.0,False,-1.0,Defasado,1.0,Ametista,7.181,5.0,5.5,9.4,9.5,7.5,,6.833,6.0,5.0,,Não,Não,Sem limitações,Destaque: A sua boa entrega das lições de casa.,Melhorar: Empenhar-se mais nas aulas e avaliações.,Melhorar: Integrar-se mais aos Princípios Passos Mágicos.
RA-367,2022,Aluno-367,2010,,12.0,Feminino,2018,Pública,,,FASE 2,2.0,2,F,FASE 3,3.0,Fase 3 (7º e 8º ano),-1,-1.0,False,-1.0,Defasado,1.0,Ágata,6.95,5.0,6.7,7.4,8.5,6.3,,7.5,5.2,8.2,,Não,Não,Sem limitações,Melhorar: Melhorar a sua entrega de lições de casa.,Melhorar: Empenhar-se mais nas aulas e avaliações.,Destaque: A sua boa integração aos Princípios Passos Mágicos.
RA-368,2022,Aluno-368,2009,,13.0,Masculino,2018,Rede Decisão,,,FASE 2,2.0,2,F,FASE 3,3.0,Fase 3 (7º e 8º ano),-1,-1.0,False,-1.0,Defasado,1.0,Ágata,6.969,5.0,7.3,7.9,8.0,5.0,,7.5,5.5,9.0,,Não,Não,Requer avaliação,Destaque: A sua boa entrega das lições de casa.,Melhorar: Empenhar-se mais nas aulas e avaliações.,Destaque: A sua boa integração aos Princípios Passos Mágicos.
RA-369,2022,Aluno-369,2011,,11.0,Masculino,2022,Pública,,,FASE 2,2.0,2,F,FASE 2,2.0,Fase 2 (5º e 6º ano),0,0.0,False,0.0,Adequado,0.0,Ágata,6.973,10.0,4.8,6.9,9.0,7.5,,6.889,4.0,5.5,,Não,Não,Sem limitações,Melhorar: Melhorar a sua entrega de lições de casa.,Melhorar: Empenhar-se mais nas aulas e avaliações.,Melhorar: Integrar-se mais aos Princípios Passos Mágicos.
RA-370,2022,Aluno-370,2010,,12.0,Feminino,2018,Rede Decisão,,,FASE 2,2.0,2,F,FASE 3,3.0,Fase 3 (7º e 8º ano),-1,-1.0,False,-1.0,Defasado,1.0,Ametista,7.066,5.0,7.2,8.2,8.5,5.0,,7.611,5.2,9.2,,Não,Não,Requer avaliação,Destaque: A sua boa entrega das lições de casa.,Melhorar: Empenhar-se mais nas aulas e avaliações.,Destaque: A sua boa integração aos Princípios Passos Mágicos.
RA-371,2022,Aluno-371,2012,,10.0,Feminino,2022,Pública,,,FASE 2,2.0,2,F,FASE 2,2.0,Fase 2 (5º e 6º ano),0,0.0,False,0.0,Adequado,0.0,Topázio,8.112,10.0,8.4,8.0,9.5,6.9,,7.667,7.8,9.0,,Não,Não,Sem limitações,Destaque: A sua boa entrega das lições de casa.,Destaque: As suas boas notas na Passos Mágicos.,Destaque: A sua boa integração aos Princípios Passos Mágicos.
RA-372,2022,Aluno-372,2012,,10.0,Masculino,2021,Pública,,,FASE 2,2.0,2,F,FASE 2,2.0,Fase 2 (5º e 6º ano),0,0.0,False,0.0,Adequado,0.0,Ametista,7.304,10.0,7.8,5.5,8.5,6.9,,7.389,8.3,7.2,,Não,Não,Sem limitações,Melhorar: Melhorar a sua entrega de lições de casa.,Destaque: As suas boas notas na Passos Mágicos.,Melhorar: Integrar-se mais aos Princípios Passos Mágicos.
RA-373,2022,Aluno-373,2011,,11.0,Masculino,2022,Pública,,,FASE 2,2.0,2,F,FASE 2,2.0,Fase 2 (5º e 6º ano),0,0.0,False,0.0,Adequado,0.0,Ametista,7.503,10.0,7.3,9.5,6.4,5.0,,6.944,6.5,8.0,,Não,Não,Requer avaliação,Destaque: A sua boa entrega das lições de casa.,Melhorar: Empenhar-se mais nas aulas e avaliações.,Melhorar: Integrar-se mais aos Princípios Passos Mágicos.
RA-374,2022,Aluno-374,2010,,12.0,Feminino,2021,Pública,,,FASE 2,2.0,2,F,FASE 3,3.0,Fase 3 (7º e 8º ano),-1,-1.0,False,-1.0,Defasado,1.0,Ametista,7.747,5.0,6.9,9.8,9.0,7.5,,7.944,5.3,8.5,,Não,Não,Sem limitações,Destaque: A sua boa entrega das lições de casa.,Melhorar: Empenhar-se mais nas aulas e avaliações.,Destaque: A sua boa integração aos Princípios Passos Mágicos.
RA-375,2022,Aluno-375,2011,,11.0,Masculino,2019,Pública,,,FASE 2,2.0,2,F,FASE 2,2.0,Fase 2 (5º e 6º ano),0,0.0,False,0.0,Adequado,0.0,Ametista,7.831,10.0,5.4,9.5,9.0,7.5,,7.667,3.3,7.5,,Não,Não,Sem limitações,Destaque: A sua boa entrega das lições de casa.,Melhorar: Empenhar-se mais nas aulas e avaliações.,Destaque: A sua boa integração aos Princípios Passos Mágicos.
RA-376,2022,Aluno-376,2010,,12.0,Feminino,2019,Pública,,,FASE 2,2.0,2,F,FASE 3,3.0,Fase 3 (7º e 8º ano),-1,-1.0,False,-1.0,Defasado,1.0,Ágata,6.957,5.0,4.3,9.0,9.0,7.5,,7.5,2.0,6.7,,Não,Não,Sem limitações,Destaque: A sua boa entrega das lições de casa.,Melhorar: Empenhar-se mais nas aulas e avaliações.,Destaque: A sua boa integração aos Princípios Passos Mágicos.
RA-377,2022,Aluno-377,2010,,12.0,Feminino,2021,Pública,,,FASE 2,2.0,2,F,FASE 3,3.0,Fase 3 (7º e 8º ano),-1,-1.0,False,-1.0,Defasado,1.0,Ágata,6.743,5.0,6.2,7.7,9.0,5.6,,6.833,4.3,8.0,,Não,Não,Requer avaliação,Destaque: A sua boa entrega das lições de casa.,Melhorar: Empenhar-se mais nas aulas e avaliações.,Melhorar: Integrar-se mais aos Princípios Passos Mágicos.
RA-378,2022,Aluno-378,2010,,12.0,Masculino,2021,Pública,,,FASE 2,2.0,2,I,FASE 3,3.0,Fase 3 (7º e 8º ano),-1,-1.0,False,-1.0,Defasado,1.0,Ametista,7.203,5.0,8.1,6.8,9.0,5.6,,7.889,8.7,7.5,,Sim,Não,Requer avaliação,Melhorar: Melhorar a sua entrega de lições de casa.,Destaque: As suas boas notas na Passos Mágicos.,Destaque: A sua boa integração aos Princípios Passos Mágicos.
RA-379,2022,Aluno-379,2009,,13.0,Feminino,2022,Pública,,,FASE 2,2.0,2,I,FASE 3,3.0,Fase 3 (7º e 8º ano),-1,-1.0,False,-1.0,Defasado,1.0,Ágata,6.722,5.0,5.0,8.1,8.5,7.5,,6.778,5.0,5.0,,Não,Não,Sem limitações,Destaque: A sua boa entrega das lições de casa.,Melhorar: Empenhar-se mais nas aulas e avaliações.,Melhorar: Integrar-se mais aos Princípios Passos Mágicos.
RA-380,2022,Aluno-380,2009,,13.0,Masculino,2017,Pública,,,FASE 2,2.0,2,I,FASE 3,3.0,Fase 3 (7º e 8º ano),-1,-1.0,False,-1.0,Defasado,1.0,Quartzo,4.556,5.0,2.5,4.4,7.9,5.0,,4.833,2.3,2.7,,Não,Não,Requer avaliação,Melhorar: Melhorar a sua entrega de lições de casa.,Melhorar: Empenhar-se mais nas aulas e avaliações.,Melhorar: Integrar-se mais aos Princípios Passos Mágicos.
RA-381,2022,Aluno-381,2009,,13.0,Masculino,2018,Pública,,,FASE 2,2.0,2,I,FASE 3,3.0,Fase 3 (7º e 8º ano),-1,-1.0,False,-1.0,Defasado,1.0,Ágata,6.454,5.0,3.3,8.3,9.0,6.9,,6.944,1.5,5.2,,Não,Não,Sem limitações,Destaque: A sua boa entrega das lições de casa.,Melhorar: Empenhar-se mais nas aulas e avaliações.,Melhorar: Integrar-se mais aos Princípios Passos Mágicos.
RA-382,2022,Aluno-382,2008,,14.0,Masculino,2017,Pública,,,FASE 2,2.0,2,I,FASE 4,4.0,Fase 4 (9º ano),-2,-2.0,False,-2.0,Defasado,1.0,Ágata,6.777,5.0,5.4,7.7,9.0,6.3,,7.333,4.0,6.8,,Não,Não,Sem limitações,Destaque: A sua boa entrega das lições de casa.,Melhorar: Empenhar-se mais nas aulas e avaliações.,Melhorar: Integrar-se mais aos Princípios Passos Mágicos.
RA-383,2022,Aluno-383,2011,,11.0,Masculino,2019,Pública,,,FASE 2,2.0,2,I,FASE 2,2.0,Fase 2 (5º e 6º ano),0,0.0,False,0.0,Adequado,0.0,Topázio,8.4,10.0,8.1,9.6,9.0,7.5,,7.778,8.0,8.2,,Não,Não,Sem limitações,Destaque: A sua boa entrega das lições de casa.,Destaque: As suas boas notas na Passos Mágicos.,Destaque: A sua boa integração aos Princípios Passos Mágicos.
RA-384,2022,Aluno-384,2010,,12.0,Feminino,2017,Pública,,,FASE 2,2.0,2,I,FASE 3,3.0,Fase 3 (7º e 8º ano),-1,-1.0,False,-1.0,Defasado,1.0,Ametista,7.558,5.0,8.1,8.4,9.0,6.3,,8.0,8.0,8.2,,Não,Não,Requer avaliação,Destaque: A sua boa entrega das lições de casa.,Destaque: As suas boas notas na Passos Mágicos.,Destaque: A sua boa integração aos Princípios Passos Mágicos.
RA-385,2022,Aluno-385,2010,,12.0,Feminino,2022,Pública,,,FASE 2,2.0,2,I,FASE 3,3.0,Fase 3 (7º e 8º ano),-1,-1.0,False,-1.0,Defasado,1.0,Ágata,6.083,5.0,4.9,7.5,7.4,5.0,,6.5,2.7,7.2,,Não,Não,Sem limitações,Melhorar: Melhorar a sua entrega de lições de casa.,Melhorar: Empenhar-se mais nas aulas e avaliações.,Melhorar: Integrar-se mais aos Princípios Passos Mágicos.
RA-386,2022,Aluno-386,2009,,13.0,Masculino,2019,Pública,,,FASE 2,2.0,2,I,FASE 3,3.0,Fase 3 (7º e 8º ano),-1,-1.0,False,-1.0,Defasado,1.0,Ágata,6.104,5.0,4.0,5.9,10.0,5.6,,7.222,3.7,4.3,,Não,Não,Requer avaliação,Melhorar: Melhorar a sua entrega de lições de casa.,Melhorar: Empenhar-se mais nas aulas e avaliações.,Melhorar: Integrar-se mais aos Princípios Passos Mágicos.
RA-387,2022,Aluno-387,2009,,13.0,Masculino,2019,Pública,,,FASE 2,2.0,2,I,FASE 3,3.0,Fase 3 (7º e 8º ano),-1,-1.0,False,-1.0,Defasado,1.0,Ágata,6.323,5.0,3.7,8.2,7.0,7.5,,6.833,1.3,6.0,,Não,Não,Sem limitações,Destaque: A sua boa entrega das lições de casa.,Melhorar: Empenhar-se mais nas aulas e avaliações.,Melhorar: Integrar-se mais aos Princípios Passos Mágicos.
RA-388,2022,Aluno-388,2008,,14.0,Feminino,2019,Pública,,,FASE 2,2.0,2,I,FASE 4,4.0,Fase 4 (9º ano),-2,-2.0,False,-2.0,Defasado,1.0,Ágata,6.654,5.0,4.5,8.5,7.9,5.6,,7.722,3.5,5.5,,Não,Não,Requer avaliação,Destaque: A sua boa entrega das lições de casa.,Melhorar: Empenhar-se mais nas aulas e avaliações.,Destaque: A sua boa integração aos Princípios Passos Mágicos.
RA-389,2022,Aluno-389,2011,,11.0,Masculino,2019,Pública,,,FASE 2,2.0,2,I,FASE 2,2.0,Fase 2 (5º e 6º ano),0,0.0,False,0.0,Adequado,0.0,Ametista,7.184,10.0,3.5,8.9,8.0,7.5,,7.556,2.0,5.0,,Não,Não,Sem limitações,Destaque: A sua boa entrega das lições de casa.,Melhorar: Empenhar-se mais nas aulas e avaliações.,Destaque: A sua boa integração aos Princípios Passos Mágicos.
RA-390,2022,Aluno-390,2010,,12.0,Feminino,2022,Pública,,,FASE 2,2.0,2,I,FASE 3,3.0,Fase 3 (7º e 8º ano),-1,-1.0,False,-1.0,Defasado,1.0,Ágata,6.776,5.0,4.7,8.8,7.4,6.3,,7.722,4.0,5.3,,Não,Não,Requer avaliação,Destaque: A sua boa entrega das lições de casa.,Melhorar: Empenhar-se mais nas aulas e avaliações.,Destaque: A sua boa integração aos Princípios Passos Mágicos.
RA-391,2022,Aluno-391,2010,,12.0,Feminino,2022,Pública,,,FASE 2,2.0,2,J,FASE 3,3.0,Fase 3 (7º e 8º ano),-1,-1.0,False,-1.0,Defasado,1.0,Ametista,7.117,5.0,5.1,8.1,10.0,7.5,,8.056,5.0,5.2,,Não,Não,Sem limitações,Destaque: A sua boa entrega das lições de casa.,Melhorar: Empenhar-se mais nas aulas e avaliações.,Destaque: A sua boa integração aos Princípios Passos Mágicos.
RA-392,2022,Aluno-392,2008,,14.0,Masculino,2022,Pública,,,FASE 2,2.0,2,J,FASE 4,4.0,Fase 4 (9º ano),-2,-2.0,False,-2.0,Defasado,1.0,Ágata,6.418,5.0,4.8,8.8,9.5,5.6,,6.778,3.7,5.8,,Não,Não,Não indicado,Destaque: A sua boa entrega das lições de casa.,Melhorar: Empenhar-se mais nas aulas e avaliações.,Melhorar: Integrar-se mais aos Princípios Passos Mágicos.
RA-393,2022,Aluno-393,2006,,16.0,Feminino,2018,Pública,,,FASE 2,2.0,2,J,FASE 6,6.0,Fase 6 (2º EM),-4,-4.0,False,-4.0,Defasado,1.0,Quartzo,5.518,2.5,4.6,5.4,10.0,5.0,,6.778,4.7,4.5,,Não,Não,Não indicado,Melhorar: Melhorar a sua entrega de lições de casa.,Melhorar: Empenhar-se mais nas aulas e avaliações.,Melhorar: Integrar-se mais aos Princípios Passos Mágicos.
RA-394,2022,Aluno-394,2011,,11.0,Feminino,2022,Pública,,,FASE 2,2.0,2,J,FASE 2,2.0,Fase 2 (5º e 6º ano),0,0.0,False,0.0,Adequado,0.0,Ametista,7.897,10.0,5.9,8.6,9.5,7.5,,8.444,4.3,7.5,,Não,Sim,Sem limitações,Destaque: A sua boa entrega das lições de casa.,Melhorar: Empenhar-se mais nas aulas e avaliações.,Destaque: A sua boa integração aos Princípios Passos Mágicos.
RA-395,2022,Aluno-395,2011,,11.0,Feminino,2018,Pública,,,FASE 2,2.0,2,J,FASE 2,2.0,Fase 2 (5º e 6º ano),0,0.0,False,0.0,Adequado,0.0,Ametista,7.683,10.0,4.9,8.9,9.0,7.5,,8.333,4.2,5.7,,Não,Não,Sem limitações,Destaque: A sua boa entrega das lições de casa.,Melhorar: Empenhar-se mais nas aulas e avaliações.,Destaque: A sua boa integração aos Princípios Passos Mágicos.
RA-396,2022,Aluno-396,2010,,12.0,Masculino,2022,Pública,,,FASE 2,2.0,2,J,FASE 3,3.0,Fase 3 (7º e 8º ano),-1,-1.0,False,-1.0,Defasado,1.0,Ágata,6.556,5.0,5.6,8.0,9.0,6.3,,6.556,4.7,6.5,,Não,Não,Requer avaliação,Destaque: A sua boa entrega das lições de casa.,Melhorar: Empenhar-se mais nas aulas e avaliações.,Melhorar: Integrar-se mais aos Princípios Passos Mágicos.
RA-397,2022,Aluno-397,2008,,14.0,Feminino,2017,Pública,,,FASE 2,2.0,2,J,FASE 4,4.0,Fase 4 (9º ano),-2,-2.0,False,-2.0,Defasado,1.0,Quartzo,5.852,5.0,2.8,5.7,9.0,6.9,,7.167,3.3,2.3,,Não,Não,Requer avaliação,Melhorar: Melhorar a sua entrega de lições de casa.,Melhorar: Empenhar-se mais nas aulas e avaliações.,Melhorar: Integrar-se mais aos Princípios Passos Mágicos.
RA-398,2022,Aluno-398,2012,,10.0,Feminino,2022,Pública,,,FASE 2,2.0,2,K,FASE 2,2.0,Fase 2 (5º e 6º ano),0,0.0,False,0.0,Adequado,0.0,Ametista,7.742,10.0,5.5,9.3,9.0,7.5,,7.5,3.0,8.0,,Não,Não,Sem limitações,Destaque: A sua boa entrega das lições de casa.,Melhorar: Empenhar-se mais nas aulas e avaliações.,Destaque: A sua boa integração aos Princípios Passos Mágicos.
RA-399,2022,Aluno-399,2010,,12.0,Feminino,2022,Pública,,,FASE 2,2.0,2,K,FASE 3,3.0,Fase 3 (7º e 8º ano),-1,-1.0,False,-1.0,Defasado,1.0,Ágata,6.58,5.0,4.3,9.3,6.8,5.6,,7.5,3.0,5.5,,Não,Não,Requer avaliação,Destaque: A sua boa entrega das lições de casa.,Melhorar: Empenhar-se mais nas aulas e avaliações.,Destaque: A sua boa integração aos Princípios Passos Mágicos.
RA-400,2022,Aluno-400,2008,,14.0,Masculino,2018,Pública,,,FASE 2,2.0,2,K,FASE 4,4.0,Fase 4 (9º ano),-2,-2.0,False,-2.0,Defasado,1.0,Ágata,6.042,5.0,1.7,8.5,9.0,5.0,,7.444,1.2,2.2,,Não,Não,Requer avaliação,Destaque: A sua boa entrega das lições de casa.,Melhorar: Empenhar-se mais nas aulas e avaliações.,Melhorar: Integrar-se mais aos Princípios Passos Mágicos.
RA-401,2022,Aluno-401,2010,,12.0,Feminino,2021,Pública,,,FASE 2,2.0,2,K,FASE 3,3.0,Fase 3 (7º e 8º ano),-1,-1.0,False,-1.0,Defasado,1.0,Ágata,6.645,5.0,4.3,9.6,6.9,7.5,,6.722,3.7,5.0,,Não,Não,Sem limitações,Destaque: A sua boa entrega das lições de casa.,Melhorar: Empenhar-se mais nas aulas e avaliações.,Melhorar: Integrar-se mais aos Princípios Passos Mágicos.
RA-402,2022,Aluno-402,2010,,12.0,Feminino,2019,Pública,,,FASE 2,2.0,2,K,FASE 3,3.0,Fase 3 (7º e 8º ano),-1,-1.0,False,-1.0,Defasado,1.0,Quartzo,5.261,5.0,3.0,3.7,9.0,5.0,,7.222,4.3,1.7,,Não,Não,Requer avaliação,Melhorar: Melhorar a sua entrega de lições de casa.,Melhorar: Empenhar-se mais nas aulas e avaliações.,Melhorar: Integrar-se mais aos Princípios Passos Mágicos.
RA-403,2022,Aluno-403,2010,,12.0,Masculino,2020,Pública,,,FASE 2,2.0,2,K,FASE 3,3.0,Fase 3 (7º e 8º ano),-1,-1.0,False,-1.0,Defasado,1.0,Ametista,7.455,5.0,6.3,9.3,9.5,7.5,,7.5,6.5,6.2,,Não,Não,Sem limitações,Destaque: A sua boa entrega das lições de casa.,Melhorar: Empenhar-se mais nas aulas e avaliações.,Destaque: A sua boa integração aos Princípios Passos Mágicos.
RA-404,2022,Aluno-404,2010,,12.0,Feminino,2020,Pública,,,FASE 2,2.0,2,K,FASE 3,3.0,Fase 3 (7º e 8º ano),-1,-1.0,False,-1.0,Defasado,1.0,Ágata,6.658,5.0,5.3,7.3,9.0,7.5,,6.944,4.0,6.5,,Não,Não,Sem limitações,Melhorar: Melhorar a sua entrega de lições de casa.,Melhorar: Empenhar-se mais nas aulas e avaliações.,Melhorar: Integrar-se mais aos Princípios Passos Mágicos.
RA-405,2022,Aluno-405,2009,,13.0,Masculino,2016,Pública,,,FASE 2,2.0,2,K,FASE 3,3.0,Fase 3 (7º e 8º ano),-1,-1.0,False,-1.0,Defasado,1.0,Quartzo,5.661,5.0,3.3,6.2,9.5,5.0,,6.0,2.7,3.8,,Não,Não,Requer avaliação,Melhorar: Melhorar a sua entrega de lições de casa.,Melhorar: Empenhar-se mais nas aulas e avaliações.,Melhorar: Integrar-se mais aos Princípios Passos Mágicos.
RA-406,2022,Aluno-406,2009,,13.0,Feminino,2019,Pública,,,FASE 2,2.0,2,K,FASE 3,3.0,Fase 3 (7º e 8º ano),-1,-1.0,False,-1.0,Defasado,1.0,Ametista,7.496,5.0,6.6,9.5,9.5,7.5,,7.333,5.4,7.8,,Não,Não,Sem limitações,Destaque: A sua boa entrega das lições de casa.,Melhorar: Empenhar-se mais nas aulas e avaliações.,Melhorar: Integrar-se mais aos Princípios Passos Mágicos.
RA-407,2022,Aluno-407,2009,,13.0,Masculino,2022,Pública,,,FASE 2,2.0,2,K,FASE 3,3.0,Fase 3 (7º e 8º ano),-1,-1.0,False,-1.0,Defasado,1.0,Ametista,7.195,5.0,6.0,9.3,8.5,7.5,,7.056,4.0,8.0,,Não,Não,Sem limitações,Destaque: A sua boa entrega das lições de casa.,Melhorar: Empenhar-se mais nas aulas e avaliações.,Melhorar: Integrar-se mais aos Princípios Passos Mágicos.
RA-408,2022,Aluno-408,2010,,12.0,Feminino,2022,Pública,,,FASE 2,2.0,2,K,FASE 3,3.0,Fase 3 (7º e 8º ano),-1,-1.0,False,-1.0,Defasado,1.0,Ágata,6.725,5.0,3.3,9.7,8.0,7.5,,7.333,1.0,5.5,,Não,Não,Sem limitações,Destaque: A sua boa entrega das lições de casa.,Melhorar: Empenhar-se mais nas aulas e avaliações.,Melhorar: Integrar-se mais aos Princípios Passos Mágicos.
RA-409,2022,Aluno-409,2011,,11.0,Feminino,2022,Pública,,,FASE 2,2.0,2,K,FASE 2,2.0,Fase 2 (5º e 6º ano),0,0.0,False,0.0,Adequado,0.0,Topázio,8.15,10.0,7.8,9.7,7.9,7.5,,7.5,6.0,9.5,,Não,Não,Sem limitações,Destaque: A sua boa entrega das lições de casa.,Destaque: As suas boas notas na Passos Mágicos.,Destaque: A sua boa integração aos Princípios Passos Mágicos.
RA-410,2022,Aluno-410,2008,,14.0,Masculino,2018,Pública,,,FASE 2,2.0,2,K,FASE 4,4.0,Fase 4 (9º ano),-2,-2.0,False,-2.0,Defasado,1.0,Quartzo,5.675,5.0,2.0,6.5,7.4,6.3,,7.444,2.0,2.0,,Não,Não,Requer avaliação,Melhorar: Melhorar a sua entrega de lições de casa.,Melhorar: Empenhar-se mais nas aulas e avaliações.,Melhorar: Integrar-se mais aos Princípios Passos Mágicos.
RA-411,2022,Aluno-411,2010,,12.0,Feminino,2019,Pública,,,FASE 2,2.0,2,L,FASE 3,3.0,Fase 3 (7º e 8º ano),-1,-1.0,False,-1.0,Defasado,1.0,Ametista,7.232,5.0,7.1,8.6,6.4,7.5,,7.833,6.7,7.5,,Não,Não,Não atendido,Destaque: A sua boa entrega das lições de casa.,Melhorar: Empenhar-se mais nas aulas e avaliações.,Destaque: A sua boa integração aos Princípios Passos Mágicos.
RA-412,2022,Aluno-412,2010,,12.0,Feminino,2018,Pública,,,FASE 2,2.0,2,L,FASE 3,3.0,Fase 3 (7º e 8º ano),-1,-1.0,False,-1.0,Defasado,1.0,Ametista,7.556,5.0,7.3,9.0,8.5,7.5,,7.778,6.5,8.2,,Não,Não,Não atendido,Destaque: A sua boa entrega das lições de casa.,Melhorar: Empenhar-se mais nas aulas e avaliações.,Destaque: A sua boa integração aos Princípios Passos Mágicos.
RA-413,2022,Aluno-413,2010,,12.0,Feminino,2022,Pública,,,FASE 2,2.0,2,L,FASE 3,3.0,Fase 3 (7º e 8º ano),-1,-1.0,False,-1.0,Defasado,1.0,Ágata,6.408,5.0,4.7,8.7,6.4,5.6,,7.056,4.2,5.2,,Não,Não,Requer avaliação,Destaque: A sua boa entrega das lições de casa.,Melhorar: Empenhar-se mais nas aulas e avaliações.,Melhorar: Integrar-se mais aos Princípios Passos Mágicos.
RA-414,2022,Aluno-414,2010,,12.0,Feminino,2021,Pública,,,FASE 2,2.0,2,L,FASE 3,3.0,Fase 3 (7º e 8º ano),-1,-1.0,False,-1.0,Defasado,1.0,Ametista,7.284,5.0,5.9,9.3,8.0,7.5,,7.667,5.7,6.2,,Não,Não,Não atendido,Destaque: A sua boa entrega das lições de casa.,Melhorar: Empenhar-se mais nas aulas e avaliações.,Destaque: A sua boa integração aos Princípios Passos Mágicos.
RA-415,2022,Aluno-415,2011,,11.0,Feminino,2019,Pública,,,FASE 2,2.0,2,L,FASE 2,2.0,Fase 2 (5º e 6º ano),0,0.0,False,0.0,Adequado,0.0,Ametista,7.695,10.0,6.2,8.3,8.0,7.5,,8.056,4.8,7.5,,Não,Não,Não atendido,Destaque: A sua boa entrega das lições de casa.,Melhorar: Empenhar-se mais nas aulas e avaliações.,Destaque: A sua boa integração aos Princípios Passos Mágicos.
RA-416,2022,Aluno-416,2010,,12.0,Masculino,2018,Rede Decisão,,,FASE 2,2.0,2,L,FASE 3,3.0,Fase 3 (7º e 8º ano),-1,-1.0,False,-1.0,Defasado,1.0,Ametista,7.913,5.0,7.2,9.3,9.5,8.8,,8.222,6.7,7.7,,Não,Não,Sem limitações,Destaque: A sua boa entrega das lições de casa.,Melhorar: Empenhar-se mais nas aulas e avaliações.,Destaque: A sua boa integração aos Princípios Passos Mágicos.
RA-417,2022,Aluno-417,2009,,13.0,Feminino,2022,Pública,,,FASE 2,2.0,2,L,FASE 3,3.0,Fase 3 (7º e 8º ano),-1,-1.0,False,-1.0,Defasado,1.0,Topázio,8.428,5.0,8.0,10.0,10.0,7.5,,9.556,6.0,10.0,,Não,Sim,Não atendido,Destaque: A sua boa entrega das lições de casa.,Destaque: As suas boas notas na Passos Mágicos.,Destaque: A sua boa integração aos Princípios Passos Mágicos.
RA-418,2022,Aluno-418,2012,,10.0,Feminino,2020,Rede Decisão,,,FASE 2,2.0,2,L,FASE 2,2.0,Fase 2 (5º e 6º ano),0,0.0,False,0.0,Adequado,0.0,Topázio,8.175,10.0,7.5,9.4,8.0,7.5,,8.222,6.5,8.5,,Não,Não,Não atendido,Destaque: A sua boa entrega das lições de casa.,Destaque: As suas boas notas na Passos Mágicos.,Destaque: A sua boa integração aos Princípios Passos Mágicos.
RA-419,2022,Aluno-419,2010,,12.0,Feminino,2019,Rede Decisão,,,FASE 2,2.0,2,L,FASE 3,3.0,Fase 3 (7º e 8º ano),-1,-1.0,False,-1.0,Defasado,1.0,Ametista,7.359,5.0,6.9,9.2,7.5,5.6,,8.389,5.3,8.5,,Não,Sim,Requer avaliação,Destaque: A sua boa entrega das lições de casa.,Melhorar: Empenhar-se mais nas aulas e avaliações.,Destaque: A sua boa integração aos Princípios Passos Mágicos.
RA-420,2022,Aluno-420,2011,,11.0,Feminino,2019,Rede Decisão,,,FASE 2,2.0,2,L,FASE 2,2.0,Fase 2 (5º e 6º ano),0,0.0,False,0.0,Adequado,0.0,Ametista,7.461,10.0,4.5,9.0,9.5,5.6,,8.0,1.3,7.7,,Não,Não,Requer avaliação,Destaque: A sua boa entrega das lições de casa.,Melhorar: Empenhar-se mais nas aulas e avaliações.,Destaque: A sua boa integração aos Princípios Passos Mágicos.
RA-421,2022,Aluno-421,2011,,11.0,Masculino,2021,Pública,,,FASE 2,2.0,2,L,FASE 2,2.0,Fase 2 (5º e 6º ano),0,0.0,False,0.0,Adequado,0.0,Topázio,8.717,10.0,8.8,9.3,8.5,7.5,,9.111,9.2,8.5,,Sim,Sim,Não atendido,Destaque: A sua boa entrega das lições de casa.,Destaque: As suas boas notas na Passos Mágicos.,Destaque: A sua boa integração aos Princípios Passos Mágicos.
RA-422,2022,Aluno-422,2010,,12.0,Masculino,2022,Pública,,,FASE 2,2.0,2,L,FASE 3,3.0,Fase 3 (7º e 8º ano),-1,-1.0,False,-1.0,Defasado,1.0,Ágata,6.746,5.0,2.5,10.0,8.5,7.5,,7.5,1.0,4.0,,Não,Não,Não atendido,Destaque: A sua boa entrega das lições de casa.,Melhorar: Empenhar-se mais nas aulas e avaliações.,Destaque: A sua boa integração aos Princípios Passos Mágicos.
RA-423,2022,Aluno-423,2010,,12.0,Feminino,2022,Pública,,,FASE 2,2.0,2,L,FASE 3,3.0,Fase 3 (7º e 8º ano),-1,-1.0,False,-1.0,Defasado,1.0,Ágata,6.647,5.0,2.3,9.6,8.4,7.5,,7.667,0.5,4.0,,Não,Não,Sem limitações,Destaque: A sua boa entrega das lições de casa.,Melhorar: Empenhar-se mais nas aulas e avaliações.,Destaque: A sua boa integração aos Princípios Passos Mágicos.
RA-424,2022,Aluno-424,2010,,12.0,Feminino,2022,Pública,,,FASE 2,2.0,2,L,FASE 3,3.0,Fase 3 (7º e 8º ano),-1,-1.0,False,-1.0,Defasado,1.0,Ametista,7.94,5.0,7.5,10.0,9.0,7.5,,8.222,10.0,5.0,,Não,Não,Não atendido,Destaque: A sua boa entrega das lições de casa.,Destaque: As suas boas notas na Passos Mágicos.,Destaque: A sua boa integração aos Princípios Passos Mágicos.
RA-425,2022,Aluno-425,2010,,12.0,Masculino,2022,Pública,,,FASE 2,2.0,2,L,FASE 3,3.0,Fase 3 (7º e 8º ano),-1,-1.0,False,-1.0,Defasado,1.0,Topázio,8.117,5.0,9.0,10.0,9.0,7.5,,7.5,9.0,9.0,,Não,Não,Não atendido,Destaque: A sua boa entrega das lições de casa.,Destaque: As suas boas notas na Passos Mágicos.,Destaque: A sua boa integração aos Princípios Passos Mágicos.
RA-426,2022,Aluno-426,2008,,14.0,Feminino,2022,Pública,,,FASE 2,2.0,2,M,FASE 4,4.0,Fase 4 (9º ano),-2,-2.0,False,-2.0,Defasado,1.0,Ágata,6.35,5.0,4.6,6.5,9.0,7.5,,7.111,2.3,6.8,,Não,Não,Não atendido,Melhorar: Melhorar a sua entrega de lições de casa.,Melhorar: Empenhar-se mais nas aulas e avaliações.,Melhorar: Integrar-se mais aos Princípios Passos Mágicos.
RA-427,2022,Aluno-427,2009,,13.0,Masculino,2022,Pública,,,FASE 2,2.0,2,M,FASE 3,3.0,Fase 3 (7º e 8º ano),-1,-1.0,False,-1.0,Defasado,1.0,Ágata,6.245,5.0,2.5,8.5,8.0,7.5,,6.778,3.0,2.0,,Não,Não,Não atendido,Destaque: A sua boa entrega das lições de casa.,Melhorar: Empenhar-se mais nas aulas e avaliações.,Melhorar: Integrar-se mais aos Princípios Passos Mágicos.
RA-428,2022,Aluno-428,2009,,13.0,Masculino,2022,Pública,,,FASE 2,2.0,2,M,FASE 3,3.0,Fase 3 (7º e 8º ano),-1,-1.0,False,-1.0,Defasado,1.0,Ametista,7.683,5.0,9.5,8.7,6.8,7.5,,7.111,10.0,9.0,,Não,Não,Não atendido,Destaque: A sua boa entrega das lições de casa.,Destaque: As suas boas notas na Passos Mágicos.,Melhorar: Integrar-se mais aos Princípios Passos Mágicos.
RA-429,2022,Aluno-429,2009,,13.0,Masculino,2019,Pública,,,FASE 2,2.0,2,M,FASE 3,3.0,Fase 3 (7º e 8º ano),-1,-1.0,False,-1.0,Defasado,1.0,Quartzo,5.811,5.0,2.7,5.3,10.0,7.5,,6.611,2.8,2.5,,Não,Não,Não atendido,Melhorar: Melhorar a sua entrega de lições de casa.,Melhorar: Empenhar-se mais nas aulas e avaliações.,Melhorar: Integrar-se mais aos Princípios Passos Mágicos.
RA-430,2022,Aluno-430,2009,,13.0,Masculino,2022,Pública,,,FASE 2,2.0,2,M,FASE 3,3.0,Fase 3 (7º e 8º ano),-1,-1.0,False,-1.0,Defasado,1.0,Ametista,7.585,5.0,8.5,8.6,9.5,7.5,,6.611,7.5,9.5,,Não,Não,Não atendido,Destaque: A sua boa entrega das lições de casa.,Destaque: As suas boas notas na Passos Mágicos.,Melhorar: Integrar-se mais aos Princípios Passos Mágicos.
RA-431,2022,Aluno-431,2011,,11.0,Masculino,2022,Pública,,,FASE 2,2.0,2,M,FASE 2,2.0,Fase 2 (5º e 6º ano),0,0.0,False,0.0,Adequado,0.0,Ametista,7.175,10.0,4.5,8.1,9.0,7.5,,6.778,5.0,4.0,,Não,Não,Não atendido,Destaque: A sua boa entrega das lições de casa.,Melhorar: Empenhar-se mais nas aulas e avaliações.,Melhorar: Integrar-se mais aos Princípios Passos Mágicos.
RA-432,2022,Aluno-432,2008,,14.0,Feminino,2019,Pública,,,FASE 2,2.0,2,M,FASE 4,4.0,Fase 4 (9º ano),-2,-2.0,False,-2.0,Defasado,1.0,Ágata,6.34,5.0,5.1,6.8,10.0,5.0,,6.611,5.7,4.5,,Não,Não,Requer avaliação,Melhorar: Melhorar a sua entrega de lições de casa.,Melhorar: Empenhar-se mais nas aulas e avaliações.,Melhorar: Integrar-se mais aos Princípios Passos Mágicos.
RA-433,2022,Aluno-433,2010,,12.0,Masculino,2022,Pública,,,FASE 2,2.0,2,M,FASE 3,3.0,Fase 3 (7º e 8º ano),-1,-1.0,False,-1.0,Defasado,1.0,Quartzo,5.557,5.0,2.6,7.3,8.5,5.0,,5.778,2.2,3.0,,Não,Não,Requer avaliação,Melhorar: Melhorar a sua entrega de lições de casa.,Melhorar: Empenhar-se mais nas aulas e avaliações.,Melhorar: Integrar-se mais aos Princípios Passos Mágicos.
RA-434,2022,Aluno-434,2011,,11.0,Masculino,2022,Pública,,,FASE 2,2.0,2,M,FASE 2,2.0,Fase 2 (5º e 6º ano),0,0.0,False,0.0,Adequado,0.0,Ametista,7.403,10.0,5.7,8.1,9.0,7.5,,6.778,4.8,6.5,,Não,Não,Sem limitações,Destaque: A sua boa entrega das lições de casa.,Melhorar: Empenhar-se mais nas aulas e avaliações.,Melhorar: Integrar-se mais aos Princípios Passos Mágicos.
RA-435,2022,Aluno-435,2012,,10.0,Feminino,2022,Pública,,,FASE 2,2.0,2,M,FASE 2,2.0,Fase 2 (5º e 6º ano),0,0.0,False,0.0,Adequado,0.0,Ágata,6.599,10.0,4.7,6.2,7.9,7.5,,6.444,3.7,5.7,,Não,Não,Sem limitações,Melhorar: Melhorar a sua entrega de lições de casa.,Melhorar: Empenhar-se mais nas aulas e avaliações.,Melhorar: Integrar-se mais aos Princípios Passos Mágicos.
RA-436,2022,Aluno-436,2011,,11.0,Masculino,2022,Pública,,,FASE 2,2.0,2,M,FASE 2,2.0,Fase 2 (5º e 6º ano),0,0.0,False,0.0,Adequado,0.0,Ágata,6.687,10.0,2.0,8.1,9.5,7.5,,6.611,4.0,0.0,,Não,Não,Sem limitações,Destaque: A sua boa entrega das lições de casa.,Melhorar: Empenhar-se mais nas aulas e avaliações.,Melhorar: Integrar-se mais aos Princípios Passos Mágicos.
RA-437,2022,Aluno-437,2009,,13.0,Masculino,2022,Pública,,,FASE 2,2.0,2,M,FASE 3,3.0,Fase 3 (7º e 8º ano),-1,-1.0,False,-1.0,Defasado,1.0,Ágata,6.875,5.0,5.8,8.3,8.5,7.5,,6.611,6.0,5.5,,Não,Não,Sem limitações,Destaque: A sua boa entrega das lições de casa.,Melhorar: Empenhar-se mais nas aulas e avaliações.,Melhorar: Integrar-se mais aos Princípios Passos Mágicos.
RA-438,2022,Aluno-438,2012,,10.0,Masculino,2022,Pública,,,FASE 2,2.0,2,M,FASE 2,2.0,Fase 2 (5º e 6º ano),0,0.0,False,0.0,Adequado,0.0,Ametista,7.764,10.0,7.3,8.7,8.0,7.5,,6.889,6.5,8.0,,Não,Não,Sem limitações,Destaque: A sua boa entrega das lições de casa.,Melhorar: Empenhar-se mais nas aulas e avaliações.,Melhorar: Integrar-se mais aos Princípios Passos Mágicos.
RA-439,2022,Aluno-439,2010,,12.0,Masculino,2022,Pública,,,FASE 2,2.0,2,M,FASE 3,3.0,Fase 3 (7º e 8º ano),-1,-1.0,False,-1.0,Defasado,1.0,Quartzo,5.519,5.0,2.3,4.9,9.0,7.5,,6.5,3.2,1.3,,Não,Não,Sem limitações,Melhorar: Melhorar a sua entrega de lições de casa.,Melhorar: Empenhar-se mais nas aulas e avaliações.,Melhorar: Integrar-se mais aos Princípios Passos Mágicos.
RA-440,2022,Aluno-440,2011,,11.0,Masculino,2022,Pública,,,FASE 2,2.0,2,P,FASE 2,2.0,Fase 2 (5º e 6º ano),0,0.0,False,0.0,Adequado,0.0,Ametista,7.329,10.0,5.5,9.0,9.5,6.9,,5.833,6.0,5.0,,Não,Não,Não atendido,Destaque: A sua boa entrega das lições de casa.,Melhorar: Empenhar-se mais nas aulas e avaliações.,Melhorar: Integrar-se mais aos Princípios Passos Mágicos.
RA-441,2022,Aluno-441,2011,,11.0,Feminino,2019,Pública,,,FASE 2,2.0,2,P,FASE 2,2.0,Fase 2 (5º e 6º ano),0,0.0,False,0.0,Adequado,0.0,Topázio,8.188,10.0,8.0,7.9,9.0,7.5,,8.333,8.0,8.0,,Não,Não,Não atendido,Destaque: A sua boa entrega das lições de casa.,Destaque: As suas boas notas na Passos Mágicos.,Destaque: A sua boa integração aos Princípios Passos Mágicos.
RA-442,2022,Aluno-442,2011,,11.0,Feminino,2022,Pública,,,FASE 2,2.0,2,P,FASE 2,2.0,Fase 2 (5º e 6º ano),0,0.0,False,0.0,Adequado,0.0,Topázio,8.226,10.0,7.5,8.2,10.0,7.5,,8.222,9.0,6.0,,Não,Não,Não atendido,Destaque: A sua boa entrega das lições de casa.,Destaque: As suas boas notas na Passos Mágicos.,Destaque: A sua boa integração aos Princípios Passos Mágicos.
RA-443,2022,Aluno-443,2009,,13.0,Feminino,2019,Pública,,,FASE 2,2.0,2,P,FASE 3,3.0,Fase 3 (7º e 8º ano),-1,-1.0,False,-1.0,Defasado,1.0,Ametista,7.482,5.0,5.6,9.1,9.0,7.5,,8.5,8.0,3.2,,Sim,Sim,Não atendido,Destaque: A sua boa entrega das lições de casa.,Melhorar: Empenhar-se mais nas aulas e avaliações.,Destaque: A sua boa integração aos Princípios Passos Mágicos.
RA-444,2022,Aluno-444,2011,,11.0,Masculino,2018,Pública,,,FASE 2,2.0,2,P,FASE 2,2.0,Fase 2 (5º e 6º ano),0,0.0,False,0.0,Adequado,0.0,Ágata,6.665,10.0,3.1,7.2,9.0,5.0,,7.778,1.5,4.7,,Não,Não,Requer avaliação,Melhorar: Melhorar a sua entrega de lições de casa.,Melhorar: Empenhar-se mais nas aulas e avaliações.,Destaque: A sua boa integração aos Princípios Passos Mágicos.
RA-445,2022,Aluno-445,2010,,12.0,Masculino,2022,Pública,,,FASE 2,2.0,2,P,FASE 3,3.0,Fase 3 (7º e 8º ano),-1,-1.0,False,-1.0,Defasado,1.0,Ágata,6.924,5.0,3.8,9.4,9.0,7.5,,7.5,0.0,7.5,,Não,Não,Não atendido,Destaque: A sua boa entrega das lições de casa.,Melhorar: Empenhar-se mais nas aulas e avaliações.,Destaque: A sua boa integração aos Princípios Passos Mágicos.
RA-446,2022,Aluno-446,2009,,13.0,Feminino,2018,Pública,,,FASE 2,2.0,2,P,FASE 3,3.0,Fase 3 (7º e 8º ano),-1,-1.0,False,-1.0,Defasado,1.0,Ametista,7.367,5.0,6.9,8.9,9.5,5.0,,7.889,6.3,7.5,,Não,Não,Requer avaliação,Destaque: A sua boa entrega das lições de casa.,Melhorar: Empenhar-se mais nas aulas e avaliações.,Destaque: A sua boa integração aos Princípios Passos Mágicos.
RA-447,2022,Aluno-447,2012,,10.0,Feminino,2022,Pública,,,FASE 2,2.0,2,P,FASE 2,2.0,Fase 2 (5º e 6º ano),0,0.0,False,0.0,Adequado,0.0,Quartzo,5.607,10.0,3.5,7.0,0.0,7.5,,5.556,7.0,0.0,,Não,Não,Não atendido,Melhorar: Melhorar a sua entrega de lições de casa.,Melhorar: Empenhar-se mais nas aulas e avaliações.,Melhorar: Integrar-se mais aos Princípios Passos Mágicos.
RA-448,2022,Aluno-448,2011,,11.0,Feminino,2022,Pública,,,FASE 2,2.0,2,P,FASE 2,2.0,Fase 2 (5º e 6º ano),0,0.0,False,0.0,Adequado,0.0,Ametista,7.972,10.0,5.5,9.7,9.0,7.5,,8.111,5.0,6.0,,Não,Não,Não atendido,Destaque: A sua boa entrega das lições de casa.,Melhorar: Empenhar-se mais nas aulas e avaliações.,Destaque: A sua boa integração aos Princípios Passos Mágicos.
RA-449,2022,Aluno-449,2010,,12.0,Feminino,2022,Pública,,,FASE 2,2.0,2,P,FASE 3,3.0,Fase 3 (7º e 8º ano),-1,-1.0,False,-1.0,Defasado,1.0,Ágata,6.143,5.0,7.0,6.0,0.0,7.5,,8.111,6.0,8.0,,Não,Não,Não atendido,Melhorar: Melhorar a sua entrega de lições de casa.,Melhorar: Empenhar-se mais nas aulas e avaliações.,Destaque: A sua boa integração aos Princípios Passos Mágicos.
RA-450,2022,Aluno-450,2009,,13.0,Masculino,2021,Pública,,,FASE 2,2.0,2,Q,FASE 3,3.0,Fase 3 (7º e 8º ano),-1,-1.0,False,-1.0,Defasado,1.0,Ametista,7.843,5.0,7.5,9.1,10.0,7.5,,8.111,6.8,8.2,,Não,Não,Não atendido,Destaque: A sua boa entrega das lições de casa.,Melhorar: Empenhar-se mais nas aulas e avaliações.,Destaque: A sua boa integração aos Princípios Passos Mágicos.
RA-451,2022,Aluno-451,2009,,13.0,Feminino,2019,Pública,,,FASE 2,2.0,2,Q,FASE 3,3.0,Fase 3 (7º e 8º ano),-1,-1.0,False,-1.0,Defasado,1.0,Ágata,6.434,5.0,6.1,6.0,9.0,6.3,,6.889,3.1,9.2,,Não,Não,Requer avaliação,Melhorar: Melhorar a sua entrega de lições de casa.,Melhorar: Empenhar-se mais nas aulas e avaliações.,Melhorar: Integrar-se mais aos Princípios Passos Mágicos.
RA-452,2022,Aluno-452,2009,,13.0,Feminino,2021,Pública,,,FASE 2,2.0,2,Q,FASE 3,3.0,Fase 3 (7º e 8º ano),-1,-1.0,False,-1.0,Defasado,1.0,Ágata,6.287,5.0,4.8,5.6,9.0,7.5,,7.167,5.0,4.5,,Não,Não,Não atendido,Melhorar: Melhorar a sua entrega de lições de casa.,Melhorar: Empenhar-se mais nas aulas e avaliações.,Melhorar: Integrar-se mais aos Princípios Passos Mágicos.
RA-453,2022,Aluno-453,2009,,13.0,Feminino,2022,Pública,,,FASE 2,2.0,2,Q,FASE 3,3.0,Fase 3 (7º e 8º ano),-1,-1.0,False,-1.0,Defasado,1.0,Ametista,7.845,5.0,8.8,8.7,9.0,7.5,,7.778,8.0,9.5,,Não,Não,Não atendido,Destaque: A sua boa entrega das lições de casa.,Destaque: As suas boas notas na Passos Mágicos.,Destaque: A sua boa integração aos Princípios Passos Mágicos.
RA-454,2022,Aluno-454,2008,,14.0,Masculino,2018,Pública,,,FASE 2,2.0,2,Q,FASE 4,4.0,Fase 4 (9º ano),-2,-2.0,False,-2.0,Defasado,1.0,Quartzo,5.561,5.0,2.3,8.6,9.5,5.0,,5.444,0.0,4.7,,Não,Não,Não indicado,Destaque: A sua boa entrega das lições de casa.,Melhorar: Empenhar-se mais nas aulas e avaliações.,Melhorar: Integrar-se mais aos Princípios Passos Mágicos.
RA-455,2022,Aluno-455,2010,,12.0,Feminino,2022,Pública,,,FASE 2,2.0,2,Q,FASE 3,3.0,Fase 3 (7º e 8º ano),-1,-1.0,False,-1.0,Defasado,1.0,Ágata,6.876,5.0,6.3,7.9,7.0,7.5,,7.278,6.0,6.5,,Não,Não,Não atendido,Destaque: A sua boa entrega das lições de casa.,Melhorar: Empenhar-se mais nas aulas e avaliações.,Melhorar: Integrar-se mais aos Princípios Passos Mágicos.
RA-456,2022,Aluno-456,2010,,12.0,Feminino,2022,Pública,,,FASE 2,2.0,2,Q,FASE 3,3.0,Fase 3 (7º e 8º ano),-1,-1.0,False,-1.0,Defasado,1.0,Ametista,7.193,5.0,7.3,8.2,6.4,6.3,,8.389,6.0,8.7,,Não,Sim,Requer avaliação,Destaque: A sua boa entrega das lições de casa.,Melhorar: Empenhar-se mais nas aulas e avaliações.,Destaque: A sua boa integração aos Princípios Passos Mágicos.
RA-457,2022,Aluno-457,2010,,12.0,Feminino,2022,Pública,,,FASE 2,2.0,2,Q,FASE 3,3.0,Fase 3 (7º e 8º ano),-1,-1.0,False,-1.0,Defasado,1.0,Ametista,7.68,5.0,8.5,8.8,8.0,7.5,,7.667,7.0,10.0,,Não,Não,Não atendido,Destaque: A sua boa entrega das lições de casa.,Destaque: As suas boas notas na Passos Mágicos.,Destaque: A sua boa integração aos Princípios Passos Mágicos.
RA-458,2022,Aluno-458,2009,,13.0,Masculino,2019,Pública,,,FASE 2,2.0,2,Q,FASE 3,3.0,Fase 3 (7º e 8º ano),-1,-1.0,False,-1.0,Defasado,1.0,Ágata,6.512,5.0,5.6,7.7,8.0,7.5,,5.833,4.7,6.5,,Não,Não,Não atendido,Destaque: A sua boa entrega das lições de casa.,Melhorar: Empenhar-se mais nas aulas e avaliações.,Melhorar: Integrar-se mais aos Princípios Passos Mágicos.
RA-459,2022,Aluno-459,2010,,12.0,Masculino,2019,Pública,,,FASE 2,2.0,2,Q,FASE 3,3.0,Fase 3 (7º e 8º ano),-1,-1.0,False,-1.0,Defasado,1.0,Ametista,7.28,5.0,7.3,9.1,7.0,8.1,,7.222,5.3,9.2,,Não,Não,Sem limitações,Destaque: A sua boa entrega das lições de casa.,Melhorar: Empenhar-se mais nas aulas e avaliações.,Melhorar: Integrar-se mais aos Princípios Passos Mágicos.
RA-460,2022,Aluno-460,2010,,12.0,Masculino,2022,Pública,,,FASE 2,2.0,2,Q,FASE 3,3.0,Fase 3 (7º e 8º ano),-1,-1.0,False,-1.0,Defasado,1.0,Quartzo,5.711,5.0,3.3,8.1,6.8,7.5,,5.056,0.5,6.0,,Não,Não,Não atendido,Destaque: A sua boa entrega das lições de casa.,Melhorar: Empenhar-se mais nas aulas e avaliações.,Melhorar: Integrar-se mais aos Princípios Passos Mágicos.
RA-461,2022,Aluno-461,2010,,12.0,Feminino,2018,Pública,,,FASE 2,2.0,2,Q,FASE 3,3.0,Fase 3 (7º e 8º ano),-1,-1.0,False,-1.0,Defasado,1.0,Quartzo,5.451,5.0,3.8,6.7,0.0,7.5,,7.222,1.5,6.2,,Não,Não,Sem limitações,Melhorar: Melhorar a sua entrega de lições de casa.,Melhorar: Empenhar-se mais nas aulas e avaliações.,Melhorar: Integrar-se mais aos Princípios Passos Mágicos.
RA-462,2022,Aluno-462,2008,,14.0,Masculino,2022,Pública,,,FASE 2,2.0,2,Q,FASE 4,4.0,Fase 4 (9º ano),-2,-2.0,False,-2.0,Defasado,1.0,Ágata,6.626,5.0,3.6,8.5,10.0,7.5,,6.778,2.0,5.2,,Não,Não,Sem limitações,Destaque: A sua boa entrega das lições de casa.,Melhorar: Empenhar-se mais nas aulas e avaliações.,Melhorar: Integrar-se mais aos Princípios Passos Mágicos.
RA-463,2022,Aluno-463,2010,,12.0,Feminino,2020,Pública,,,FASE 2,2.0,2,U,FASE 3,3.0,Fase 3 (7º e 8º ano),-1,-1.0,False,-1.0,Defasado,1.0,Ágata,6.41,5.0,2.5,7.8,10.0,7.5,,7.389,2.0,3.0,,Não,Não,Não atendido,Destaque: A sua boa entrega das lições de casa.,Melhorar: Empenhar-se mais nas aulas e avaliações.,Melhorar: Integrar-se mais aos Princípios Passos Mágicos.
RA-464,2022,Aluno-464,2009,,13.0,Feminino,2022,Pública,,,FASE 2,2.0,2,U,FASE 3,3.0,Fase 3 (7º e 8º ano),-1,-1.0,False,-1.0,Defasado,1.0,Ágata,6.745,5.0,4.8,8.0,7.5,7.5,,7.722,2.7,7.0,,Não,Não,Não atendido,Destaque: A sua boa entrega das lições de casa.,Melhorar: Empenhar-se mais nas aulas e avaliações.,Destaque: A sua boa integração aos Princípios Passos Mágicos.
RA-465,2022,Aluno-465,2011,,11.0,Masculino,2019,Pública,,,FASE 2,2.0,2,U,FASE 2,2.0,Fase 2 (5º e 6º ano),0,0.0,False,0.0,Adequado,0.0,Ametista,8.012,10.0,7.8,7.9,8.0,7.5,,8.444,9.3,6.3,,Não,Sim,Não atendido,Destaque: A sua boa entrega das lições de casa.,Destaque: As suas boas notas na Passos Mágicos.,Destaque: A sua boa integração aos Princípios Passos Mágicos.
RA-466,2022,Aluno-466,2009,,13.0,Masculino,2022,Pública,,,FASE 2,2.0,2,U,FASE 3,3.0,Fase 3 (7º e 8º ano),-1,-1.0,False,-1.0,Defasado,1.0,Ágata,6.826,5.0,3.3,9.7,8.5,7.5,,7.556,0.5,6.0,,Não,Não,Não atendido,Destaque: A sua boa entrega das lições de casa.,Melhorar: Empenhar-se mais nas aulas e avaliações.,Destaque: A sua boa integração aos Princípios Passos Mágicos.
RA-467,2022,Aluno-467,2009,,13.0,Feminino,2022,Pública,,,FASE 2,2.0,2,U,FASE 3,3.0,Fase 3 (7º e 8º ano),-1,-1.0,False,-1.0,Defasado,1.0,Ágata,6.38,5.0,5.5,8.4,5.8,5.0,,7.111,5.0,6.0,,Não,Não,Requer avaliação,Destaque: A sua boa entrega das lições de casa.,Melhorar: Empenhar-se mais nas aulas e avaliações.,Melhorar: Integrar-se mais aos Princípios Passos Mágicos.
RA-468,2022,Aluno-468,2009,,13.0,Masculino,2022,Pública,,,FASE 2,2.0,2,U,FASE 3,3.0,Fase 3 (7º e 8º ano),-1,-1.0,False,-1.0,Defasado,1.0,Ágata,6.313,5.0,4.1,6.7,9.5,7.5,,6.722,4.5,3.7,,Não,Não,Não atendido,Melhorar: Melhorar a sua entrega de lições de casa.,Melhorar: Empenhar-se mais nas aulas e avaliações.,Melhorar: Integrar-se mais aos Princípios Passos Mágicos.
RA-469,2022,Aluno-469,2011,,11.0,Feminino,2022,Pública,,,FASE 2,2.0,2,U,FASE 2,2.0,Fase 2 (5º e 6º ano),0,0.0,False,0.0,Adequado,0.0,Ametista,7.624,10.0,5.7,9.6,9.0,5.0,,7.833,6.2,5.2,,Não,Não,Requer avaliação,Destaque: A sua boa entrega das lições de casa.,Melhorar: Empenhar-se mais nas aulas e avaliações.,Destaque: A sua boa integração aos Princípios Passos Mágicos.
RA-470,2022,Aluno-470,2009,,13.0,Feminino,2019,Pública,,,FASE 2,2.0,2,U,FASE 3,3.0,Fase 3 (7º e 8º ano),-1,-1.0,False,-1.0,Defasado,1.0,Ametista,7.378,5.0,6.3,9.7,8.0,7.5,,7.5,5.3,7.3,,Não,Não,Não atendido,Destaque: A sua boa entrega das lições de casa.,Melhorar: Empenhar-se mais nas aulas e avaliações.,Destaque: A sua boa integração aos Princípios Passos Mágicos.
RA-471,2022,Aluno-471,2009,,13.0,Feminino,2020,Pública,,,FASE 2,2.0,2,U,FASE 3,3.0,Fase 3 (7º e 8º ano),-1,-1.0,False,-1.0,Defasado,1.0,Ágata,6.535,5.0,6.3,8.5,3.5,5.0,,8.056,5.7,6.8,,Não,Não,Requer avaliação,Destaque: A sua boa entrega das lições de casa.,Melhorar: Empenhar-se mais nas aulas e avaliações.,Destaque: A sua boa integração aos Princípios Passos Mágicos.
RA-472,2022,Aluno-472,2010,,12.0,Feminino,2022,Pública,,,FASE 2,2.0,2,U,FASE 3,3.0,Fase 3 (7º e 8º ano),-1,-1.0,False,-1.0,Defasado,1.0,Quartzo,5.93,5.0,2.0,7.0,9.0,7.5,,7.056,1.8,2.2,,Não,Não,Não atendido,Melhorar: Melhorar a sua entrega de lições de casa.,Melhorar: Empenhar-se mais nas aulas e avaliações.,Melhorar: Integrar-se mais aos Princípios Passos Mágicos.
RA-473,2022,Aluno-473,2010,,12.0,Masculino,2019,Pública,,,FASE 2,2.0,2,U,FASE 3,3.0,Fase 3 (7º e 8º ano),-1,-1.0,False,-1.0,Defasado,1.0,Quartzo,5.915,5.0,4.3,6.1,8.0,7.5,,5.889,4.5,4.0,,Não,Não,Não atendido,Melhorar: Melhorar a sua entrega de lições de casa.,Melhorar: Empenhar-se mais nas aulas e avaliações.,Melhorar: Integrar-se mais aos Princípios Passos Mágicos.
RA-474,2022,Aluno-474,2009,,13.0,Masculino,2019,Pública,,,FASE 2,2.0,2,U,FASE 3,3.0,Fase 3 (7º e 8º ano),-1,-1.0,False,-1.0,Defasado,1.0,Ágata,6.446,5.0,3.0,9.1,9.5,7.5,,6.0,1.3,4.7,,Não,Não,Não atendido,Destaque: A sua boa entrega das lições de casa.,Melhorar: Empenhar-se mais nas aulas e avaliações.,Melhorar: Integrar-se mais aos Princípios Passos Mágicos.
RA-475,2022,Aluno-475,2010,,12.0,Feminino,2022,Pública,,,FASE 2,2.0,2,U,FASE 3,3.0,Fase 3 (7º e 8º ano),-1,-1.0,False,-1.0,Defasado,1.0,Ametista,7.199,5.0,5.8,9.2,8.5,7.5,,7.667,3.3,8.3,,Não,Não,Não atendido,Destaque: A sua boa entrega das lições de casa.,Melhorar: Empenhar-se mais nas aulas e avaliações.,Destaque: A sua boa integração aos Princípios Passos Mágicos.
RA-476,2022,Aluno-476,2010,,12.0,Feminino,2019,Pública,,,FASE 2,2.0,2,U,FASE 3,3.0,Fase 3 (7º e 8º ano),-1,-1.0,False,-1.0,Defasado,1.0,Ágata,6.931,5.0,5.5,9.3,9.0,4.4,,7.556,5.0,6.0,,Não,Não,Requer avaliação,Destaque: A sua boa entrega das lições de casa.,Melhorar: Empenhar-se mais nas aulas e avaliações.,Destaque: A sua boa integração aos Princípios Passos Mágicos.
RA-477,2022,Aluno-477,2009,,13.0,Masculino,2022,Pública,,,FASE 2,2.0,2,U,FASE 3,3.0,Fase 3 (7º e 8º ano),-1,-1.0,False,-1.0,Defasado,1.0,Quartzo,3.633,5.0,0.7,5.0,0.0,5.6,,4.5,0.3,1.0,,Não,Não,Requer avaliação,Melhorar: Melhorar a sua entrega de lições de casa.,Melhorar: Empenhar-se mais nas aulas e avaliações.,Melhorar: Integrar-se mais aos Princípios Passos Mágicos.
RA-478,2022,Aluno-478,2010,,12.0,Feminino,2019,Pública,,,FASE 2,2.0,2,U,FASE 3,3.0,Fase 3 (7º e 8º ano),-1,-1.0,False,-1.0,Defasado,1.0,Ágata,6.709,5.0,4.9,9.1,8.5,5.6,,7.056,3.8,6.0,,Não,Não,Requer avaliação,Destaque: A sua boa entrega das lições de casa.,Melhorar: Empenhar-se mais nas aulas e avaliações.,Melhorar: Integrar-se mais aos Princípios Passos Mágicos.
RA-479,2022,Aluno-479,2012,,10.0,Masculino,2020,Rede Decisão,,,FASE 1,1.0,1,A,FASE 2,2.0,Fase 2 (5º e 6º ano),-1,-1.0,False,-1.0,Defasado,1.0,Topázio,8.465,5.0,9.8,9.2,8.0,7.5,,9.5,10.0,9.7,,Não,Sim,Sem limitações,Destaque: A sua boa entrega das lições de casa.,Destaque: As suas boas notas na Passos Mágicos.,Destaque: A sua boa integração aos Princípios Passos Mágicos.
RA-480,2022,Aluno-480,2012,,10.0,Feminino,2021,Pública,,,FASE 1,1.0,1,A,FASE 2,2.0,Fase 2 (5º e 6º ano),-1,-1.0,False,-1.0,Defasado,1.0,Ametista,7.502,5.0,6.3,8.8,9.0,7.5,,8.444,6.8,5.7,,Sim,Sim,Não atendido,Destaque: A sua boa entrega das lições de casa.,Melhorar: Empenhar-se mais nas aulas e avaliações.,Destaque: A sua boa integração aos Princípios Passos Mágicos.
RA-481,2022,Aluno-481,2013,,9.0,Masculino,2021,Pública,,,FASE 1,1.0,1,A,FASE 1,1.0,Fase 1 (4º ano),0,0.0,False,0.0,Adequado,0.0,Ametista,7.21,10.0,5.2,8.0,9.0,7.5,,6.889,5.7,4.7,,Não,Não,Não atendido,Destaque: A sua boa entrega das lições de casa.,Melhorar: Empenhar-se mais nas aulas e avaliações.,Melhorar: Integrar-se mais aos Princípios Passos Mágicos.
RA-482,2022,Aluno-482,2011,,11.0,Masculino,2021,Pública,,,FASE 1,1.0,1,A,FASE 2,2.0,Fase 2 (5º e 6º ano),-1,-1.0,False,-1.0,Defasado,1.0,Ágata,6.866,5.0,5.5,7.9,10.0,7.5,,6.833,4.3,6.7,,Não,Não,Não atendido,Destaque: A sua boa entrega das lições de casa.,Melhorar: Empenhar-se mais nas aulas e avaliações.,Melhorar: Integrar-se mais aos Princípios Passos Mágicos.
RA-483,2022,Aluno-483,2011,,11.0,Feminino,2019,Pública,,,FASE 1,1.0,1,A,FASE 2,2.0,Fase 2 (5º e 6º ano),-1,-1.0,False,-1.0,Defasado,1.0,Quartzo,5.263,5.0,2.4,4.8,9.0,5.0,,6.833,2.0,2.8,,Não,Não,Requer avaliação,Melhorar: Melhorar a sua entrega de lições de casa.,Melhorar: Empenhar-se mais nas aulas e avaliações.,Melhorar: Integrar-se mais aos Princípios Passos Mágicos.
RA-484,2022,Aluno-484,2011,,11.0,Masculino,2022,Pública,,,FASE 1,1.0,1,A,FASE 2,2.0,Fase 2 (5º e 6º ano),-1,-1.0,False,-1.0,Defasado,1.0,Ágata,6.71,5.0,6.5,8.7,9.5,5.0,,6.389,8.0,5.0,,Não,Não,Requer avaliação,Destaque: A sua boa entrega das lições de casa.,Melhorar: Empenhar-se mais nas aulas e avaliações.,Melhorar: Integrar-se mais aos Princípios Passos Mágicos.
RA-485,2022,Aluno-485,2012,,10.0,Masculino,2020,Pública,,,FASE 1,1.0,1,A,FASE 2,2.0,Fase 2 (5º e 6º ano),-1,-1.0,False,-1.0,Defasado,1.0,Quartzo,4.742,5.0,1.2,4.0,9.5,7.5,,5.444,1.0,1.3,,Não,Não,Não atendido,Melhorar: Melhorar a sua entrega de lições de casa.,Melhorar: Empenhar-se mais nas aulas e avaliações.,Melhorar: Integrar-se mais aos Princípios Passos Mágicos.
RA-486,2022,Aluno-486,2012,,10.0,Feminino,2020,Pública,,,FASE 1,1.0,1,A,FASE 2,2.0,Fase 2 (5º e 6º ano),-1,-1.0,False,-1.0,Defasado,1.0,Ametista,7.621,5.0,7.3,9.9,10.0,7.5,,7.222,6.7,7.8,,Não,Não,Não atendido,Destaque: A sua boa entrega das lições de casa.,Melhorar: Empenhar-se mais nas aulas e avaliações.,Melhorar: Integrar-se mais aos Princípios Passos Mágicos.
RA-487,2022,Aluno-487,2012,,10.0,Feminino,2019,Rede Decisão,,,FASE 1,1.0,1,A,FASE 2,2.0,Fase 2 (5º e 6º ano),-1,-1.0,False,-1.0,Defasado,1.0,Topázio,8.417,5.0,9.6,9.7,7.5,7.5,,9.333,9.7,9.5,,Não,Sim,Não atendido,Destaque: A sua boa entrega das lições de casa.,Destaque: As suas boas notas na Passos Mágicos.,Destaque: A sua boa integração aos Princípios Passos Mágicos.
RA-488,2022,Aluno-488,2012,,10.0,Feminino,2022,Pública,,,FASE 1,1.0,1,A,FASE 2,2.0,Fase 2 (5º e 6º ano),-1,-1.0,False,-1.0,Defasado,1.0,Ametista,7.413,5.0,7.3,8.8,8.5,7.5,,7.722,6.0,8.5,,Não,Não,Não atendido,Destaque: A sua boa entrega das lições de casa.,Melhorar: Empenhar-se mais nas aulas e avaliações.,Destaque: A sua boa integração aos Princípios Passos Mágicos.
RA-489,2022,Aluno-489,2013,,9.0,Feminino,2022,Pública,,,FASE 1,1.0,1,A,FASE 1,1.0,Fase 1 (4º ano),0,0.0,False,0.0,Adequado,0.0,Quartzo,5.853,10.0,0.0,7.2,9.0,7.5,,6.5,0.0,0.0,,Não,Não,Não atendido,Melhorar: Melhorar a sua entrega de lições de casa.,Melhorar: Empenhar-se mais nas aulas e avaliações.,Melhorar: Integrar-se mais aos Princípios Passos Mágicos.
RA-490,2022,Aluno-490,2012,,10.0,Feminino,2022,Pública,,,FASE 1,1.0,1,A,FASE 2,2.0,Fase 2 (5º e 6º ano),-1,-1.0,False,-1.0,Defasado,1.0,Ametista,7.576,5.0,7.7,8.2,7.9,7.5,,8.722,6.0,9.3,,Não,Sim,Não atendido,Destaque: A sua boa entrega das lições de casa.,Destaque: As suas boas notas na Passos Mágicos.,Destaque: A sua boa integração aos Princípios Passos Mágicos.
RA-491,2022,Aluno-491,2011,,11.0,Masculino,2022,Pública,,,FASE 1,1.0,1,A,FASE 2,2.0,Fase 2 (5º e 6º ano),-1,-1.0,False,-1.0,Defasado,1.0,Ametista,7.461,5.0,7.0,9.7,7.5,7.5,,7.722,6.0,8.0,,Não,Não,Não atendido,Destaque: A sua boa entrega das lições de casa.,Melhorar: Empenhar-se mais nas aulas e avaliações.,Destaque: A sua boa integração aos Princípios Passos Mágicos.
RA-492,2022,Aluno-492,2011,,11.0,Feminino,2022,Pública,,,FASE 1,1.0,1,A,FASE 2,2.0,Fase 2 (5º e 6º ano),-1,-1.0,False,-1.0,Defasado,1.0,Ametista,7.678,5.0,7.1,8.8,10.0,7.5,,8.278,8.2,6.0,,Não,Não,Não atendido,Destaque: A sua boa entrega das lições de casa.,Melhorar: Empenhar-se mais nas aulas e avaliações.,Destaque: A sua boa integração aos Princípios Passos Mágicos.
RA-493,2022,Aluno-493,2013,,9.0,Feminino,2020,Pública,,,FASE 1,1.0,1,B,FASE 1,1.0,Fase 1 (4º ano),0,0.0,False,0.0,Adequado,0.0,Topázio,8.306,10.0,7.2,9.4,10.0,7.5,,8.278,7.3,7.0,,Não,Não,Sem limitações,Destaque: A sua boa entrega das lições de casa.,Melhorar: Empenhar-se mais nas aulas e avaliações.,Destaque: A sua boa integração aos Princípios Passos Mágicos.
RA-494,2022,Aluno-494,2011,,11.0,Feminino,2022,Pública,,,FASE 1,1.0,1,B,FASE 2,2.0,Fase 2 (5º e 6º ano),-1,-1.0,False,-1.0,Defasado,1.0,Ágata,6.407,5.0,5.8,8.3,6.4,5.0,,6.944,6.3,5.2,,Não,Não,Requer avaliação,Destaque: A sua boa entrega das lições de casa.,Melhorar: Empenhar-se mais nas aulas e avaliações.,Melhorar: Integrar-se mais aos Princípios Passos Mágicos.
RA-495,2022,Aluno-495,2011,,11.0,Masculino,2022,Pública,,,FASE 1,1.0,1,B,FASE 2,2.0,Fase 2 (5º e 6º ano),-1,-1.0,False,-1.0,Defasado,1.0,Ametista,7.857,5.0,8.4,8.9,9.0,7.5,,8.056,8.0,8.8,,Não,Não,Sem limitações,Destaque: A sua boa entrega das lições de casa.,Destaque: As suas boas notas na Passos Mágicos.,Destaque: A sua boa integração aos Princípios Passos Mágicos.
RA-496,2022,Aluno-496,2011,,11.0,Masculino,2018,Pública,,,FASE 1,1.0,1,B,FASE 2,2.0,Fase 2 (5º e 6º ano),-1,-1.0,False,-1.0,Defasado,1.0,Ágata,6.683,5.0,5.7,6.8,8.5,7.5,,7.556,5.8,5.5,,Não,Não,Requer avaliação,Melhorar: Melhorar a sua entrega de lições de casa.,Melhorar: Empenhar-se mais nas aulas e avaliações.,Destaque: A sua boa integração aos Princípios Passos Mágicos.
RA-497,2022,Aluno-497,2009,,13.0,Feminino,2016,Rede Decisão,,,FASE 1,1.0,1,B,FASE 3,3.0,Fase 3 (7º e 8º ano),-2,-2.0,False,-2.0,Defasado,1.0,Ágata,6.323,5.0,5.1,9.2,6.9,5.0,,5.833,4.2,6.0,,Não,Não,Não indicado,Destaque: A sua boa entrega das lições de casa.,Melhorar: Empenhar-se mais nas aulas e avaliações.,Melhorar: Integrar-se mais aos Princípios Passos Mágicos.
RA-498,2022,Aluno-498,2011,,11.0,Feminino,2018,Pública,,,FASE 1,1.0,1,B,FASE 2,2.0,Fase 2 (5º e 6º ano),-1,-1.0,False,-1.0,Defasado,1.0,Ametista,7.7,5.0,8.8,8.8,8.5,7.5,,7.556,8.0,9.5,,Não,Não,Sem limitações,Destaque: A sua boa entrega das lições de casa.,Destaque: As suas boas notas na Passos Mágicos.,Destaque: A sua boa integração aos Princípios Passos Mágicos.
RA-499,2022,Aluno-499,2012,,10.0,Masculino,2020,Pública,,,FASE 1,1.0,1,B,FASE 2,2.0,Fase 2 (5º e 6º ano),-1,-1.0,False,-1.0,Defasado,1.0,Ametista,7.826,5.0,8.2,10.0,8.5,7.5,,7.444,8.2,8.2,,Não,Não,Sem limitações,Destaque: A sua boa entrega das lições de casa.,Destaque: As suas boas notas na Passos Mágicos.,Melhorar: Integrar-se mais aos Princípios Passos Mágicos.
RA-500,2022,Aluno-500,2012,,10.0,Feminino,2020,Pública,,,FASE 1,1.0,1,B,FASE 2,2.0,Fase 2 (5º e 6º ano),-1,-1.0,False,-1.0,Defasado,1.0,Topázio,8.232,5.0,9.5,10.0,9.0,7.5,,7.889,9.5,9.5,,Sim,Não,Sem limitações,Destaque: A sua boa entrega das lições de casa.,Destaque: As suas boas notas na Passos Mágicos.,Destaque: A sua boa integração aos Princípios Passos Mágicos.
RA-501,2022,Aluno-501,2013,,9.0,Masculino,2021,Pública,,,FASE 1,1.0,1,B,FASE 1,1.0,Fase 1 (4º ano),0,0.0,False,0.0,Adequado,0.0,Ametista,7.794,10.0,6.8,8.8,8.5,7.5,,7.333,8.0,5.7,,Não,Não,Sem limitações,Destaque: A sua boa entrega das lições de casa.,Melhorar: Empenhar-se mais nas aulas e avaliações.,Melhorar: Integrar-se mais aos Princípios Passos Mágicos.
RA-502,2022,Aluno-502,2014,,8.0,Feminino,2021,Rede Decisão,,,FASE 1,1.0,1,B,ALFA,0.0,ALFA  (2º e 3º ano),1,1.0,False,1.0,Adiantado,0.0,Topázio,8.287,10.0,7.4,9.7,9.5,7.5,,7.778,6.7,8.2,,Não,Não,Sem limitações,Destaque: A sua boa entrega das lições de casa.,Melhorar: Empenhar-se mais nas aulas e avaliações.,Destaque: A sua boa integração aos Princípios Passos Mágicos.
RA-503,2022,Aluno-503,2012,,10.0,Masculino,2020,Pública,,,FASE 1,1.0,1,B,FASE 2,2.0,Fase 2 (5º e 6º ano),-1,-1.0,False,-1.0,Defasado,1.0,Ametista,7.95,5.0,8.8,10.0,8.5,7.5,,7.5,8.7,9.0,,Não,Não,Sem limitações,Destaque: A sua boa entrega das lições de casa.,Destaque: As suas boas notas na Passos Mágicos.,Destaque: A sua boa integração aos Princípios Passos Mágicos.
RA-504,2022,Aluno-504,2013,,9.0,Feminino,2021,Pública,,,FASE 1,1.0,1,B,FASE 1,1.0,Fase 1 (4º ano),0,0.0,False,0.0,Adequado,0.0,Topázio,8.072,10.0,8.0,8.9,8.5,7.5,,7.556,7.8,8.2,,Não,Não,Sem limitações,Destaque: A sua boa entrega das lições de casa.,Destaque: As suas boas notas na Passos Mágicos.,Destaque: A sua boa integração aos Princípios Passos Mágicos.
RA-505,2022,Aluno-505,2011,,11.0,Feminino,2019,Pública,,,FASE 1,1.0,1,B,FASE 2,2.0,Fase 2 (5º e 6º ano),-1,-1.0,False,-1.0,Defasado,1.0,Ametista,7.591,5.0,8.4,8.0,9.5,7.5,,7.556,8.2,8.7,,Não,Não,Sem limitações,Destaque: A sua boa entrega das lições de casa.,Destaque: As suas boas notas na Passos Mágicos.,Destaque: A sua boa integração aos Princípios Passos Mágicos.
RA-506,2022,Aluno-506,2010,,12.0,Masculino,2020,Pública,,,FASE 1,1.0,1,B,FASE 3,3.0,Fase 3 (7º e 8º ano),-2,-2.0,False,-2.0,Defasado,1.0,Ametista,7.132,5.0,7.2,7.3,9.5,7.5,,7.278,8.3,6.0,,Não,Não,Sem limitações,Melhorar: Melhorar a sua entrega de lições de casa.,Melhorar: Empenhar-se mais nas aulas e avaliações.,Melhorar: Integrar-se mais aos Princípios Passos Mágicos.
RA-507,2022,Aluno-507,2011,,11.0,Feminino,2021,Pública,,,FASE 1,1.0,1,C,FASE 2,2.0,Fase 2 (5º e 6º ano),-1,-1.0,False,-1.0,Defasado,1.0,Ametista,7.653,5.0,7.4,10.0,8.5,7.5,,7.222,7.3,7.5,,Não,Não,Não atendido,Destaque: A sua boa entrega das lições de casa.,Melhorar: Empenhar-se mais nas aulas e avaliações.,Melhorar: Integrar-se mais aos Princípios Passos Mágicos.
RA-508,2022,Aluno-508,2012,,10.0,Masculino,2022,Pública,,,FASE 1,1.0,1,C,FASE 2,2.0,Fase 2 (5º e 6º ano),-1,-1.0,False,-1.0,Defasado,1.0,Ágata,6.575,5.0,4.5,7.4,8.0,7.5,,7.556,0.0,9.0,,Não,Não,Não atendido,Melhorar: Melhorar a sua entrega de lições de casa.,Melhorar: Empenhar-se mais nas aulas e avaliações.,Destaque: A sua boa integração aos Princípios Passos Mágicos.
RA-509,2022,Aluno-509,2010,,12.0,Feminino,2018,Pública,,,FASE 1,1.0,1,C,FASE 3,3.0,Fase 3 (7º e 8º ano),-2,-2.0,False,-2.0,Defasado,1.0,Ametista,7.808,5.0,9.2,8.2,9.0,7.5,,7.833,9.3,9.0,,Sim,Não,Não atendido,Destaque: A sua boa entrega das lições de casa.,Destaque: As suas boas notas na Passos Mágicos.,Destaque: A sua boa integração aos Princípios Passos Mágicos.
RA-510,2022,Aluno-510,2010,,12.0,Masculino,2022,Pública,,,FASE 1,1.0,1,C,FASE 3,3.0,Fase 3 (7º e 8º ano),-2,-2.0,False,-2.0,Defasado,1.0,Ametista,7.336,5.0,7.1,9.3,8.0,7.5,,7.056,5.8,8.3,,Não,Não,Não atendido,Destaque: A sua boa entrega das lições de casa.,Melhorar: Empenhar-se mais nas aulas e avaliações.,Melhorar: Integrar-se mais aos Princípios Passos Mágicos.
RA-511,2022,Aluno-511,2012,,10.0,Feminino,2022,Pública,,,FASE 1,1.0,1,C,FASE 2,2.0,Fase 2 (5º e 6º ano),-1,-1.0,False,-1.0,Defasado,1.0,Ametista,7.094,5.0,5.3,10.0,8.0,7.5,,7.056,2.0,8.5,,Não,Não,Não atendido,Destaque: A sua boa entrega das lições de casa.,Melhorar: Empenhar-se mais nas aulas e avaliações.,Melhorar: Integrar-se mais aos Princípios Passos Mágicos.
RA-512,2022,Aluno-512,2012,,10.0,Feminino,2022,Pública,,,FASE 1,1.0,1,C,FASE 2,2.0,Fase 2 (5º e 6º ano),-1,-1.0,False,-1.0,Defasado,1.0,Ametista,7.365,5.0,6.2,9.3,9.0,7.5,,7.722,5.3,7.0,,Não,Não,Não atendido,Destaque: A sua boa entrega das lições de casa.,Melhorar: Empenhar-se mais nas aulas e avaliações.,Destaque: A sua boa integração aos Princípios Passos Mágicos.
RA-513,2022,Aluno-513,2013,,9.0,Masculino,2021,Pública,,,FASE 1,1.0,1,C,FASE 1,1.0,Fase 1 (4º ano),0,0.0,False,0.0,Adequado,0.0,Topázio,8.229,10.0,8.3,9.6,9.0,5.6,,7.778,8.2,8.5,,Não,Não,Requer avaliação,Destaque: A sua boa entrega das lições de casa.,Destaque: As suas boas notas na Passos Mágicos.,Destaque: A sua boa integração aos Princípios Passos Mágicos.
RA-514,2022,Aluno-514,2013,,9.0,Feminino,2022,Pública,,,FASE 1,1.0,1,C,FASE 1,1.0,Fase 1 (4º ano),0,0.0,False,0.0,Adequado,0.0,Ametista,7.039,10.0,4.8,9.7,8.0,7.5,,5.889,2.0,7.5,,Não,Não,Não atendido,Destaque: A sua boa entrega das lições de casa.,Melhorar: Empenhar-se mais nas aulas e avaliações.,Melhorar: Integrar-se mais aos Princípios Passos Mágicos.
RA-515,2022,Aluno-515,2010,,12.0,Masculino,2022,Pública,,,FASE 1,1.0,1,C,FASE 3,3.0,Fase 3 (7º e 8º ano),-2,-2.0,False,-2.0,Defasado,1.0,Ágata,6.582,5.0,5.8,6.3,8.0,7.5,,7.556,8.5,3.2,,Não,Não,Não atendido,Melhorar: Melhorar a sua entrega de lições de casa.,Melhorar: Empenhar-se mais nas aulas e avaliações.,Destaque: A sua boa integração aos Princípios Passos Mágicos.
RA-516,2022,Aluno-516,2013,,9.0,Masculino,2019,Rede Decisão,,,FASE 1,1.0,1,C,FASE 1,1.0,Fase 1 (4º ano),0,0.0,False,0.0,Adequado,0.0,Topázio,8.903,10.0,9.9,9.7,10.0,7.5,,8.056,10.0,9.8,,Não,Não,Não atendido,Destaque: A sua boa entrega das lições de casa.,Destaque: As suas boas notas na Passos Mágicos.,Destaque: A sua boa integração aos Princípios Passos Mágicos.
RA-517,2022,Aluno-517,2010,,12.0,Feminino,2017,Pública,,,FASE 1,1.0,1,D,FASE 3,3.0,Fase 3 (7º e 8º ano),-2,-2.0,False,-2.0,Defasado,1.0,Ametista,7.604,5.0,7.7,9.5,6.9,7.5,,7.833,7.8,7.5,,Não,Não,Não atendido,Destaque: A sua boa entrega das lições de casa.,Destaque: As suas boas notas na Passos Mágicos.,Destaque: A sua boa integração aos Princípios Passos Mágicos.
RA-518,2022,Aluno-518,2012,,10.0,Masculino,2022,Pública,,,FASE 1,1.0,1,D,FASE 2,2.0,Fase 2 (5º e 6º ano),-1,-1.0,False,-1.0,Defasado,1.0,Ametista,7.661,5.0,7.5,9.4,9.0,7.5,,7.5,6.0,9.0,,Não,Não,Não atendido,Destaque: A sua boa entrega das lições de casa.,Destaque: As suas boas notas na Passos Mágicos.,Destaque: A sua boa integração aos Princípios Passos Mágicos.
RA-519,2022,Aluno-519,2013,,9.0,Masculino,2022,Pública,,,FASE 1,1.0,1,D,FASE 1,1.0,Fase 1 (4º ano),0,0.0,False,0.0,Adequado,0.0,Ametista,8.0,10.0,7.5,9.6,7.4,7.5,,7.333,7.0,8.0,,Não,Não,Não atendido,Destaque: A sua boa entrega das lições de casa.,Destaque: As suas boas notas na Passos Mágicos.,Melhorar: Integrar-se mais aos Princípios Passos Mágicos.
RA-520,2022,Aluno-520,2011,,11.0,Feminino,2022,Pública,,,FASE 1,1.0,1,D,FASE 2,2.0,Fase 2 (5º e 6º ano),-1,-1.0,False,-1.0,Defasado,1.0,Ametista,7.035,5.0,6.8,6.8,10.0,7.5,,7.278,5.0,8.5,,Não,Não,Não atendido,Melhorar: Melhorar a sua entrega de lições de casa.,Melhorar: Empenhar-se mais nas aulas e avaliações.,Melhorar: Integrar-se mais aos Princípios Passos Mágicos.
RA-521,2022,Aluno-521,2013,,9.0,Masculino,2022,Pública,,,FASE 1,1.0,1,D,FASE 1,1.0,Fase 1 (4º ano),0,0.0,False,0.0,Adequado,0.0,Ametista,7.725,10.0,6.0,10.0,9.0,5.0,,7.5,5.0,7.0,,Não,Não,Requer avaliação,Destaque: A sua boa entrega das lições de casa.,Melhorar: Empenhar-se mais nas aulas e avaliações.,Destaque: A sua boa integração aos Princípios Passos Mágicos.
RA-522,2022,Aluno-522,2013,,9.0,Masculino,2021,Pública,,,FASE 1,1.0,1,D,FASE 1,1.0,Fase 1 (4º ano),0,0.0,False,0.0,Adequado,0.0,Topázio,8.306,10.0,7.5,9.1,9.5,7.5,,8.167,7.0,8.0,,Não,Não,Não atendido,Destaque: A sua boa entrega das lições de casa.,Destaque: As suas boas notas na Passos Mágicos.,Destaque: A sua boa integração aos Princípios Passos Mágicos.
RA-523,2022,Aluno-523,2011,,11.0,Feminino,2022,Pública,,,FASE 1,1.0,1,D,FASE 2,2.0,Fase 2 (5º e 6º ano),-1,-1.0,False,-1.0,Defasado,1.0,Ametista,7.591,5.0,6.5,9.5,10.0,7.5,,7.556,5.0,8.0,,Não,Não,Não atendido,Destaque: A sua boa entrega das lições de casa.,Melhorar: Empenhar-se mais nas aulas e avaliações.,Destaque: A sua boa integração aos Princípios Passos Mágicos.
RA-524,2022,Aluno-524,2011,,11.0,Masculino,2019,Pública,,,FASE 1,1.0,1,D,FASE 2,2.0,Fase 2 (5º e 6º ano),-1,-1.0,False,-1.0,Defasado,1.0,Ágata,6.947,5.0,9.1,9.4,0.0,5.0,,8.056,9.0,9.2,,Sim,Não,Requer avaliação,Destaque: A sua boa entrega das lições de casa.,Destaque: As suas boas notas na Passos Mágicos.,Destaque: A sua boa integração aos Princípios Passos Mágicos.
RA-525,2022,Aluno-525,2011,,11.0,Feminino,2021,Pública,,,FASE 1,1.0,1,D,FASE 2,2.0,Fase 2 (5º e 6º ano),-1,-1.0,False,-1.0,Defasado,1.0,Ametista,8.013,5.0,8.6,9.3,9.0,7.5,,8.167,8.3,8.8,,Não,Não,Não atendido,Destaque: A sua boa entrega das lições de casa.,Destaque: As suas boas notas na Passos Mágicos.,Destaque: A sua boa integração aos Princípios Passos Mágicos.
RA-526,2022,Aluno-526,2010,,12.0,Masculino,2022,Pública,,,FASE 1,1.0,1,D,FASE 3,3.0,Fase 3 (7º e 8º ano),-2,-2.0,False,-2.0,Defasado,1.0,Topázio,8.079,5.0,8.0,9.9,10.0,7.5,,8.167,7.7,8.3,,Não,Não,Não atendido,Destaque: A sua boa entrega das lições de casa.,Destaque: As suas boas notas na Passos Mágicos.,Destaque: A sua boa integração aos Princípios Passos Mágicos.
RA-527,2022,Aluno-527,2013,,9.0,Feminino,2022,Pública,,,FASE 1,1.0,1,D,FASE 1,1.0,Fase 1 (4º ano),0,0.0,False,0.0,Adequado,0.0,Ametista,8.025,10.0,6.5,10.0,8.5,7.5,,7.5,5.0,8.0,,Não,Não,Não atendido,Destaque: A sua boa entrega das lições de casa.,Melhorar: Empenhar-se mais nas aulas e avaliações.,Destaque: A sua boa integração aos Princípios Passos Mágicos.
RA-528,2022,Aluno-528,2011,,11.0,Masculino,2021,Pública,,,FASE 1,1.0,1,D,FASE 2,2.0,Fase 2 (5º e 6º ano),-1,-1.0,False,-1.0,Defasado,1.0,Quartzo,5.335,5.0,4.0,6.2,0.0,7.5,,6.944,5.3,2.7,,Não,Não,Não atendido,Melhorar: Melhorar a sua entrega de lições de casa.,Melhorar: Empenhar-se mais nas aulas e avaliações.,Melhorar: Integrar-se mais aos Princípios Passos Mágicos.
RA-529,2022,Aluno-529,2010,,12.0,Masculino,2020,Pública,,,FASE 1,1.0,1,D,FASE 3,3.0,Fase 3 (7º e 8º ano),-2,-2.0,False,-2.0,Defasado,1.0,Ágata,6.51,5.0,5.2,8.9,8.5,5.0,,6.556,3.3,7.0,,Não,Não,Requer avaliação,Destaque: A sua boa entrega das lições de casa.,Melhorar: Empenhar-se mais nas aulas e avaliações.,Melhorar: Integrar-se mais aos Princípios Passos Mágicos.
RA-530,2022,Aluno-530,2012,,10.0,Masculino,2019,Pública,,,FASE 1,1.0,1,E,FASE 2,2.0,Fase 2 (5º e 6º ano),-1,-1.0,False,-1.0,Defasado,1.0,Topázio,8.338,5.0,8.9,9.0,10.0,7.5,,9.056,9.0,8.8,,Sim,Sim,Não atendido,Destaque: A sua boa entrega das lições de casa.,Destaque: As suas boas notas na Passos Mágicos.,Destaque: A sua boa integração aos Princípios Passos Mágicos.
RA-531,2022,Aluno-531,2012,,10.0,Masculino,2022,Pública,,,FASE 1,1.0,1,E,FASE 2,2.0,Fase 2 (5º e 6º ano),-1,-1.0,False,-1.0,Defasado,1.0,Ametista,8.057,5.0,7.8,9.8,9.5,7.5,,8.167,8.7,7.0,,Sim,Não,Não atendido,Destaque: A sua boa entrega das lições de casa.,Destaque: As suas boas notas na Passos Mágicos.,Destaque: A sua boa integração aos Princípios Passos Mágicos.
RA-532,2022,Aluno-532,2013,,9.0,Feminino,2022,Pública,,,FASE 1,1.0,1,E,FASE 1,1.0,Fase 1 (4º ano),0,0.0,False,0.0,Adequado,0.0,Ametista,7.792,10.0,5.5,9.7,9.5,7.5,,7.167,4.0,7.0,,Não,Não,Não atendido,Destaque: A sua boa entrega das lições de casa.,Melhorar: Empenhar-se mais nas aulas e avaliações.,Melhorar: Integrar-se mais aos Princípios Passos Mágicos.
RA-533,2022,Aluno-533,2012,,10.0,Masculino,2022,Pública,,,FASE 1,1.0,1,E,FASE 2,2.0,Fase 2 (5º e 6º ano),-1,-1.0,False,-1.0,Defasado,1.0,Ágata,6.962,5.0,6.0,8.8,8.5,5.6,,7.333,5.0,7.0,,Não,Não,Requer avaliação,Destaque: A sua boa entrega das lições de casa.,Melhorar: Empenhar-se mais nas aulas e avaliações.,Melhorar: Integrar-se mais aos Princípios Passos Mágicos.
RA-534,2022,Aluno-534,2010,,12.0,Feminino,2021,Pública,,,FASE 1,1.0,1,E,FASE 3,3.0,Fase 3 (7º e 8º ano),-2,-2.0,False,-2.0,Defasado,1.0,Ametista,7.131,5.0,7.1,7.4,9.0,7.5,,7.333,6.5,7.7,,Não,Não,Não atendido,Melhorar: Melhorar a sua entrega de lições de casa.,Melhorar: Empenhar-se mais nas aulas e avaliações.,Melhorar: Integrar-se mais aos Princípios Passos Mágicos.
RA-535,2022,Aluno-535,2012,,10.0,Feminino,2019,Pública,,,FASE 1,1.0,1,F,FASE 2,2.0,Fase 2 (5º e 6º ano),-1,-1.0,False,-1.0,Defasado,1.0,Ágata,6.953,5.0,5.1,9.2,9.0,7.5,,6.917,4.7,5.5,,Não,Não,Sem limitações,Destaque: A sua boa entrega das lições de casa.,Melhorar: Empenhar-se mais nas aulas e avaliações.,Melhorar: Integrar-se mais aos Princípios Passos Mágicos.
RA-536,2022,Aluno-536,2012,,10.0,Feminino,2020,Pública,,,FASE 1,1.0,1,F,FASE 2,2.0,Fase 2 (5º e 6º ano),-1,-1.0,False,-1.0,Defasado,1.0,Ametista,7.106,5.0,6.0,8.9,9.5,5.6,,7.75,6.3,5.7,,Não,Não,Sem limitações,Destaque: A sua boa entrega das lições de casa.,Melhorar: Empenhar-se mais nas aulas e avaliações.,Destaque: A sua boa integração aos Princípios Passos Mágicos.
RA-537,2022,Aluno-537,2012,,10.0,Masculino,2022,Pública,,,FASE 1,1.0,1,F,FASE 2,2.0,Fase 2 (5º e 6º ano),-1,-1.0,False,-1.0,Defasado,1.0,Ágata,6.641,5.0,4.8,9.0,9.5,4.4,,7.167,2.5,7.0,,Não,Não,Requer avaliação,Destaque: A sua boa entrega das lições de casa.,Melhorar: Empenhar-se mais nas aulas e avaliações.,Melhorar: Integrar-se mais aos Princípios Passos Mágicos.
RA-538,2022,Aluno-538,2009,,13.0,Masculino,2022,Pública,,,FASE 1,1.0,1,F,FASE 3,3.0,Fase 3 (7º e 8º ano),-2,-2.0,False,-2.0,Defasado,1.0,Ágata,6.309,5.0,6.8,7.5,8.5,5.6,,5.583,4.5,9.0,,Não,Não,Requer avaliação,Melhorar: Melhorar a sua entrega de lições de casa.,Melhorar: Empenhar-se mais nas aulas e avaliações.,Melhorar: Integrar-se mais aos Princípios Passos Mágicos.
RA-539,2022,Aluno-539,2011,,11.0,Feminino,2022,Pública,,,FASE 1,1.0,1,F,FASE 2,2.0,Fase 2 (5º e 6º ano),-1,-1.0,False,-1.0,Defasado,1.0,Ametista,7.665,5.0,7.5,9.3,8.5,6.9,,8.417,6.8,8.2,,Não,Sim,Sem limitações,Destaque: A sua boa entrega das lições de casa.,Destaque: As suas boas notas na Passos Mágicos.,Destaque: A sua boa integração aos Princípios Passos Mágicos.
RA-540,2022,Aluno-540,2012,,10.0,Feminino,2019,Pública,,,FASE 1,1.0,1,F,FASE 2,2.0,Fase 2 (5º e 6º ano),-1,-1.0,False,-1.0,Defasado,1.0,Ametista,7.303,5.0,7.0,9.5,8.5,5.6,,7.5,6.8,7.2,,Não,Não,Sem limitações,Destaque: A sua boa entrega das lições de casa.,Melhorar: Empenhar-se mais nas aulas e avaliações.,Destaque: A sua boa integração aos Princípios Passos Mágicos.
RA-541,2022,Aluno-541,2008,,14.0,Masculino,2022,Pública,,,FASE 1,1.0,1,F,FASE 4,4.0,Fase 4 (9º ano),-3,-3.0,False,-3.0,Defasado,1.0,Quartzo,5.427,2.5,2.5,7.8,10.0,6.9,,5.0,0.0,5.0,,Não,Não,Sem limitações,Destaque: A sua boa entrega das lições de casa.,Melhorar: Empenhar-se mais nas aulas e avaliações.,Melhorar: Integrar-se mais aos Princípios Passos Mágicos.
RA-542,2022,Aluno-542,2011,,11.0,Feminino,2019,Pública,,,FASE 1,1.0,1,F,FASE 2,2.0,Fase 2 (5º e 6º ano),-1,-1.0,False,-1.0,Defasado,1.0,Ametista,7.221,5.0,6.5,9.8,8.0,6.3,,7.417,5.3,7.7,,Não,Não,Sem limitações,Destaque: A sua boa entrega das lições de casa.,Melhorar: Empenhar-se mais nas aulas e avaliações.,Melhorar: Integrar-se mais aos Princípios Passos Mágicos.
RA-543,2022,Aluno-543,2012,,10.0,Feminino,2022,Pública,,,FASE 1,1.0,1,F,FASE 2,2.0,Fase 2 (5º e 6º ano),-1,-1.0,False,-1.0,Defasado,1.0,Ametista,7.05,5.0,6.5,9.8,8.5,4.4,,7.167,5.0,8.0,,Não,Não,Sem limitações,Destaque: A sua boa entrega das lições de casa.,Melhorar: Empenhar-se mais nas aulas e avaliações.,Melhorar: Integrar-se mais aos Princípios Passos Mágicos.
RA-544,2022,Aluno-544,2012,,10.0,Masculino,2022,Pública,,,FASE 1,1.0,1,F,FASE 2,2.0,Fase 2 (5º e 6º ano),-1,-1.0,False,-1.0,Defasado,1.0,Ágata,6.307,5.0,3.3,9.7,9.5,5.6,,6.0,1.0,5.5,,Não,Não,Requer avaliação,Destaque: A sua boa entrega das lições de casa.,Melhorar: Empenhar-se mais nas aulas e avaliações.,Melhorar: Integrar-se mais aos Princípios Passos Mágicos.
RA-545,2022,Aluno-545,2009,,13.0,Masculino,2018,Pública,,,FASE 1,1.0,1,G,FASE 3,3.0,Fase 3 (7º e 8º ano),-2,-2.0,False,-2.0,Defasado,1.0,Ágata,6.723,5.0,5.5,6.6,9.5,7.5,,7.5,4.3,6.7,,Não,Não,Sem limitações,Melhorar: Melhorar a sua entrega de lições de casa.,Melhorar: Empenhar-se mais nas aulas e avaliações.,Destaque: A sua boa integração aos Princípios Passos Mágicos.
RA-546,2022,Aluno-546,2011,,11.0,Feminino,2021,Pública,,,FASE 1,1.0,1,G,FASE 2,2.0,Fase 2 (5º e 6º ano),-1,-1.0,False,-1.0,Defasado,1.0,Ágata,6.77,5.0,5.6,7.9,9.0,5.0,,7.917,3.3,7.8,,Não,Não,Não indicado,Destaque: A sua boa entrega das lições de casa.,Melhorar: Empenhar-se mais nas aulas e avaliações.,Destaque: A sua boa integração aos Princípios Passos Mágicos.
RA-547,2022,Aluno-547,2011,,11.0,Feminino,2019,Pública,,,FASE 1,1.0,1,G,FASE 2,2.0,Fase 2 (5º e 6º ano),-1,-1.0,False,-1.0,Defasado,1.0,Ametista,7.745,5.0,7.6,9.7,9.5,5.0,,8.833,7.3,7.8,,Não,Sim,Não indicado,Destaque: A sua boa entrega das lições de casa.,Destaque: As suas boas notas na Passos Mágicos.,Destaque: A sua boa integração aos Princípios Passos Mágicos.
RA-548,2022,Aluno-548,2010,,12.0,Masculino,2019,Pública,,,FASE 1,1.0,1,G,FASE 3,3.0,Fase 3 (7º e 8º ano),-2,-2.0,False,-2.0,Defasado,1.0,Ametista,7.292,5.0,7.2,9.1,8.0,6.9,,7.583,5.7,8.7,,Não,Não,Sem limitações,Destaque: A sua boa entrega das lições de casa.,Melhorar: Empenhar-se mais nas aulas e avaliações.,Destaque: A sua boa integração aos Princípios Passos Mágicos.
RA-549,2022,Aluno-549,2012,,10.0,Masculino,2021,Pública,,,FASE 1,1.0,1,G,FASE 2,2.0,Fase 2 (5º e 6º ano),-1,-1.0,False,-1.0,Defasado,1.0,Ágata,6.301,5.0,4.2,7.9,10.0,6.9,,6.167,2.2,6.2,,Não,Não,Sem limitações,Destaque: A sua boa entrega das lições de casa.,Melhorar: Empenhar-se mais nas aulas e avaliações.,Melhorar: Integrar-se mais aos Princípios Passos Mágicos.
RA-550,2022,Aluno-550,2010,,12.0,Feminino,2022,Pública,,,FASE 1,1.0,1,G,FASE 3,3.0,Fase 3 (7º e 8º ano),-2,-2.0,False,-2.0,Defasado,1.0,Ágata,6.026,5.0,1.9,9.0,9.0,6.9,,6.25,2.0,1.8,,Não,Não,Sem limitações,Destaque: A sua boa entrega das lições de casa.,Melhorar: Empenhar-se mais nas aulas e avaliações.,Melhorar: Integrar-se mais aos Princípios Passos Mágicos.
RA-551,2022,Aluno-551,2010,,12.0,Feminino,2018,Pública,,,FASE 1,1.0,1,G,FASE 3,3.0,Fase 3 (7º e 8º ano),-2,-2.0,False,-2.0,Defasado,1.0,Ágata,6.853,5.0,6.6,7.3,8.5,6.9,,7.333,5.0,8.2,,Não,Não,Sem limitações,Melhorar: Melhorar a sua entrega de lições de casa.,Melhorar: Empenhar-se mais nas aulas e avaliações.,Melhorar: Integrar-se mais aos Princípios Passos Mágicos.
RA-552,2022,Aluno-552,2011,,11.0,Masculino,2022,Pública,,,FASE 1,1.0,1,G,FASE 2,2.0,Fase 2 (5º e 6º ano),-1,-1.0,False,-1.0,Defasado,1.0,Ágata,6.625,5.0,5.5,8.8,9.5,5.0,,7.167,6.0,5.0,,Não,Não,Não indicado,Destaque: A sua boa entrega das lições de casa.,Melhorar: Empenhar-se mais nas aulas e avaliações.,Melhorar: Integrar-se mais aos Princípios Passos Mágicos.
RA-553,2022,Aluno-553,2011,,11.0,Feminino,2019,Pública,,,FASE 1,1.0,1,G,FASE 2,2.0,Fase 2 (5º e 6º ano),-1,-1.0,False,-1.0,Defasado,1.0,Ágata,6.39,5.0,3.3,6.9,9.5,6.9,,8.167,1.0,5.7,,Não,Não,Sem limitações,Melhorar: Melhorar a sua entrega de lições de casa.,Melhorar: Empenhar-se mais nas aulas e avaliações.,Destaque: A sua boa integração aos Princípios Passos Mágicos.
RA-554,2022,Aluno-554,2010,,12.0,Masculino,2017,Pública,,,FASE 1,1.0,1,G,FASE 3,3.0,Fase 3 (7º e 8º ano),-2,-2.0,False,-2.0,Defasado,1.0,Quartzo,5.588,5.0,4.0,6.0,7.9,6.9,,5.75,1.7,6.3,,Não,Não,Sem limitações,Melhorar: Melhorar a sua entrega de lições de casa.,Melhorar: Empenhar-se mais nas aulas e avaliações.,Melhorar: Integrar-se mais aos Princípios Passos Mágicos.
RA-555,2022,Aluno-555,2010,,12.0,Masculino,2019,Pública,,,FASE 1,1.0,1,G,FASE 3,3.0,Fase 3 (7º e 8º ano),-2,-2.0,False,-2.0,Defasado,1.0,Quartzo,5.949,5.0,4.4,8.1,9.5,5.0,,5.167,1.8,7.0,,Não,Não,Não indicado,Destaque: A sua boa entrega das lições de casa.,Melhorar: Empenhar-se mais nas aulas e avaliações.,Melhorar: Integrar-se mais aos Princípios Passos Mágicos.
RA-556,2022,Aluno-556,2011,,11.0,Feminino,2018,Pública,,,FASE 1,1.0,1,G,FASE 2,2.0,Fase 2 (5º e 6º ano),-1,-1.0,False,-1.0,Defasado,1.0,Ametista,7.181,5.0,6.4,8.8,9.0,5.0,,8.25,4.8,8.0,,Não,Não,Não indicado,Destaque: A sua boa entrega das lições de casa.,Melhorar: Empenhar-se mais nas aulas e avaliações.,Destaque: A sua boa integração aos Princípios Passos Mágicos.
RA-557,2022,Aluno-557,2012,,10.0,Masculino,2019,Pública,,,FASE 1,1.0,1,H,FASE 2,2.0,Fase 2 (5º e 6º ano),-1,-1.0,False,-1.0,Defasado,1.0,Topázio,8.334,5.0,9.4,8.4,10.0,7.5,,9.333,10.0,8.8,,Sim,Sim,Sem limitações,Destaque: A sua boa entrega das lições de casa.,Destaque: As suas boas notas na Passos Mágicos.,Destaque: A sua boa integração aos Princípios Passos Mágicos.
RA-558,2022,Aluno-558,2008,,14.0,Masculino,2022,Pública,,,FASE 1,1.0,1,H,FASE 4,4.0,Fase 4 (9º ano),-3,-3.0,False,-3.0,Defasado,1.0,Quartzo,5.539,2.5,4.3,8.5,9.0,5.0,,4.5,0.5,8.0,,Não,Não,Não indicado,Destaque: A sua boa entrega das lições de casa.,Melhorar: Empenhar-se mais nas aulas e avaliações.,Melhorar: Integrar-se mais aos Princípios Passos Mágicos.
RA-559,2022,Aluno-559,2011,,11.0,Masculino,2021,Pública,,,FASE 1,1.0,1,H,FASE 2,2.0,Fase 2 (5º e 6º ano),-1,-1.0,False,-1.0,Defasado,1.0,Ametista,7.634,5.0,7.1,9.2,9.5,7.5,,8.083,7.2,7.0,,Não,Não,Sem limitações,Destaque: A sua boa entrega das lições de casa.,Melhorar: Empenhar-se mais nas aulas e avaliações.,Destaque: A sua boa integração aos Princípios Passos Mágicos.
RA-560,2022,Aluno-560,2011,,11.0,Masculino,2020,Pública,,,FASE 1,1.0,1,H,FASE 2,2.0,Fase 2 (5º e 6º ano),-1,-1.0,False,-1.0,Defasado,1.0,Quartzo,4.949,5.0,3.8,7.2,6.9,5.0,,3.75,3.2,4.3,,Não,Não,Não indicado,Melhorar: Melhorar a sua entrega de lições de casa.,Melhorar: Empenhar-se mais nas aulas e avaliações.,Melhorar: Integrar-se mais aos Princípios Passos Mágicos.
RA-561,2022,Aluno-561,2011,,11.0,Masculino,2022,Pública,,,FASE 1,1.0,1,H,FASE 2,2.0,Fase 2 (5º e 6º ano),-1,-1.0,False,-1.0,Defasado,1.0,Ametista,7.856,5.0,7.4,9.0,9.0,7.5,,8.833,9.5,5.3,,Sim,Sim,Sem limitações,Destaque: A sua boa entrega das lições de casa.,Melhorar: Empenhar-se mais nas aulas e avaliações.,Destaque: A sua boa integração aos Princípios Passos Mágicos.
RA-562,2022,Aluno-562,2011,,11.0,Feminino,2021,Pública,,,FASE 1,1.0,1,H,FASE 2,2.0,Fase 2 (5º e 6º ano),-1,-1.0,False,-1.0,Defasado,1.0,Ametista,7.855,5.0,8.0,9.0,8.0,7.5,,8.75,8.3,7.7,,Não,Sim,Sem limitações,Destaque: A sua boa entrega das lições de casa.,Destaque: As suas boas notas na Passos Mágicos.,Destaque: A sua boa integração aos Princípios Passos Mágicos.
RA-563,2022,Aluno-563,2011,,11.0,Feminino,2020,Pública,,,FASE 1,1.0,1,H,FASE 2,2.0,Fase 2 (5º e 6º ano),-1,-1.0,False,-1.0,Defasado,1.0,Topázio,8.22,5.0,8.5,9.2,10.0,7.5,,8.833,9.0,8.0,,Sim,Sim,Sem limitações,Destaque: A sua boa entrega das lições de casa.,Destaque: As suas boas notas na Passos Mágicos.,Destaque: A sua boa integração aos Princípios Passos Mágicos.
RA-564,2022,Aluno-564,2009,,13.0,Masculino,2019,Pública,,,FASE 1,1.0,1,H,FASE 3,3.0,Fase 3 (7º e 8º ano),-2,-2.0,False,-2.0,Defasado,1.0,Quartzo,4.972,5.0,2.3,3.8,9.5,5.0,,6.833,2.5,2.0,,Não,Não,Não indicado,Melhorar: Melhorar a sua entrega de lições de casa.,Melhorar: Empenhar-se mais nas aulas e avaliações.,Melhorar: Integrar-se mais aos Princípios Passos Mágicos.
RA-565,2022,Aluno-565,2009,,13.0,Masculino,2022,Pública,,,FASE 1,1.0,1,H,FASE 3,3.0,Fase 3 (7º e 8º ano),-2,-2.0,False,-2.0,Defasado,1.0,Quartzo,5.233,5.0,2.9,4.1,9.0,7.5,,5.917,4.0,1.8,,Não,Não,Sem limitações,Melhorar: Melhorar a sua entrega de lições de casa.,Melhorar: Empenhar-se mais nas aulas e avaliações.,Melhorar: Integrar-se mais aos Princípios Passos Mágicos.
RA-566,2022,Aluno-566,2010,,12.0,Feminino,2022,Pública,,,FASE 1,1.0,1,H,FASE 3,3.0,Fase 3 (7º e 8º ano),-2,-2.0,False,-2.0,Defasado,1.0,Ametista,7.729,5.0,8.5,8.4,9.5,7.5,,7.917,9.5,7.5,,Não,Não,Sem limitações,Destaque: A sua boa entrega das lições de casa.,Destaque: As suas boas notas na Passos Mágicos.,Destaque: A sua boa integração aos Princípios Passos Mágicos.
RA-567,2022,Aluno-567,2011,,11.0,Masculino,2019,Pública,,,FASE 1,1.0,1,H,FASE 2,2.0,Fase 2 (5º e 6º ano),-1,-1.0,False,-1.0,Defasado,1.0,Ágata,6.281,5.0,4.8,6.0,9.5,7.5,,6.833,4.3,5.2,,Não,Não,Sem limitações,Melhorar: Melhorar a sua entrega de lições de casa.,Melhorar: Empenhar-se mais nas aulas e avaliações.,Melhorar: Integrar-se mais aos Princípios Passos Mágicos.
RA-568,2022,Aluno-568,2008,,14.0,Masculino,2018,Pública,,,FASE 1,1.0,1,J,FASE 4,4.0,Fase 4 (9º ano),-3,-3.0,False,-3.0,Defasado,1.0,Ametista,7.306,2.5,8.3,8.6,8.0,6.9,,7.944,8.0,8.5,,Não,Não,Não atendido,Destaque: A sua boa entrega das lições de casa.,Destaque: As suas boas notas na Passos Mágicos.,Destaque: A sua boa integração aos Princípios Passos Mágicos.
RA-569,2022,Aluno-569,2010,,12.0,Feminino,2020,Pública,,,FASE 1,1.0,1,J,FASE 3,3.0,Fase 3 (7º e 8º ano),-2,-2.0,False,-2.0,Defasado,1.0,Ametista,7.074,5.0,6.8,8.7,9.5,5.0,,7.333,6.3,7.3,,Não,Não,Requer avaliação,Destaque: A sua boa entrega das lições de casa.,Melhorar: Empenhar-se mais nas aulas e avaliações.,Melhorar: Integrar-se mais aos Princípios Passos Mágicos.
RA-570,2022,Aluno-570,2012,,10.0,Feminino,2019,Pública,,,FASE 1,1.0,1,J,FASE 2,2.0,Fase 2 (5º e 6º ano),-1,-1.0,False,-1.0,Defasado,1.0,Quartzo,5.722,5.0,1.3,7.0,9.0,7.5,,6.778,0.7,2.0,,Não,Não,Não atendido,Melhorar: Melhorar a sua entrega de lições de casa.,Melhorar: Empenhar-se mais nas aulas e avaliações.,Melhorar: Integrar-se mais aos Princípios Passos Mágicos.
RA-571,2022,Aluno-571,2011,,11.0,Feminino,2019,Pública,,,FASE 1,1.0,1,J,FASE 2,2.0,Fase 2 (5º e 6º ano),-1,-1.0,False,-1.0,Defasado,1.0,Ágata,6.589,5.0,3.7,8.8,8.5,7.5,,6.944,3.3,4.0,,Não,Não,Não atendido,Destaque: A sua boa entrega das lições de casa.,Melhorar: Empenhar-se mais nas aulas e avaliações.,Melhorar: Integrar-se mais aos Princípios Passos Mágicos.
RA-572,2022,Aluno-572,2013,,9.0,Masculino,2022,Pública,,,FASE 1,1.0,1,J,FASE 1,1.0,Fase 1 (4º ano),0,0.0,False,0.0,Adequado,0.0,Ametista,7.48,10.0,6.8,8.0,8.5,7.5,,6.833,4.5,9.0,,Não,Não,Não atendido,Destaque: A sua boa entrega das lições de casa.,Melhorar: Empenhar-se mais nas aulas e avaliações.,Melhorar: Integrar-se mais aos Princípios Passos Mágicos.
RA-573,2022,Aluno-573,2011,,11.0,Masculino,2020,Pública,,,FASE 1,1.0,1,J,FASE 2,2.0,Fase 2 (5º e 6º ano),-1,-1.0,False,-1.0,Defasado,1.0,Topázio,8.261,5.0,8.2,9.9,9.5,7.5,,8.944,8.3,8.0,,Sim,Sim,Não atendido,Destaque: A sua boa entrega das lições de casa.,Destaque: As suas boas notas na Passos Mágicos.,Destaque: A sua boa integração aos Princípios Passos Mágicos.
RA-574,2022,Aluno-574,2012,,10.0,Masculino,2022,Pública,,,FASE 1,1.0,1,J,FASE 2,2.0,Fase 2 (5º e 6º ano),-1,-1.0,False,-1.0,Defasado,1.0,Ágata,6.86,5.0,7.5,7.2,9.5,5.0,,6.944,5.5,9.5,,Não,Não,Requer avaliação,Melhorar: Melhorar a sua entrega de lições de casa.,Destaque: As suas boas notas na Passos Mágicos.,Melhorar: Integrar-se mais aos Princípios Passos Mágicos.
RA-575,2022,Aluno-575,2010,,12.0,Masculino,2019,Pública,,,FASE 1,1.0,1,J,FASE 3,3.0,Fase 3 (7º e 8º ano),-2,-2.0,False,-2.0,Defasado,1.0,Quartzo,5.889,5.0,2.8,6.1,8.0,7.5,,7.0,2.7,3.0,,Não,Não,Não atendido,Melhorar: Melhorar a sua entrega de lições de casa.,Melhorar: Empenhar-se mais nas aulas e avaliações.,Melhorar: Integrar-se mais aos Princípios Passos Mágicos.
RA-576,2022,Aluno-576,2012,,10.0,Feminino,2022,Pública,,,FASE 1,1.0,1,J,FASE 2,2.0,Fase 2 (5º e 6º ano),-1,-1.0,False,-1.0,Defasado,1.0,Ametista,7.59,5.0,7.8,9.1,9.5,7.5,,7.111,7.5,8.0,,Não,Não,Não atendido,Destaque: A sua boa entrega das lições de casa.,Destaque: As suas boas notas na Passos Mágicos.,Melhorar: Integrar-se mais aos Princípios Passos Mágicos.
RA-577,2022,Aluno-577,2012,,10.0,Feminino,2022,Pública,,,FASE 1,1.0,1,J,FASE 2,2.0,Fase 2 (5º e 6º ano),-1,-1.0,False,-1.0,Defasado,1.0,Ametista,7.862,5.0,9.0,9.3,9.5,7.5,,7.111,8.3,9.7,,Não,Não,Não atendido,Destaque: A sua boa entrega das lições de casa.,Destaque: As suas boas notas na Passos Mágicos.,Melhorar: Integrar-se mais aos Princípios Passos Mágicos.
RA-578,2022,Aluno-578,2012,,10.0,Masculino,2019,Pública,,,FASE 1,1.0,1,J,FASE 2,2.0,Fase 2 (5º e 6º ano),-1,-1.0,False,-1.0,Defasado,1.0,Topázio,8.814,5.0,9.5,10.0,9.5,8.8,,9.611,9.3,9.7,,Sim,Sim,Sem limitações,Destaque: A sua boa entrega das lições de casa.,Destaque: As suas boas notas na Passos Mágicos.,Destaque: A sua boa integração aos Princípios Passos Mágicos.
RA-579,2022,Aluno-579,2012,,10.0,Feminino,2022,Pública,,,FASE 1,1.0,1,J,FASE 2,2.0,Fase 2 (5º e 6º ano),-1,-1.0,False,-1.0,Defasado,1.0,Ágata,6.067,5.0,3.8,5.8,8.5,7.5,,7.222,0.0,7.5,,Não,Não,Não atendido,Melhorar: Melhorar a sua entrega de lições de casa.,Melhorar: Empenhar-se mais nas aulas e avaliações.,Melhorar: Integrar-se mais aos Princípios Passos Mágicos.
RA-580,2022,Aluno-580,2012,,10.0,Feminino,2020,Pública,,,FASE 1,1.0,1,J,FASE 2,2.0,Fase 2 (5º e 6º ano),-1,-1.0,False,-1.0,Defasado,1.0,Ametista,7.525,5.0,7.6,9.6,8.0,7.5,,7.167,6.3,8.8,,Não,Não,Não atendido,Destaque: A sua boa entrega das lições de casa.,Destaque: As suas boas notas na Passos Mágicos.,Melhorar: Integrar-se mais aos Princípios Passos Mágicos.
RA-581,2022,Aluno-581,2012,,10.0,Masculino,2019,Pública,,,FASE 1,1.0,1,J,FASE 2,2.0,Fase 2 (5º e 6º ano),-1,-1.0,False,-1.0,Defasado,1.0,Ágata,6.464,5.0,5.0,8.9,7.5,7.5,,5.889,5.3,4.7,,Não,Não,Não atendido,Destaque: A sua boa entrega das lições de casa.,Melhorar: Empenhar-se mais nas aulas e avaliações.,Melhorar: Integrar-se mais aos Princípios Passos Mágicos.
RA-582,2022,Aluno-582,2012,,10.0,Feminino,2022,Pública,,,FASE 1,1.0,1,J,FASE 2,2.0,Fase 2 (5º e 6º ano),-1,-1.0,False,-1.0,Defasado,1.0,Ametista,7.064,5.0,4.9,9.0,10.0,7.5,,7.222,4.3,5.5,,Não,Não,Não atendido,Destaque: A sua boa entrega das lições de casa.,Melhorar: Empenhar-se mais nas aulas e avaliações.,Melhorar: Integrar-se mais aos Princípios Passos Mágicos.
RA-583,2022,Aluno-583,2010,,12.0,Feminino,2019,Pública,,,FASE 1,1.0,1,J,FASE 3,3.0,Fase 3 (7º e 8º ano),-2,-2.0,False,-2.0,Defasado,1.0,Ametista,7.456,5.0,7.1,9.4,8.5,7.5,,7.333,6.2,8.0,,Não,Não,Não atendido,Destaque: A sua boa entrega das lições de casa.,Melhorar: Empenhar-se mais nas aulas e avaliações.,Melhorar: Integrar-se mais aos Princípios Passos Mágicos.
RA-584,2022,Aluno-584,2012,,10.0,Feminino,2019,Pública,,,FASE 1,1.0,1,J,FASE 2,2.0,Fase 2 (5º e 6º ano),-1,-1.0,False,-1.0,Defasado,1.0,Ágata,6.714,5.0,4.6,8.5,8.0,7.5,,7.333,4.5,4.7,,Não,Não,Não atendido,Destaque: A sua boa entrega das lições de casa.,Melhorar: Empenhar-se mais nas aulas e avaliações.,Melhorar: Integrar-se mais aos Princípios Passos Mágicos.
RA-585,2022,Aluno-585,2013,,9.0,Feminino,2020,Pública,,,FASE 1,1.0,1,K,FASE 1,1.0,Fase 1 (4º ano),0,0.0,False,0.0,Adequado,0.0,Ametista,7.398,10.0,5.0,9.1,8.5,7.5,,6.889,3.7,6.3,,Não,Não,Não atendido,Destaque: A sua boa entrega das lições de casa.,Melhorar: Empenhar-se mais nas aulas e avaliações.,Melhorar: Integrar-se mais aos Princípios Passos Mágicos.
RA-586,2022,Aluno-586,2012,,10.0,Feminino,2021,Rede Decisão,,,FASE 1,1.0,1,K,FASE 2,2.0,Fase 2 (5º e 6º ano),-1,-1.0,False,-1.0,Defasado,1.0,Ametista,7.988,5.0,8.2,9.6,10.0,5.6,,8.778,8.2,8.2,,Não,Sim,Requer avaliação,Destaque: A sua boa entrega das lições de casa.,Destaque: As suas boas notas na Passos Mágicos.,Destaque: A sua boa integração aos Princípios Passos Mágicos.
RA-587,2022,Aluno-587,2012,,10.0,Masculino,2022,Pública,,,FASE 1,1.0,1,K,FASE 2,2.0,Fase 2 (5º e 6º ano),-1,-1.0,False,-1.0,Defasado,1.0,Ágata,6.632,5.0,3.8,9.3,9.5,7.5,,6.167,1.0,6.5,,Não,Não,Não atendido,Destaque: A sua boa entrega das lições de casa.,Melhorar: Empenhar-se mais nas aulas e avaliações.,Melhorar: Integrar-se mais aos Princípios Passos Mágicos.
RA-588,2022,Aluno-588,2013,,9.0,Feminino,2021,Rede Decisão,,,FASE 1,1.0,1,K,FASE 1,1.0,Fase 1 (4º ano),0,0.0,False,0.0,Adequado,0.0,Topázio,8.622,10.0,9.3,10.0,9.5,5.6,,8.278,9.3,9.2,,Não,Não,Sem limitações,Destaque: A sua boa entrega das lições de casa.,Destaque: As suas boas notas na Passos Mágicos.,Destaque: A sua boa integração aos Princípios Passos Mágicos.
RA-589,2022,Aluno-589,2013,,9.0,Feminino,2022,Pública,,,FASE 1,1.0,1,K,FASE 1,1.0,Fase 1 (4º ano),0,0.0,False,0.0,Adequado,0.0,Ametista,7.744,10.0,5.8,9.4,9.5,7.5,,7.056,3.0,8.5,,Não,Não,Não atendido,Destaque: A sua boa entrega das lições de casa.,Melhorar: Empenhar-se mais nas aulas e avaliações.,Melhorar: Integrar-se mais aos Princípios Passos Mágicos.
RA-590,2022,Aluno-590,2012,,10.0,Feminino,2020,Pública,,,FASE 1,1.0,1,K,FASE 2,2.0,Fase 2 (5º e 6º ano),-1,-1.0,False,-1.0,Defasado,1.0,Ametista,7.435,5.0,7.4,8.6,8.5,7.5,,7.611,5.7,9.2,,Não,Não,Não atendido,Destaque: A sua boa entrega das lições de casa.,Melhorar: Empenhar-se mais nas aulas e avaliações.,Destaque: A sua boa integração aos Princípios Passos Mágicos.
RA-591,2022,Aluno-591,2011,,11.0,Masculino,2021,Pública,,,FASE 1,1.0,1,K,FASE 2,2.0,Fase 2 (5º e 6º ano),-1,-1.0,False,-1.0,Defasado,1.0,Ametista,7.507,5.0,7.1,9.3,9.5,7.5,,7.389,7.8,6.3,,Não,Não,Não atendido,Destaque: A sua boa entrega das lições de casa.,Melhorar: Empenhar-se mais nas aulas e avaliações.,Melhorar: Integrar-se mais aos Princípios Passos Mágicos.
RA-592,2022,Aluno-592,2012,,10.0,Feminino,2020,Pública,,,FASE 1,1.0,1,K,FASE 2,2.0,Fase 2 (5º e 6º ano),-1,-1.0,False,-1.0,Defasado,1.0,Ametista,7.381,5.0,8.4,8.5,8.0,5.6,,7.778,7.2,9.7,,Não,Não,Requer avaliação,Destaque: A sua boa entrega das lições de casa.,Destaque: As suas boas notas na Passos Mágicos.,Destaque: A sua boa integração aos Princípios Passos Mágicos.
RA-593,2022,Aluno-593,2012,,10.0,Feminino,2021,Pública,,,FASE 1,1.0,1,K,FASE 2,2.0,Fase 2 (5º e 6º ano),-1,-1.0,False,-1.0,Defasado,1.0,Ágata,6.254,5.0,4.6,7.4,7.5,7.5,,6.278,3.0,6.2,,Não,Não,Não atendido,Melhorar: Melhorar a sua entrega de lições de casa.,Melhorar: Empenhar-se mais nas aulas e avaliações.,Melhorar: Integrar-se mais aos Princípios Passos Mágicos.
RA-594,2022,Aluno-594,2012,,10.0,Masculino,2022,Pública,,,FASE 1,1.0,1,K,FASE 2,2.0,Fase 2 (5º e 6º ano),-1,-1.0,False,-1.0,Defasado,1.0,Ametista,7.392,5.0,7.8,9.4,8.0,7.5,,6.889,6.0,9.5,,Não,Não,Não atendido,Destaque: A sua boa entrega das lições de casa.,Destaque: As suas boas notas na Passos Mágicos.,Melhorar: Integrar-se mais aos Princípios Passos Mágicos.
RA-595,2022,Aluno-595,2010,,12.0,Masculino,2018,Pública,,,FASE 1,1.0,1,K,FASE 3,3.0,Fase 3 (7º e 8º ano),-2,-2.0,False,-2.0,Defasado,1.0,Quartzo,5.18,5.0,1.0,5.5,8.5,7.5,,6.0,2.0,0.0,,Não,Não,Não atendido,Melhorar: Melhorar a sua entrega de lições de casa.,Melhorar: Empenhar-se mais nas aulas e avaliações.,Melhorar: Integrar-se mais aos Princípios Passos Mágicos.
RA-596,2022,Aluno-596,2013,,9.0,Feminino,2021,Pública,,,FASE 1,1.0,1,K,FASE 1,1.0,Fase 1 (4º ano),0,0.0,False,0.0,Adequado,0.0,Topázio,8.971,10.0,9.3,10.0,9.5,7.5,,9.0,8.8,9.8,,Sim,Sim,Sem limitações,Destaque: A sua boa entrega das lições de casa.,Destaque: As suas boas notas na Passos Mágicos.,Destaque: A sua boa integração aos Princípios Passos Mágicos.
RA-597,2022,Aluno-597,2013,,9.0,Masculino,2022,Pública,,,FASE 1,1.0,1,L,FASE 1,1.0,Fase 1 (4º ano),0,0.0,False,0.0,Adequado,0.0,Topázio,8.265,10.0,8.0,10.0,9.0,7.5,,7.056,6.5,9.5,,Não,Não,Sem limitações,Destaque: A sua boa entrega das lições de casa.,Destaque: As suas boas notas na Passos Mágicos.,Melhorar: Integrar-se mais aos Princípios Passos Mágicos.
RA-598,2022,Aluno-598,2011,,11.0,Feminino,2022,Pública,,,FASE 1,1.0,1,L,FASE 2,2.0,Fase 2 (5º e 6º ano),-1,-1.0,False,-1.0,Defasado,1.0,Ágata,6.35,5.0,3.7,7.2,9.5,7.5,,6.944,4.7,2.7,,Não,Não,Sem limitações,Melhorar: Melhorar a sua entrega de lições de casa.,Melhorar: Empenhar-se mais nas aulas e avaliações.,Melhorar: Integrar-se mais aos Princípios Passos Mágicos.
RA-599,2022,Aluno-599,2012,,10.0,Masculino,2022,Pública,,,FASE 1,1.0,1,L,FASE 2,2.0,Fase 2 (5º e 6º ano),-1,-1.0,False,-1.0,Defasado,1.0,Topázio,8.2,5.0,9.1,9.2,9.5,7.5,,8.556,8.3,9.8,,Sim,Sim,Sem limitações,Destaque: A sua boa entrega das lições de casa.,Destaque: As suas boas notas na Passos Mágicos.,Destaque: A sua boa integração aos Princípios Passos Mágicos.
RA-600,2022,Aluno-600,2013,,9.0,Feminino,2021,Pública,,,FASE 1,1.0,1,L,FASE 1,1.0,Fase 1 (4º ano),0,0.0,False,0.0,Adequado,0.0,Ágata,7.011,10.0,3.9,8.4,8.5,7.5,,6.833,2.8,5.0,,Não,Não,Sem limitações,Destaque: A sua boa entrega das lições de casa.,Melhorar: Empenhar-se mais nas aulas e avaliações.,Melhorar: Integrar-se mais aos Princípios Passos Mágicos.
RA-601,2022,Aluno-601,2014,,8.0,Masculino,2021,Pública,,,FASE 1,1.0,1,L,ALFA,0.0,ALFA  (2º e 3º ano),1,1.0,False,1.0,Adiantado,0.0,Ametista,7.713,10.0,5.7,9.7,9.0,7.5,,7.167,5.3,6.0,,Não,Não,Sem limitações,Destaque: A sua boa entrega das lições de casa.,Melhorar: Empenhar-se mais nas aulas e avaliações.,Melhorar: Integrar-se mais aos Princípios Passos Mágicos.
RA-602,2022,Aluno-602,2011,,11.0,Masculino,2019,Pública,,,FASE 1,1.0,1,L,FASE 2,2.0,Fase 2 (5º e 6º ano),-1,-1.0,False,-1.0,Defasado,1.0,Ametista,8.041,5.0,8.6,9.7,10.0,7.5,,7.667,8.3,8.8,,Sim,Não,Sem limitações,Destaque: A sua boa entrega das lições de casa.,Destaque: As suas boas notas na Passos Mágicos.,Destaque: A sua boa integração aos Princípios Passos Mágicos.
RA-603,2022,Aluno-603,2011,,11.0,Feminino,2022,Pública,,,FASE 1,1.0,1,L,FASE 2,2.0,Fase 2 (5º e 6º ano),-1,-1.0,False,-1.0,Defasado,1.0,Ametista,7.78,5.0,7.5,9.5,9.0,7.5,,8.0,6.7,8.3,,Não,Não,Sem limitações,Destaque: A sua boa entrega das lições de casa.,Destaque: As suas boas notas na Passos Mágicos.,Destaque: A sua boa integração aos Princípios Passos Mágicos.
RA-604,2022,Aluno-604,2012,,10.0,Feminino,2021,Pública,,,FASE 1,1.0,1,L,FASE 2,2.0,Fase 2 (5º e 6º ano),-1,-1.0,False,-1.0,Defasado,1.0,Ametista,8.018,5.0,8.8,9.0,9.0,7.5,,8.333,8.0,9.7,,Sim,Não,Sem limitações,Destaque: A sua boa entrega das lições de casa.,Destaque: As suas boas notas na Passos Mágicos.,Destaque: A sua boa integração aos Princípios Passos Mágicos.
RA-605,2022,Aluno-605,2010,,12.0,Feminino,2021,Pública,,,FASE 1,1.0,1,L,FASE 3,3.0,Fase 3 (7º e 8º ano),-2,-2.0,False,-2.0,Defasado,1.0,Ametista,7.276,5.0,7.1,9.3,6.9,6.9,,7.556,6.2,8.0,,Não,Não,Sem limitações,Destaque: A sua boa entrega das lições de casa.,Melhorar: Empenhar-se mais nas aulas e avaliações.,Destaque: A sua boa integração aos Princípios Passos Mágicos.
RA-606,2022,Aluno-606,2012,,10.0,Masculino,2022,Pública,,,FASE 1,1.0,1,L,FASE 2,2.0,Fase 2 (5º e 6º ano),-1,-1.0,False,-1.0,Defasado,1.0,Ágata,6.127,5.0,1.8,9.0,9.5,7.5,,6.111,2.0,1.5,,Não,Não,Sem limitações,Destaque: A sua boa entrega das lições de casa.,Melhorar: Empenhar-se mais nas aulas e avaliações.,Melhorar: Integrar-se mais aos Princípios Passos Mágicos.
RA-607,2022,Aluno-607,2012,,10.0,Masculino,2022,Pública,,,FASE 1,1.0,1,L,FASE 2,2.0,Fase 2 (5º e 6º ano),-1,-1.0,False,-1.0,Defasado,1.0,Ágata,6.44,5.0,4.0,8.1,6.8,7.5,,7.444,3.0,5.0,,Não,Não,Sem limitações,Destaque: A sua boa entrega das lições de casa.,Melhorar: Empenhar-se mais nas aulas e avaliações.,Melhorar: Integrar-se mais aos Princípios Passos Mágicos.
RA-608,2022,Aluno-608,2012,,10.0,Masculino,2022,Pública,,,FASE 1,1.0,1,L,FASE 2,2.0,Fase 2 (5º e 6º ano),-1,-1.0,False,-1.0,Defasado,1.0,Ametista,7.216,5.0,6.3,9.6,7.8,7.5,,7.222,3.0,9.5,,Não,Não,Sem limitações,Destaque: A sua boa entrega das lições de casa.,Melhorar: Empenhar-se mais nas aulas e avaliações.,Melhorar: Integrar-se mais aos Princípios Passos Mágicos.
RA-609,2022,Aluno-609,2011,,11.0,Masculino,2019,Pública,,,FASE 1,1.0,1,L,FASE 2,2.0,Fase 2 (5º e 6º ano),-1,-1.0,False,-1.0,Defasado,1.0,Ágata,6.794,5.0,6.0,7.6,8.5,7.5,,7.056,6.5,5.5,,Não,Não,Sem limitações,Destaque: A sua boa entrega das lições de casa.,Melhorar: Empenhar-se mais nas aulas e avaliações.,Melhorar: Integrar-se mais aos Princípios Passos Mágicos.
RA-610,2022,Aluno-610,2013,,9.0,Feminino,2022,Pública,,,FASE 1,1.0,1,L,FASE 1,1.0,Fase 1 (4º ano),0,0.0,False,0.0,Adequado,0.0,Topázio,8.18,10.0,6.5,9.6,9.0,7.5,,8.5,6.0,7.0,,Não,Sim,Sem limitações,Destaque: A sua boa entrega das lições de casa.,Melhorar: Empenhar-se mais nas aulas e avaliações.,Destaque: A sua boa integração aos Princípios Passos Mágicos.
RA-611,2022,Aluno-611,2010,,12.0,Masculino,2021,Pública,,,FASE 1,1.0,1,M,FASE 3,3.0,Fase 3 (7º e 8º ano),-2,-2.0,False,-2.0,Defasado,1.0,Ametista,7.756,5.0,9.5,7.6,9.5,7.5,,7.556,10.0,9.0,,Sim,Não,Não atendido,Destaque: A sua boa entrega das lições de casa.,Destaque: As suas boas notas na Passos Mágicos.,Destaque: A sua boa integração aos Princípios Passos Mágicos.
RA-612,2022,Aluno-612,2012,,10.0,Feminino,2021,Pública,,,FASE 1,1.0,1,M,FASE 2,2.0,Fase 2 (5º e 6º ano),-1,-1.0,False,-1.0,Defasado,1.0,Ametista,7.594,5.0,7.9,9.2,9.0,7.5,,7.167,9.7,6.2,,Não,Não,Não atendido,Destaque: A sua boa entrega das lições de casa.,Destaque: As suas boas notas na Passos Mágicos.,Melhorar: Integrar-se mais aos Princípios Passos Mágicos.
RA-613,2022,Aluno-613,2009,,13.0,Masculino,2020,Pública,,,FASE 1,1.0,1,M,FASE 3,3.0,Fase 3 (7º e 8º ano),-2,-2.0,False,-2.0,Defasado,1.0,Topázio,8.121,5.0,9.2,9.2,9.0,7.5,,8.556,9.2,9.2,,Sim,Sim,Não atendido,Destaque: A sua boa entrega das lições de casa.,Destaque: As suas boas notas na Passos Mágicos.,Destaque: A sua boa integração aos Princípios Passos Mágicos.
RA-614,2022,Aluno-614,2010,,12.0,Masculino,2021,Pública,,,FASE 1,1.0,1,M,FASE 3,3.0,Fase 3 (7º e 8º ano),-2,-2.0,False,-2.0,Defasado,1.0,Topázio,8.339,5.0,9.6,9.7,9.5,7.5,,8.278,9.8,9.3,,Sim,Não,Não atendido,Destaque: A sua boa entrega das lições de casa.,Destaque: As suas boas notas na Passos Mágicos.,Destaque: A sua boa integração aos Princípios Passos Mágicos.
RA-615,2022,Aluno-615,2013,,9.0,Feminino,2020,Pública,,,FASE 1,1.0,1,M,FASE 1,1.0,Fase 1 (4º ano),0,0.0,False,0.0,Adequado,0.0,Topázio,8.086,10.0,7.3,9.7,9.5,7.5,,6.889,7.8,6.7,,Não,Não,Não atendido,Destaque: A sua boa entrega das lições de casa.,Melhorar: Empenhar-se mais nas aulas e avaliações.,Melhorar: Integrar-se mais aos Princípios Passos Mágicos.
RA-616,2022,Aluno-616,2010,,12.0,Masculino,2019,Pública,,,FASE 1,1.0,1,M,FASE 3,3.0,Fase 3 (7º e 8º ano),-2,-2.0,False,-2.0,Defasado,1.0,Ametista,7.303,5.0,8.8,7.4,7.4,7.5,,7.278,9.2,8.5,,Não,Não,Não atendido,Melhorar: Melhorar a sua entrega de lições de casa.,Destaque: As suas boas notas na Passos Mágicos.,Melhorar: Integrar-se mais aos Princípios Passos Mágicos.
RA-617,2022,Aluno-617,2011,,11.0,Feminino,2021,Pública,,,FASE 1,1.0,1,M,FASE 2,2.0,Fase 2 (5º e 6º ano),-1,-1.0,False,-1.0,Defasado,1.0,Ametista,7.107,5.0,6.3,8.9,8.5,7.5,,6.778,4.5,8.0,,Não,Não,Não atendido,Destaque: A sua boa entrega das lições de casa.,Melhorar: Empenhar-se mais nas aulas e avaliações.,Melhorar: Integrar-se mais aos Princípios Passos Mágicos.
RA-618,2022,Aluno-618,2009,,13.0,Masculino,2020,Pública,,,FASE 1,1.0,1,M,FASE 3,3.0,Fase 3 (7º e 8º ano),-2,-2.0,False,-2.0,Defasado,1.0,Ametista,7.18,5.0,6.7,8.3,8.9,7.5,,7.333,6.8,6.5,,Não,Não,Não atendido,Destaque: A sua boa entrega das lições de casa.,Melhorar: Empenhar-se mais nas aulas e avaliações.,Melhorar: Integrar-se mais aos Princípios Passos Mágicos.
RA-619,2022,Aluno-619,2011,,11.0,Feminino,2021,Pública,,,FASE 1,1.0,1,M,FASE 2,2.0,Fase 2 (5º e 6º ano),-1,-1.0,False,-1.0,Defasado,1.0,Ametista,7.693,5.0,9.0,8.0,9.5,7.5,,7.333,9.2,8.8,,Não,Não,Não atendido,Destaque: A sua boa entrega das lições de casa.,Destaque: As suas boas notas na Passos Mágicos.,Melhorar: Integrar-se mais aos Princípios Passos Mágicos.
RA-620,2022,Aluno-620,2010,,12.0,Masculino,2021,Pública,,,FASE 1,1.0,1,M,FASE 3,3.0,Fase 3 (7º e 8º ano),-2,-2.0,False,-2.0,Defasado,1.0,Ágata,6.018,5.0,6.8,7.5,0.0,7.5,,6.833,8.5,5.0,,Não,Não,Não atendido,Destaque: A sua boa entrega das lições de casa.,Melhorar: Empenhar-se mais nas aulas e avaliações.,Melhorar: Integrar-se mais aos Princípios Passos Mágicos.
RA-621,2022,Aluno-621,2012,,10.0,Masculino,2020,Pública,,,FASE 1,1.0,1,M,FASE 2,2.0,Fase 2 (5º e 6º ano),-1,-1.0,False,-1.0,Defasado,1.0,Ametista,7.448,5.0,7.5,7.7,9.5,7.5,,8.222,6.8,8.2,,Não,Não,Não atendido,Destaque: A sua boa entrega das lições de casa.,Destaque: As suas boas notas na Passos Mágicos.,Destaque: A sua boa integração aos Princípios Passos Mágicos.
RA-622,2022,Aluno-622,2010,,12.0,Feminino,2019,Pública,,,FASE 1,1.0,1,N,FASE 3,3.0,Fase 3 (7º e 8º ano),-2,-2.0,False,-2.0,Defasado,1.0,Quartzo,4.934,5.0,3.8,3.8,3.5,7.5,,6.0,4.8,2.7,,Não,Não,Não atendido,Melhorar: Melhorar a sua entrega de lições de casa.,Melhorar: Empenhar-se mais nas aulas e avaliações.,Melhorar: Integrar-se mais aos Princípios Passos Mágicos.
RA-623,2022,Aluno-623,2009,,13.0,Masculino,2022,Pública,,,FASE 1,1.0,1,N,FASE 3,3.0,Fase 3 (7º e 8º ano),-2,-2.0,False,-2.0,Defasado,1.0,Ametista,7.524,5.0,8.3,9.0,7.5,7.5,,7.389,9.3,7.2,,Não,Não,Não atendido,Destaque: A sua boa entrega das lições de casa.,Destaque: As suas boas notas na Passos Mágicos.,Melhorar: Integrar-se mais aos Princípios Passos Mágicos.
RA-624,2022,Aluno-624,2012,,10.0,Masculino,2022,Pública,,,FASE 1,1.0,1,N,FASE 2,2.0,Fase 2 (5º e 6º ano),-1,-1.0,False,-1.0,Defasado,1.0,Ametista,7.425,5.0,6.8,8.9,9.0,7.5,,7.722,8.0,5.5,,Não,Não,Não atendido,Destaque: A sua boa entrega das lições de casa.,Melhorar: Empenhar-se mais nas aulas e avaliações.,Destaque: A sua boa integração aos Princípios Passos Mágicos.
RA-625,2022,Aluno-625,2011,,11.0,Masculino,2022,Pública,,,FASE 1,1.0,1,N,FASE 2,2.0,Fase 2 (5º e 6º ano),-1,-1.0,False,-1.0,Defasado,1.0,Ametista,7.483,5.0,7.8,9.2,8.0,7.5,,7.333,8.5,7.0,,Não,Não,Não atendido,Destaque: A sua boa entrega das lições de casa.,Destaque: As suas boas notas na Passos Mágicos.,Melhorar: Integrar-se mais aos Princípios Passos Mágicos.
RA-626,2022,Aluno-626,2011,,11.0,Masculino,2021,Pública,,,FASE 1,1.0,1,N,FASE 2,2.0,Fase 2 (5º e 6º ano),-1,-1.0,False,-1.0,Defasado,1.0,Quartzo,5.818,5.0,1.3,7.6,7.4,7.5,,7.278,2.5,0.0,,Não,Não,Não atendido,Destaque: A sua boa entrega das lições de casa.,Melhorar: Empenhar-se mais nas aulas e avaliações.,Melhorar: Integrar-se mais aos Princípios Passos Mágicos.
RA-627,2022,Aluno-627,2012,,10.0,Feminino,2022,Pública,,,FASE 1,1.0,1,N,FASE 2,2.0,Fase 2 (5º e 6º ano),-1,-1.0,False,-1.0,Defasado,1.0,Ágata,6.621,5.0,6.5,6.7,7.0,7.5,,7.0,6.2,6.8,,Não,Não,Não atendido,Melhorar: Melhorar a sua entrega de lições de casa.,Melhorar: Empenhar-se mais nas aulas e avaliações.,Melhorar: Integrar-se mais aos Princípios Passos Mágicos.
RA-628,2022,Aluno-628,2011,,11.0,Masculino,2022,Pública,,,FASE 1,1.0,1,N,FASE 2,2.0,Fase 2 (5º e 6º ano),-1,-1.0,False,-1.0,Defasado,1.0,Ametista,7.577,5.0,9.2,7.6,9.5,7.5,,7.333,9.3,9.0,,Não,Não,Não atendido,Destaque: A sua boa entrega das lições de casa.,Destaque: As suas boas notas na Passos Mágicos.,Melhorar: Integrar-se mais aos Princípios Passos Mágicos.
RA-629,2022,Aluno-629,2013,,9.0,Masculino,2022,Pública,,,FASE 1,1.0,1,N,FASE 1,1.0,Fase 1 (4º ano),0,0.0,False,0.0,Adequado,0.0,Topázio,8.11,10.0,7.0,10.0,9.0,7.5,,7.278,5.0,9.0,,Não,Não,Não atendido,Destaque: A sua boa entrega das lições de casa.,Melhorar: Empenhar-se mais nas aulas e avaliações.,Melhorar: Integrar-se mais aos Princípios Passos Mágicos.
RA-630,2022,Aluno-630,2013,,9.0,Masculino,2022,Pública,,,FASE 1,1.0,1,N,FASE 1,1.0,Fase 1 (4º ano),0,0.0,False,0.0,Adequado,0.0,Topázio,8.064,10.0,7.3,9.2,9.5,7.5,,7.278,6.5,8.0,,Não,Não,Não atendido,Destaque: A sua boa entrega das lições de casa.,Melhorar: Empenhar-se mais nas aulas e avaliações.,Melhorar: Integrar-se mais aos Princípios Passos Mágicos.
RA-631,2022,Aluno-631,2010,,12.0,Masculino,2022,Pública,,,FASE 1,1.0,1,N,FASE 3,3.0,Fase 3 (7º e 8º ano),-2,-2.0,False,-2.0,Defasado,1.0,Ágata,6.928,5.0,7.0,6.8,8.5,7.5,,7.222,7.3,6.7,,Não,Não,Não atendido,Melhorar: Melhorar a sua entrega de lições de casa.,Melhorar: Empenhar-se mais nas aulas e avaliações.,Melhorar: Integrar-se mais aos Princípios Passos Mágicos.
RA-632,2022,Aluno-632,2012,,10.0,Feminino,2022,Pública,,,FASE 1,1.0,1,P,FASE 2,2.0,Fase 2 (5º e 6º ano),-1,-1.0,False,-1.0,Defasado,1.0,Ágata,6.996,5.0,6.3,9.3,8.5,6.9,,6.722,5.5,7.2,,Não,Não,Sem limitações,Destaque: A sua boa entrega das lições de casa.,Melhorar: Empenhar-se mais nas aulas e avaliações.,Melhorar: Integrar-se mais aos Princípios Passos Mágicos.
RA-633,2022,Aluno-633,2011,,11.0,Feminino,2020,Pública,,,FASE 1,1.0,1,P,FASE 2,2.0,Fase 2 (5º e 6º ano),-1,-1.0,False,-1.0,Defasado,1.0,Ametista,7.476,5.0,7.7,8.9,7.3,7.5,,7.833,6.8,8.5,,Não,Não,Não atendido,Destaque: A sua boa entrega das lições de casa.,Destaque: As suas boas notas na Passos Mágicos.,Destaque: A sua boa integração aos Princípios Passos Mágicos.
RA-634,2022,Aluno-634,2011,,11.0,Feminino,2022,Pública,,,FASE 1,1.0,1,P,FASE 2,2.0,Fase 2 (5º e 6º ano),-1,-1.0,False,-1.0,Defasado,1.0,Ametista,7.619,5.0,6.5,9.4,9.5,7.5,,8.222,8.0,5.0,,Não,Não,Não atendido,Destaque: A sua boa entrega das lições de casa.,Melhorar: Empenhar-se mais nas aulas e avaliações.,Destaque: A sua boa integração aos Princípios Passos Mágicos.
RA-635,2022,Aluno-635,2012,,10.0,Masculino,2022,Pública,,,FASE 1,1.0,1,P,FASE 2,2.0,Fase 2 (5º e 6º ano),-1,-1.0,False,-1.0,Defasado,1.0,Quartzo,5.313,5.0,1.5,4.9,10.0,6.9,,6.444,0.5,2.5,,Não,Não,Requer avaliação,Melhorar: Melhorar a sua entrega de lições de casa.,Melhorar: Empenhar-se mais nas aulas e avaliações.,Melhorar: Integrar-se mais aos Princípios Passos Mágicos.
RA-636,2022,Aluno-636,2012,,10.0,Masculino,2022,Pública,,,FASE 1,1.0,1,P,FASE 2,2.0,Fase 2 (5º e 6º ano),-1,-1.0,False,-1.0,Defasado,1.0,Ametista,7.189,5.0,7.3,8.0,8.5,6.9,,7.389,7.3,7.3,,Sim,Não,Requer avaliação,Destaque: A sua boa entrega das lições de casa.,Melhorar: Empenhar-se mais nas aulas e avaliações.,Melhorar: Integrar-se mais aos Princípios Passos Mágicos.
RA-637,2022,Aluno-637,2012,,10.0,Feminino,2021,Pública,,,FASE 1,1.0,1,P,FASE 2,2.0,Fase 2 (5º e 6º ano),-1,-1.0,False,-1.0,Defasado,1.0,Ametista,7.039,5.0,5.8,9.0,8.5,7.5,,7.0,4.8,6.8,,Não,Não,Não atendido,Destaque: A sua boa entrega das lições de casa.,Melhorar: Empenhar-se mais nas aulas e avaliações.,Melhorar: Integrar-se mais aos Princípios Passos Mágicos.
RA-638,2022,Aluno-638,2013,,9.0,Feminino,2020,Pública,,,FASE 1,1.0,1,P,FASE 1,1.0,Fase 1 (4º ano),0,0.0,False,0.0,Adequado,0.0,Ametista,7.059,10.0,3.9,9.3,8.5,7.5,,6.278,2.0,5.8,,Não,Não,Não atendido,Destaque: A sua boa entrega das lições de casa.,Melhorar: Empenhar-se mais nas aulas e avaliações.,Melhorar: Integrar-se mais aos Princípios Passos Mágicos.
RA-639,2022,Aluno-639,2012,,10.0,Feminino,2021,Pública,,,FASE 1,1.0,1,P,FASE 2,2.0,Fase 2 (5º e 6º ano),-1,-1.0,False,-1.0,Defasado,1.0,Ágata,6.613,5.0,5.5,7.4,8.5,7.5,,6.611,3.2,7.8,,Não,Não,Não atendido,Melhorar: Melhorar a sua entrega de lições de casa.,Melhorar: Empenhar-se mais nas aulas e avaliações.,Melhorar: Integrar-se mais aos Princípios Passos Mágicos.
RA-640,2022,Aluno-640,2011,,11.0,Feminino,2022,Pública,,,FASE 1,1.0,1,P,FASE 2,2.0,Fase 2 (5º e 6º ano),-1,-1.0,False,-1.0,Defasado,1.0,Ágata,6.73,5.0,4.8,8.4,9.0,7.5,,6.778,2.5,7.0,,Não,Não,Não atendido,Destaque: A sua boa entrega das lições de casa.,Melhorar: Empenhar-se mais nas aulas e avaliações.,Melhorar: Integrar-se mais aos Princípios Passos Mágicos.
RA-641,2022,Aluno-641,2013,,9.0,Feminino,2022,Pública,,,FASE 1,1.0,1,P,FASE 1,1.0,Fase 1 (4º ano),0,0.0,False,0.0,Adequado,0.0,Ametista,7.776,10.0,6.5,9.3,9.0,7.5,,6.778,4.5,8.5,,Não,Não,Não atendido,Destaque: A sua boa entrega das lições de casa.,Melhorar: Empenhar-se mais nas aulas e avaliações.,Melhorar: Integrar-se mais aos Princípios Passos Mágicos.
RA-642,2022,Aluno-642,2012,,10.0,Feminino,2021,Pública,,,FASE 1,1.0,1,P,FASE 2,2.0,Fase 2 (5º e 6º ano),-1,-1.0,False,-1.0,Defasado,1.0,Ametista,7.75,5.0,7.3,9.7,10.0,6.9,,7.778,7.0,7.7,,Não,Não,Sem limitações,Destaque: A sua boa entrega das lições de casa.,Melhorar: Empenhar-se mais nas aulas e avaliações.,Destaque: A sua boa integração aos Princípios Passos Mágicos.
RA-643,2022,Aluno-643,2012,,10.0,Masculino,2022,Pública,,,FASE 1,1.0,1,P,FASE 2,2.0,Fase 2 (5º e 6º ano),-1,-1.0,False,-1.0,Defasado,1.0,Ágata,6.763,5.0,6.2,8.0,9.0,7.5,,6.722,6.3,6.0,,Não,Não,Não atendido,Destaque: A sua boa entrega das lições de casa.,Melhorar: Empenhar-se mais nas aulas e avaliações.,Melhorar: Integrar-se mais aos Princípios Passos Mágicos.
RA-644,2022,Aluno-644,2011,,11.0,Feminino,2021,Pública,,,FASE 1,1.0,1,P,FASE 2,2.0,Fase 2 (5º e 6º ano),-1,-1.0,False,-1.0,Defasado,1.0,Ametista,7.83,5.0,8.8,8.0,9.5,7.5,,8.278,9.7,8.0,,Sim,Não,Não atendido,Destaque: A sua boa entrega das lições de casa.,Destaque: As suas boas notas na Passos Mágicos.,Destaque: A sua boa integração aos Princípios Passos Mágicos.
RA-645,2022,Aluno-645,2012,,10.0,Feminino,2022,Pública,,,FASE 1,1.0,1,P,FASE 2,2.0,Fase 2 (5º e 6º ano),-1,-1.0,False,-1.0,Defasado,1.0,Ágata,6.086,5.0,2.0,8.1,8.5,7.5,,6.833,4.0,0.0,,Não,Não,Requer avaliação,Destaque: A sua boa entrega das lições de casa.,Melhorar: Empenhar-se mais nas aulas e avaliações.,Melhorar: Integrar-se mais aos Princípios Passos Mágicos.
RA-646,2022,Aluno-646,2009,,13.0,Masculino,2019,Pública,,,FASE 1,1.0,1,R,FASE 3,3.0,Fase 3 (7º e 8º ano),-2,-2.0,False,-2.0,Defasado,1.0,Topázio,8.181,5.0,8.4,9.8,8.5,8.1,,8.389,8.8,8.0,,Sim,Sim,Não atendido,Destaque: A sua boa entrega das lições de casa.,Destaque: As suas boas notas na Passos Mágicos.,Destaque: A sua boa integração aos Princípios Passos Mágicos.
RA-647,2022,Aluno-647,2012,,10.0,Masculino,2022,Pública,,,FASE 1,1.0,1,R,FASE 2,2.0,Fase 2 (5º e 6º ano),-1,-1.0,False,-1.0,Defasado,1.0,Ágata,6.606,5.0,3.3,8.6,9.5,7.5,,7.278,1.5,5.2,,Não,Não,Não atendido,Destaque: A sua boa entrega das lições de casa.,Melhorar: Empenhar-se mais nas aulas e avaliações.,Melhorar: Integrar-se mais aos Princípios Passos Mágicos.
RA-648,2022,Aluno-648,2010,,12.0,Masculino,2019,Pública,,,FASE 1,1.0,1,R,FASE 3,3.0,Fase 3 (7º e 8º ano),-2,-2.0,False,-2.0,Defasado,1.0,Ágata,6.736,5.0,5.3,7.5,9.0,6.9,,7.5,5.0,5.5,,Não,Não,Sem limitações,Melhorar: Melhorar a sua entrega de lições de casa.,Melhorar: Empenhar-se mais nas aulas e avaliações.,Destaque: A sua boa integração aos Princípios Passos Mágicos.
RA-649,2022,Aluno-649,2010,,12.0,Feminino,2019,Pública,,,FASE 1,1.0,1,R,FASE 3,3.0,Fase 3 (7º e 8º ano),-2,-2.0,False,-2.0,Defasado,1.0,Ametista,7.302,5.0,7.4,8.9,8.5,5.6,,7.611,6.3,8.5,,Não,Não,Requer avaliação,Destaque: A sua boa entrega das lições de casa.,Melhorar: Empenhar-se mais nas aulas e avaliações.,Destaque: A sua boa integração aos Princípios Passos Mágicos.
RA-650,2022,Aluno-650,2011,,11.0,Feminino,2021,Pública,,,FASE 1,1.0,1,R,FASE 2,2.0,Fase 2 (5º e 6º ano),-1,-1.0,False,-1.0,Defasado,1.0,Ágata,7.004,5.0,6.9,8.7,6.9,5.6,,7.5,5.5,8.3,,Não,Não,Sem limitações,Destaque: A sua boa entrega das lições de casa.,Melhorar: Empenhar-se mais nas aulas e avaliações.,Destaque: A sua boa integração aos Princípios Passos Mágicos.
RA-651,2022,Aluno-651,2012,,10.0,Feminino,2022,Pública,,,FASE 1,1.0,1,R,FASE 2,2.0,Fase 2 (5º e 6º ano),-1,-1.0,False,-1.0,Defasado,1.0,Ametista,7.866,5.0,7.8,9.3,8.5,7.5,,8.333,7.7,7.8,,Sim,Não,Não atendido,Destaque: A sua boa entrega das lições de casa.,Destaque: As suas boas notas na Passos Mágicos.,Destaque: A sua boa integração aos Princípios Passos Mágicos.
RA-652,2022,Aluno-652,2013,,9.0,Feminino,2022,Pública,,,FASE 1,1.0,1,R,FASE 1,1.0,Fase 1 (4º ano),0,0.0,False,0.0,Adequado,0.0,Topázio,8.151,10.0,7.8,9.6,8.0,7.5,,7.5,7.0,8.5,,Não,Não,Não atendido,Destaque: A sua boa entrega das lições de casa.,Destaque: As suas boas notas na Passos Mágicos.,Destaque: A sua boa integração aos Princípios Passos Mágicos.
RA-653,2022,Aluno-653,2011,,11.0,Feminino,2022,Pública,,,FASE 1,1.0,1,R,FASE 2,2.0,Fase 2 (5º e 6º ano),-1,-1.0,False,-1.0,Defasado,1.0,Topázio,8.101,5.0,9.3,9.6,9.5,7.5,,7.5,9.5,9.0,,Não,Não,Não atendido,Destaque: A sua boa entrega das lições de casa.,Destaque: As suas boas notas na Passos Mágicos.,Destaque: A sua boa integração aos Princípios Passos Mágicos.
RA-654,2022,Aluno-654,2010,,12.0,Feminino,2022,Pública,,,FASE 1,1.0,1,R,FASE 3,3.0,Fase 3 (7º e 8º ano),-2,-2.0,False,-2.0,Defasado,1.0,Ametista,7.308,5.0,6.8,8.6,8.5,7.5,,7.556,5.5,8.0,,Não,Não,Não atendido,Destaque: A sua boa entrega das lições de casa.,Melhorar: Empenhar-se mais nas aulas e avaliações.,Destaque: A sua boa integração aos Princípios Passos Mágicos.
RA-655,2022,Aluno-655,2010,,12.0,Feminino,2019,Pública,,,FASE 1,1.0,1,R,FASE 3,3.0,Fase 3 (7º e 8º ano),-2,-2.0,False,-2.0,Defasado,1.0,Ametista,7.785,5.0,8.3,9.2,7.5,7.5,,8.389,8.3,8.2,,Sim,Sim,Não atendido,Destaque: A sua boa entrega das lições de casa.,Destaque: As suas boas notas na Passos Mágicos.,Destaque: A sua boa integração aos Princípios Passos Mágicos.
RA-656,2022,Aluno-656,2011,,11.0,Feminino,2020,Pública,,,FASE 1,1.0,1,R,FASE 2,2.0,Fase 2 (5º e 6º ano),-1,-1.0,False,-1.0,Defasado,1.0,Ágata,6.652,5.0,6.3,7.5,7.4,5.6,,7.5,5.0,7.5,,Não,Não,Requer avaliação,Melhorar: Melhorar a sua entrega de lições de casa.,Melhorar: Empenhar-se mais nas aulas e avaliações.,Destaque: A sua boa integração aos Princípios Passos Mágicos.
RA-657,2022,Aluno-657,2010,,12.0,Feminino,2021,Pública,,,FASE 1,1.0,1,R,FASE 3,3.0,Fase 3 (7º e 8º ano),-2,-2.0,False,-2.0,Defasado,1.0,Topázio,8.093,5.0,9.0,9.8,9.5,7.5,,7.5,9.0,9.0,,Não,Não,Não atendido,Destaque: A sua boa entrega das lições de casa.,Destaque: As suas boas notas na Passos Mágicos.,Destaque: A sua boa integração aos Princípios Passos Mágicos.
RA-658,2022,Aluno-658,2012,,10.0,Feminino,2022,Pública,,,FASE 1,1.0,1,U,FASE 2,2.0,Fase 2 (5º e 6º ano),-1,-1.0,False,-1.0,Defasado,1.0,Ametista,7.407,5.0,5.6,9.3,10.0,7.5,,7.917,4.7,6.5,,Não,Não,Não atendido,Destaque: A sua boa entrega das lições de casa.,Melhorar: Empenhar-se mais nas aulas e avaliações.,Destaque: A sua boa integração aos Princípios Passos Mágicos.
RA-659,2022,Aluno-659,2012,,10.0,Feminino,2022,Pública,,,FASE 1,1.0,1,U,FASE 2,2.0,Fase 2 (5º e 6º ano),-1,-1.0,False,-1.0,Defasado,1.0,Ametista,7.783,5.0,9.3,7.8,8.0,7.5,,8.333,9.5,9.0,,Não,Não,Não atendido,Destaque: A sua boa entrega das lições de casa.,Destaque: As suas boas notas na Passos Mágicos.,Destaque: A sua boa integração aos Princípios Passos Mágicos.
RA-660,2022,Aluno-660,2013,,9.0,Feminino,2021,Pública,,,FASE 1,1.0,1,U,FASE 1,1.0,Fase 1 (4º ano),0,0.0,False,0.0,Adequado,0.0,Topázio,8.363,10.0,6.9,9.0,9.5,7.5,,9.083,5.8,8.0,,Não,Sim,Não atendido,Destaque: A sua boa entrega das lições de casa.,Melhorar: Empenhar-se mais nas aulas e avaliações.,Destaque: A sua boa integração aos Princípios Passos Mágicos.
RA-661,2022,Aluno-661,2011,,11.0,Masculino,2022,Pública,,,FASE 1,1.0,1,U,FASE 2,2.0,Fase 2 (5º e 6º ano),-1,-1.0,False,-1.0,Defasado,1.0,Ametista,7.593,5.0,7.8,8.3,9.0,7.5,,7.917,8.3,7.3,,Não,Não,Não atendido,Destaque: A sua boa entrega das lições de casa.,Destaque: As suas boas notas na Passos Mágicos.,Destaque: A sua boa integração aos Princípios Passos Mágicos.
RA-662,2022,Aluno-662,2011,,11.0,Feminino,2022,Pública,,,FASE 1,1.0,1,U,FASE 2,2.0,Fase 2 (5º e 6º ano),-1,-1.0,False,-1.0,Defasado,1.0,Ametista,7.044,5.0,6.8,8.8,9.0,7.5,,6.083,5.7,7.8,,Não,Não,Não atendido,Destaque: A sua boa entrega das lições de casa.,Melhorar: Empenhar-se mais nas aulas e avaliações.,Melhorar: Integrar-se mais aos Princípios Passos Mágicos.
RA-663,2022,Aluno-663,2012,,10.0,Masculino,2022,Pública,,,FASE 1,1.0,1,U,FASE 2,2.0,Fase 2 (5º e 6º ano),-1,-1.0,False,-1.0,Defasado,1.0,Ágata,6.376,5.0,5.8,8.7,6.9,7.5,,5.25,5.0,6.5,,Não,Não,Não atendido,Destaque: A sua boa entrega das lições de casa.,Melhorar: Empenhar-se mais nas aulas e avaliações.,Melhorar: Integrar-se mais aos Princípios Passos Mágicos.
RA-664,2022,Aluno-664,2012,,10.0,Feminino,2022,Pública,,,FASE 1,1.0,1,U,FASE 2,2.0,Fase 2 (5º e 6º ano),-1,-1.0,False,-1.0,Defasado,1.0,Ametista,7.277,5.0,6.3,8.8,9.5,7.5,,7.167,5.0,7.5,,Não,Não,Não atendido,Destaque: A sua boa entrega das lições de casa.,Melhorar: Empenhar-se mais nas aulas e avaliações.,Melhorar: Integrar-se mais aos Princípios Passos Mágicos.
RA-665,2022,Aluno-665,2011,,11.0,Feminino,2022,Pública,,,FASE 1,1.0,1,U,FASE 2,2.0,Fase 2 (5º e 6º ano),-1,-1.0,False,-1.0,Defasado,1.0,Ágata,6.996,5.0,6.8,7.4,9.0,7.5,,7.25,6.5,7.0,,Não,Não,Não atendido,Melhorar: Melhorar a sua entrega de lições de casa.,Melhorar: Empenhar-se mais nas aulas e avaliações.,Melhorar: Integrar-se mais aos Princípios Passos Mágicos.
RA-666,2022,Aluno-666,2012,,10.0,Masculino,2022,Pública,,,FASE 1,1.0,1,U,FASE 2,2.0,Fase 2 (5º e 6º ano),-1,-1.0,False,-1.0,Defasado,1.0,Ametista,7.929,5.0,7.8,9.1,9.5,7.5,,8.833,8.0,7.5,,Não,Sim,Não atendido,Destaque: A sua boa entrega das lições de casa.,Destaque: As suas boas notas na Passos Mágicos.,Destaque: A sua boa integração aos Princípios Passos Mágicos.
RA-667,2022,Aluno-667,2011,,11.0,Masculino,2021,Pública,,,FASE 1,1.0,1,U,FASE 2,2.0,Fase 2 (5º e 6º ano),-1,-1.0,False,-1.0,Defasado,1.0,Quartzo,5.844,5.0,4.5,5.6,8.5,7.5,,5.833,3.7,5.3,,Não,Não,Não atendido,Melhorar: Melhorar a sua entrega de lições de casa.,Melhorar: Empenhar-se mais nas aulas e avaliações.,Melhorar: Integrar-se mais aos Princípios Passos Mágicos.
RA-668,2022,Aluno-668,2011,,11.0,Masculino,2022,Pública,,,FASE 1,1.0,1,U,FASE 2,2.0,Fase 2 (5º e 6º ano),-1,-1.0,False,-1.0,Defasado,1.0,Quartzo,4.365,5.0,2.8,3.3,6.9,7.5,,3.75,2.8,2.8,,Não,Não,Não atendido,Melhorar: Melhorar a sua entrega de lições de casa.,Melhorar: Empenhar-se mais nas aulas e avaliações.,Melhorar: Integrar-se mais aos Princípios Passos Mágicos.
RA-669,2022,Aluno-669,2011,,11.0,Masculino,2022,Pública,,,FASE 1,1.0,1,U,FASE 2,2.0,Fase 2 (5º e 6º ano),-1,-1.0,False,-1.0,Defasado,1.0,Ametista,7.475,5.0,6.0,9.7,9.0,7.5,,7.833,5.0,7.0,,Não,Não,Não atendido,Destaque: A sua boa entrega das lições de casa.,Melhorar: Empenhar-se mais nas aulas e avaliações.,Destaque: A sua boa integração aos Princípios Passos Mágicos.
RA-670,2022,Aluno-670,2012,,10.0,Feminino,2022,Pública,,,FASE 1,1.0,1,U,FASE 2,2.0,Fase 2 (5º e 6º ano),-1,-1.0,False,-1.0,Defasado,1.0,Ametista,7.451,5.0,6.9,8.8,8.0,7.5,,8.167,6.5,7.3,,Não,Não,Não atendido,Destaque: A sua boa entrega das lições de casa.,Melhorar: Empenhar-se mais nas aulas e avaliações.,Destaque: A sua boa integração aos Princípios Passos Mágicos.
RA-671,2022,Aluno-671,2013,,9.0,Masculino,2021,Pública,,,ALFA,0.0,0,A,FASE 1,1.0,Fase 1 (4º ano),-1,-1.0,False,-1.0,Defasado,1.0,Ametista,7.617,5.0,8.8,8.2,8.5,8.1,,7.417,8.8,8.8,,Não,Não,Sem limitações,Destaque: A sua boa entrega das lições de casa.,Destaque: As suas boas notas na Passos Mágicos.,Melhorar: Integrar-se mais aos Princípios Passos Mágicos.
RA-672,2022,Aluno-672,2013,,9.0,Feminino,2021,Pública,,,ALFA,0.0,0,A,FASE 1,1.0,Fase 1 (4º ano),-1,-1.0,False,-1.0,Defasado,1.0,Ametista,7.48,5.0,8.8,8.5,8.5,8.1,,6.75,8.5,9.1,,Não,Não,Não atendido,Destaque: A sua boa entrega das lições de casa.,Destaque: As suas boas notas na Passos Mágicos.,Melhorar: Integrar-se mais aos Princípios Passos Mágicos.
RA-673,2022,Aluno-673,2014,,8.0,Feminino,2022,Pública,,,ALFA,0.0,0,A,ALFA,0.0,ALFA  (2º e 3º ano),0,0.0,False,0.0,Adequado,0.0,Topázio,8.65,10.0,9.2,9.2,8.5,8.1,,8.583,9.4,8.9,,Sim,Sim,Não atendido,Destaque: A sua boa entrega das lições de casa.,Destaque: As suas boas notas na Passos Mágicos.,Destaque: A sua boa integração aos Princípios Passos Mágicos.
RA-674,2022,Aluno-674,2014,,8.0,Masculino,2022,Pública,,,ALFA,0.0,0,A,ALFA,0.0,ALFA  (2º e 3º ano),0,0.0,False,0.0,Adequado,0.0,Ametista,7.862,10.0,8.0,8.7,9.5,8.1,,6.333,8.9,7.0,,Não,Não,Sem limitações,Destaque: A sua boa entrega das lições de casa.,Destaque: As suas boas notas na Passos Mágicos.,Melhorar: Integrar-se mais aos Princípios Passos Mágicos.
RA-675,2022,Aluno-675,2014,,8.0,Masculino,2022,Pública,,,ALFA,0.0,0,A,ALFA,0.0,ALFA  (2º e 3º ano),0,0.0,False,0.0,Adequado,0.0,Ametista,7.576,10.0,7.4,6.6,10.0,8.1,,7.083,8.8,5.9,,Sim,Não,Não atendido,Melhorar: Melhorar a sua entrega de lições de casa.,Melhorar: Empenhar-se mais nas aulas e avaliações.,Melhorar: Integrar-se mais aos Princípios Passos Mágicos.
RA-676,2022,Aluno-676,2013,,9.0,Masculino,2021,Pública,,,ALFA,0.0,0,A,FASE 1,1.0,Fase 1 (4º ano),-1,-1.0,False,-1.0,Defasado,1.0,Ametista,7.911,5.0,9.3,8.6,8.5,8.1,,8.167,9.5,9.1,,Sim,Não,Não atendido,Destaque: A sua boa entrega das lições de casa.,Destaque: As suas boas notas na Passos Mágicos.,Destaque: A sua boa integração aos Princípios Passos Mágicos.
RA-677,2022,Aluno-677,2014,,8.0,Feminino,2021,Pública,,,ALFA,0.0,0,B,ALFA,0.0,ALFA  (2º e 3º ano),0,0.0,False,0.0,Adequado,0.0,Topázio,8.358,10.0,7.3,9.4,10.0,7.5,,8.583,7.7,6.8,,Não,Sim,Não atendido,Destaque: A sua boa entrega das lições de casa.,Melhorar: Empenhar-se mais nas aulas e avaliações.,Destaque: A sua boa integração aos Princípios Passos Mágicos.
RA-678,2022,Aluno-678,2013,,9.0,Masculino,2022,Pública,,,ALFA,0.0,0,B,FASE 1,1.0,Fase 1 (4º ano),-1,-1.0,False,-1.0,Defasado,1.0,Ametista,8.0,5.0,7.3,10.0,9.0,6.9,,9.5,7.5,7.0,,Não,Sim,Sem limitações,Destaque: A sua boa entrega das lições de casa.,Melhorar: Empenhar-se mais nas aulas e avaliações.,Destaque: A sua boa integração aos Princípios Passos Mágicos.
RA-679,2022,Aluno-679,2012,,10.0,Masculino,2020,Pública,,,ALFA,0.0,0,B,FASE 2,2.0,Fase 2 (5º e 6º ano),-2,-2.0,False,-2.0,Defasado,1.0,Ametista,7.172,5.0,6.3,8.2,9.0,7.5,,7.833,6.7,5.8,,Não,Não,Sem limitações,Destaque: A sua boa entrega das lições de casa.,Melhorar: Empenhar-se mais nas aulas e avaliações.,Destaque: A sua boa integração aos Princípios Passos Mágicos.
RA-680,2022,Aluno-680,2012,,10.0,Feminino,2019,Pública,,,ALFA,0.0,0,B,FASE 2,2.0,Fase 2 (5º e 6º ano),-2,-2.0,False,-2.0,Defasado,1.0,Ametista,7.518,5.0,7.4,8.8,9.5,7.5,,7.75,8.0,6.8,,Não,Não,Não atendido,Destaque: A sua boa entrega das lições de casa.,Melhorar: Empenhar-se mais nas aulas e avaliações.,Destaque: A sua boa integração aos Princípios Passos Mágicos.
RA-681,2022,Aluno-681,2012,,10.0,Masculino,2022,Pública,,,ALFA,0.0,0,B,FASE 2,2.0,Fase 2 (5º e 6º ano),-2,-2.0,False,-2.0,Defasado,1.0,Ametista,7.204,5.0,6.5,8.5,8.5,6.9,,8.0,6.5,6.5,,Não,Não,Requer avaliação,Destaque: A sua boa entrega das lições de casa.,Melhorar: Empenhar-se mais nas aulas e avaliações.,Destaque: A sua boa integração aos Princípios Passos Mágicos.
RA-682,2022,Aluno-682,2011,,11.0,Masculino,2022,Pública,,,ALFA,0.0,0,B,FASE 2,2.0,Fase 2 (5º e 6º ano),-2,-2.0,False,-2.0,Defasado,1.0,Ametista,7.625,5.0,7.0,9.1,9.5,7.5,,8.083,7.0,7.0,,Não,Não,Não atendido,Destaque: A sua boa entrega das lições de casa.,Melhorar: Empenhar-se mais nas aulas e avaliações.,Destaque: A sua boa integração aos Princípios Passos Mágicos.
RA-683,2022,Aluno-683,2012,,10.0,Masculino,2022,Pública,,,ALFA,0.0,0,C,FASE 2,2.0,Fase 2 (5º e 6º ano),-2,-2.0,False,-2.0,Defasado,1.0,Ágata,6.011,5.0,4.0,5.0,7.9,7.5,,8.083,8.0,0.0,,Não,Não,Não atendido,Melhorar: Melhorar a sua entrega de lições de casa.,Melhorar: Empenhar-se mais nas aulas e avaliações.,Destaque: A sua boa integração aos Princípios Passos Mágicos.
RA-684,2022,Aluno-684,2015,,7.0,Masculino,2022,Pública,,,ALFA,0.0,0,C,ALFA,0.0,ALFA  (2º e 3º ano),0,0.0,False,0.0,Adequado,0.0,Topázio,8.26,10.0,9.3,7.5,9.5,8.1,,7.917,9.0,9.6,,Não,Não,Não atendido,Melhorar: Melhorar a sua entrega de lições de casa.,Destaque: As suas boas notas na Passos Mágicos.,Destaque: A sua boa integração aos Princípios Passos Mágicos.
RA-685,2022,Aluno-685,2013,,9.0,Masculino,2022,Pública,,,ALFA,0.0,0,C,FASE 1,1.0,Fase 1 (4º ano),-1,-1.0,False,-1.0,Defasado,1.0,Ágata,6.864,5.0,8.0,6.2,9.0,5.0,,7.833,8.0,8.0,,Não,Não,Não indicado,Melhorar: Melhorar a sua entrega de lições de casa.,Destaque: As suas boas notas na Passos Mágicos.,Destaque: A sua boa integração aos Princípios Passos Mágicos.
RA-686,2022,Aluno-686,2013,,9.0,Feminino,2022,Pública,,,ALFA,0.0,0,D,FASE 1,1.0,Fase 1 (4º ano),-1,-1.0,False,-1.0,Defasado,1.0,Ametista,7.729,5.0,8.8,8.6,7.5,8.1,,8.083,9.2,8.5,,Não,Não,Sem limitações,Destaque: A sua boa entrega das lições de casa.,Destaque: As suas boas notas na Passos Mágicos.,Destaque: A sua boa integração aos Princípios Passos Mágicos.
RA-687,2022,Aluno-687,2013,,9.0,Masculino,2022,Pública,,,ALFA,0.0,0,D,FASE 1,1.0,Fase 1 (4º ano),-1,-1.0,False,-1.0,Defasado,1.0,Ametista,7.703,5.0,8.3,9.0,8.5,8.1,,8.0,9.0,7.5,,Não,Não,Sem limitações,Destaque: A sua boa entrega das lições de casa.,Destaque: As suas boas notas na Passos Mágicos.,Destaque: A sua boa integração aos Princípios Passos Mágicos.
RA-688,2022,Aluno-688,2013,,9.0,Masculino,2022,Pública,,,ALFA,0.0,0,D,FASE 1,1.0,Fase 1 (4º ano),-1,-1.0,False,-1.0,Defasado,1.0,Ametista,7.771,5.0,7.9,9.7,8.5,7.5,,7.917,8.0,7.8,,Não,Não,Sem limitações,Destaque: A sua boa entrega das lições de casa.,Destaque: As suas boas notas na Passos Mágicos.,Destaque: A sua boa integração aos Princípios Passos Mágicos.
RA-689,2022,Aluno-689,2013,,9.0,Feminino,2022,Pública,,,ALFA,0.0,0,D,FASE 1,1.0,Fase 1 (4º ano),-1,-1.0,False,-1.0,Defasado,1.0,Ágata,6.433,5.0,5.8,7.9,7.4,5.6,,6.667,6.0,5.5,,Não,Não,Requer avaliação,Destaque: A sua boa entrega das lições de casa.,Melhorar: Empenhar-se mais nas aulas e avaliações.,Melhorar: Integrar-se mais aos Princípios Passos Mágicos.
RA-690,2022,Aluno-690,2013,,9.0,Feminino,2022,Pública,,,ALFA,0.0,0,D,FASE 1,1.0,Fase 1 (4º ano),-1,-1.0,False,-1.0,Defasado,1.0,Ametista,7.541,5.0,7.0,9.5,9.5,7.5,,7.417,7.2,6.8,,Não,Não,Requer avaliação,Destaque: A sua boa entrega das lições de casa.,Melhorar: Empenhar-se mais nas aulas e avaliações.,Melhorar: Integrar-se mais aos Princípios Passos Mágicos.
RA-691,2022,Aluno-691,2014,,8.0,Feminino,2022,Pública,,,ALFA,0.0,0,D,ALFA,0.0,ALFA  (2º e 3º ano),0,0.0,False,0.0,Adequado,0.0,Topázio,8.68,10.0,9.4,9.2,10.0,8.1,,7.917,9.6,9.3,,Não,Não,Sem limitações,Destaque: A sua boa entrega das lições de casa.,Destaque: As suas boas notas na Passos Mágicos.,Destaque: A sua boa integração aos Princípios Passos Mágicos.
RA-692,2022,Aluno-692,2013,,9.0,Feminino,2021,Pública,,,ALFA,0.0,0,D,FASE 1,1.0,Fase 1 (4º ano),-1,-1.0,False,-1.0,Defasado,1.0,Ametista,7.569,5.0,6.9,8.9,9.5,8.1,,7.917,7.0,6.8,,Não,Não,Sem limitações,Destaque: A sua boa entrega das lições de casa.,Melhorar: Empenhar-se mais nas aulas e avaliações.,Destaque: A sua boa integração aos Princípios Passos Mágicos.
RA-693,2022,Aluno-693,2015,,7.0,Feminino,2022,Pública,,,ALFA,0.0,0,D,ALFA,0.0,ALFA  (2º e 3º ano),0,0.0,False,0.0,Adequado,0.0,Ametista,7.944,10.0,5.7,9.8,9.5,8.1,,7.667,5.0,6.3,,Não,Não,Sem limitações,Destaque: A sua boa entrega das lições de casa.,Melhorar: Empenhar-se mais nas aulas e avaliações.,Destaque: A sua boa integração aos Princípios Passos Mágicos.
RA-694,2022,Aluno-694,2014,,8.0,Masculino,2022,Pública,,,ALFA,0.0,0,D,ALFA,0.0,ALFA  (2º e 3º ano),0,0.0,False,0.0,Adequado,0.0,Topázio,8.378,10.0,8.1,9.0,10.0,8.1,,7.917,8.2,8.0,,Não,Não,Sem limitações,Destaque: A sua boa entrega das lições de casa.,Destaque: As suas boas notas na Passos Mágicos.,Destaque: A sua boa integração aos Princípios Passos Mágicos.
RA-695,2022,Aluno-695,2014,,8.0,Feminino,2021,Pública,,,ALFA,0.0,0,E,ALFA,0.0,ALFA  (2º e 3º ano),0,0.0,False,0.0,Adequado,0.0,Quartzo,4.28,10.0,2.5,3.1,9.0,7.5,,2.5,2.2,2.8,,Não,Não,Sem limitações,Melhorar: Melhorar a sua entrega de lições de casa.,Melhorar: Empenhar-se mais nas aulas e avaliações.,Melhorar: Integrar-se mais aos Princípios Passos Mágicos.
RA-696,2022,Aluno-696,2013,,9.0,Feminino,2021,Pública,,,ALFA,0.0,0,E,FASE 1,1.0,Fase 1 (4º ano),-1,-1.0,False,-1.0,Defasado,1.0,Ametista,7.441,5.0,6.6,9.0,8.5,7.5,,8.167,6.5,6.7,,Não,Não,Sem limitações,Destaque: A sua boa entrega das lições de casa.,Melhorar: Empenhar-se mais nas aulas e avaliações.,Destaque: A sua boa integração aos Princípios Passos Mágicos.
RA-697,2022,Aluno-697,2011,,11.0,Masculino,2021,Pública,,,ALFA,0.0,0,E,FASE 2,2.0,Fase 2 (5º e 6º ano),-2,-2.0,False,-2.0,Defasado,1.0,Ametista,7.675,5.0,8.4,9.3,7.0,7.5,,8.083,8.8,8.0,,Não,Não,Sem limitações,Destaque: A sua boa entrega das lições de casa.,Destaque: As suas boas notas na Passos Mágicos.,Destaque: A sua boa integração aos Princípios Passos Mágicos.
RA-698,2022,Aluno-698,2013,,9.0,Masculino,2021,Pública,,,ALFA,0.0,0,E,FASE 1,1.0,Fase 1 (4º ano),-1,-1.0,False,-1.0,Defasado,1.0,Ametista,7.44,5.0,8.1,9.8,9.0,2.5,,8.083,8.0,8.2,,Não,Não,Requer avaliação,Destaque: A sua boa entrega das lições de casa.,Destaque: As suas boas notas na Passos Mágicos.,Destaque: A sua boa integração aos Princípios Passos Mágicos.
RA-699,2022,Aluno-699,2013,,9.0,Masculino,2022,Pública,,,ALFA,0.0,0,E,FASE 1,1.0,Fase 1 (4º ano),-1,-1.0,False,-1.0,Defasado,1.0,Ágata,6.658,5.0,7.1,9.2,5.2,7.5,,6.0,7.5,6.7,,Não,Não,Sem limitações,Destaque: A sua boa entrega das lições de casa.,Melhorar: Empenhar-se mais nas aulas e avaliações.,Melhorar: Integrar-se mais aos Princípios Passos Mágicos.
RA-700,2022,Aluno-700,2013,,9.0,Feminino,2022,Pública,,,ALFA,0.0,0,F,FASE 1,1.0,Fase 1 (4º ano),-1,-1.0,False,-1.0,Defasado,1.0,Ametista,7.738,5.0,9.2,8.7,9.0,7.5,,7.083,9.2,9.2,,Não,Não,Não atendido,Destaque: A sua boa entrega das lições de casa.,Destaque: As suas boas notas na Passos Mágicos.,Melhorar: Integrar-se mais aos Princípios Passos Mágicos.
RA-701,2022,Aluno-701,2012,,10.0,Masculino,2021,Pública,,,ALFA,0.0,0,F,FASE 2,2.0,Fase 2 (5º e 6º ano),-2,-2.0,False,-2.0,Defasado,1.0,Ametista,7.755,5.0,8.7,9.3,9.0,7.5,,7.417,8.7,8.7,,Não,Não,Não indicado,Destaque: A sua boa entrega das lições de casa.,Destaque: As suas boas notas na Passos Mágicos.,Melhorar: Integrar-se mais aos Princípios Passos Mágicos.
RA-702,2022,Aluno-702,2014,,8.0,Feminino,2022,Pública,,,ALFA,0.0,0,F,ALFA,0.0,ALFA  (2º e 3º ano),0,0.0,False,0.0,Adequado,0.0,Ametista,7.387,10.0,6.8,8.6,10.0,5.0,,7.0,7.0,6.7,,Não,Não,Não indicado,Destaque: A sua boa entrega das lições de casa.,Melhorar: Empenhar-se mais nas aulas e avaliações.,Melhorar: Integrar-se mais aos Princípios Passos Mágicos.
RA-703,2022,Aluno-703,2012,,10.0,Masculino,2021,Pública,,,ALFA,0.0,0,F,FASE 2,2.0,Fase 2 (5º e 6º ano),-2,-2.0,False,-2.0,Defasado,1.0,Ágata,6.099,5.0,5.1,7.4,7.5,5.0,,6.833,5.3,4.8,,Não,Não,Não indicado,Melhorar: Melhorar a sua entrega de lições de casa.,Melhorar: Empenhar-se mais nas aulas e avaliações.,Melhorar: Integrar-se mais aos Princípios Passos Mágicos.
RA-704,2022,Aluno-704,2012,,10.0,Masculino,2022,Pública,,,ALFA,0.0,0,F,FASE 2,2.0,Fase 2 (5º e 6º ano),-2,-2.0,False,-2.0,Defasado,1.0,Ágata,6.741,5.0,7.2,8.6,9.0,5.0,,6.583,7.7,6.6,,Não,Não,Não atendido,Destaque: A sua boa entrega das lições de casa.,Melhorar: Empenhar-se mais nas aulas e avaliações.,Melhorar: Integrar-se mais aos Princípios Passos Mágicos.
RA-705,2022,Aluno-705,2012,,10.0,Masculino,2022,Pública,,,ALFA,0.0,0,F,FASE 2,2.0,Fase 2 (5º e 6º ano),-2,-2.0,False,-2.0,Defasado,1.0,Ágata,6.634,5.0,7.1,6.2,9.5,7.5,,6.333,7.0,7.2,,Não,Não,Não atendido,Melhorar: Melhorar a sua entrega de lições de casa.,Melhorar: Empenhar-se mais nas aulas e avaliações.,Melhorar: Integrar-se mais aos Princípios Passos Mágicos.
RA-706,2022,Aluno-706,2012,,10.0,Feminino,2021,Pública,,,ALFA,0.0,0,F,FASE 2,2.0,Fase 2 (5º e 6º ano),-2,-2.0,False,-2.0,Defasado,1.0,Ametista,7.659,5.0,9.1,6.7,9.5,7.5,,8.417,9.1,9.1,,Não,Sim,Não atendido,Melhorar: Melhorar a sua entrega de lições de casa.,Destaque: As suas boas notas na Passos Mágicos.,Destaque: A sua boa integração aos Princípios Passos Mágicos.
RA-707,2022,Aluno-707,2012,,10.0,Feminino,2020,Pública,,,ALFA,0.0,0,F,FASE 2,2.0,Fase 2 (5º e 6º ano),-2,-2.0,False,-2.0,Defasado,1.0,Ametista,7.679,5.0,8.5,8.1,10.0,6.9,,8.083,8.8,8.2,,Não,Não,Não atendido,Destaque: A sua boa entrega das lições de casa.,Destaque: As suas boas notas na Passos Mágicos.,Destaque: A sua boa integração aos Princípios Passos Mágicos.
RA-708,2022,Aluno-708,2013,,9.0,Masculino,2022,Pública,,,ALFA,0.0,0,F,FASE 1,1.0,Fase 1 (4º ano),-1,-1.0,False,-1.0,Defasado,1.0,Ametista,7.282,5.0,7.3,8.4,8.0,7.5,,7.583,7.1,7.6,,Não,Não,Não atendido,Destaque: A sua boa entrega das lições de casa.,Melhorar: Empenhar-se mais nas aulas e avaliações.,Destaque: A sua boa integração aos Princípios Passos Mágicos.
RA-709,2022,Aluno-709,2012,,10.0,Feminino,2022,Pública,,,ALFA,0.0,0,F,FASE 2,2.0,Fase 2 (5º e 6º ano),-2,-2.0,False,-2.0,Defasado,1.0,Quartzo,5.313,5.0,2.3,3.5,9.5,7.5,,7.083,2.3,2.3,,Não,Não,Não atendido,Melhorar: Melhorar a sua entrega de lições de casa.,Melhorar: Empenhar-se mais nas aulas e avaliações.,Melhorar: Integrar-se mais aos Princípios Passos Mágicos.
RA-710,2022,Aluno-710,2012,,10.0,Masculino,2020,Pública,,,ALFA,0.0,0,G,FASE 2,2.0,Fase 2 (5º e 6º ano),-2,-2.0,False,-2.0,Defasado,1.0,Ametista,7.285,5.0,6.9,8.9,9.5,5.0,,8.0,7.0,6.8,,Não,Não,Não atendido,Destaque: A sua boa entrega das lições de casa.,Melhorar: Empenhar-se mais nas aulas e avaliações.,Destaque: A sua boa integração aos Princípios Passos Mágicos.
RA-711,2022,Aluno-711,2013,,9.0,Masculino,2022,Pública,,,ALFA,0.0,0,G,FASE 1,1.0,Fase 1 (4º ano),-1,-1.0,False,-1.0,Defasado,1.0,Ágata,6.04,5.0,3.5,7.9,9.0,6.3,,6.0,4.0,3.0,,Não,Não,Não atendido,Destaque: A sua boa entrega das lições de casa.,Melhorar: Empenhar-se mais nas aulas e avaliações.,Melhorar: Integrar-se mais aos Princípios Passos Mágicos.
RA-712,2022,Aluno-712,2011,,11.0,Masculino,2019,Pública,,,ALFA,0.0,0,G,FASE 2,2.0,Fase 2 (5º e 6º ano),-2,-2.0,False,-2.0,Defasado,1.0,Ágata,6.026,5.0,8.0,5.1,8.0,5.0,,5.833,8.7,7.3,,Não,Não,Não indicado,Melhorar: Melhorar a sua entrega de lições de casa.,Destaque: As suas boas notas na Passos Mágicos.,Melhorar: Integrar-se mais aos Princípios Passos Mágicos.
RA-713,2022,Aluno-713,2013,,9.0,Masculino,2021,Pública,,,ALFA,0.0,0,G,FASE 1,1.0,Fase 1 (4º ano),-1,-1.0,False,-1.0,Defasado,1.0,Ametista,7.42,5.0,7.8,8.7,10.0,7.5,,7.25,8.0,7.7,,Não,Não,Não atendido,Destaque: A sua boa entrega das lições de casa.,Destaque: As suas boas notas na Passos Mágicos.,Melhorar: Integrar-se mais aos Princípios Passos Mágicos.
RA-714,2022,Aluno-714,2011,,11.0,Masculino,2019,Pública,,,ALFA,0.0,0,G,FASE 2,2.0,Fase 2 (5º e 6º ano),-2,-2.0,False,-2.0,Defasado,1.0,Ágata,6.953,5.0,8.0,6.9,9.0,5.6,,7.25,8.5,7.5,,Não,Não,Não indicado,Melhorar: Melhorar a sua entrega de lições de casa.,Destaque: As suas boas notas na Passos Mágicos.,Melhorar: Integrar-se mais aos Princípios Passos Mágicos.
RA-715,2022,Aluno-715,2013,,9.0,Feminino,2022,Pública,,,ALFA,0.0,0,G,FASE 1,1.0,Fase 1 (4º ano),-1,-1.0,False,-1.0,Defasado,1.0,Ágata,6.656,5.0,4.9,8.7,8.5,4.4,,7.917,4.8,5.0,,Não,Não,Não indicado,Destaque: A sua boa entrega das lições de casa.,Melhorar: Empenhar-se mais nas aulas e avaliações.,Destaque: A sua boa integração aos Princípios Passos Mágicos.
RA-716,2022,Aluno-716,2013,,9.0,Masculino,2022,Pública,,,ALFA,0.0,0,G,FASE 1,1.0,Fase 1 (4º ano),-1,-1.0,False,-1.0,Defasado,1.0,Ágata,6.525,5.0,6.7,8.1,8.9,7.5,,5.417,7.3,6.0,,Não,Não,Não atendido,Destaque: A sua boa entrega das lições de casa.,Melhorar: Empenhar-se mais nas aulas e avaliações.,Melhorar: Integrar-se mais aos Princípios Passos Mágicos.
RA-717,2022,Aluno-717,2012,,10.0,Feminino,2021,Pública,,,ALFA,0.0,0,G,FASE 2,2.0,Fase 2 (5º e 6º ano),-2,-2.0,False,-2.0,Defasado,1.0,Ágata,6.832,5.0,5.4,7.3,9.0,7.5,,7.917,5.0,5.8,,Não,Não,Não atendido,Melhorar: Melhorar a sua entrega de lições de casa.,Melhorar: Empenhar-se mais nas aulas e avaliações.,Destaque: A sua boa integração aos Princípios Passos Mágicos.
RA-718,2022,Aluno-718,2014,,8.0,Feminino,2022,Pública,,,ALFA,0.0,0,G,ALFA,0.0,ALFA  (2º e 3º ano),0,0.0,False,0.0,Adequado,0.0,Topázio,8.093,10.0,9.2,8.9,8.0,6.3,,7.417,9.2,9.2,,Não,Não,Sem limitações,Destaque: A sua boa entrega das lições de casa.,Destaque: As suas boas notas na Passos Mágicos.,Melhorar: Integrar-se mais aos Princípios Passos Mágicos.
RA-719,2022,Aluno-719,2012,,10.0,Feminino,2021,Pública,,,ALFA,0.0,0,G,FASE 2,2.0,Fase 2 (5º e 6º ano),-2,-2.0,False,-2.0,Defasado,1.0,Quartzo,5.552,5.0,4.2,4.6,9.0,7.5,,6.083,5.0,3.3,,Não,Não,Não atendido,Melhorar: Melhorar a sua entrega de lições de casa.,Melhorar: Empenhar-se mais nas aulas e avaliações.,Melhorar: Integrar-se mais aos Princípios Passos Mágicos.
RA-720,2022,Aluno-720,2013,,9.0,Feminino,2021,Pública,,,ALFA,0.0,0,G,FASE 1,1.0,Fase 1 (4º ano),-1,-1.0,False,-1.0,Defasado,1.0,Ágata,6.731,5.0,7.6,5.9,8.0,7.5,,7.083,7.3,7.8,,Não,Não,Não atendido,Melhorar: Melhorar a sua entrega de lições de casa.,Destaque: As suas boas notas na Passos Mágicos.,Melhorar: Integrar-se mais aos Princípios Passos Mágicos.
RA-721,2022,Aluno-721,2014,,8.0,Feminino,2021,Pública,,,ALFA,0.0,0,G,ALFA,0.0,ALFA  (2º e 3º ano),0,0.0,False,0.0,Adequado,0.0,Ametista,7.973,10.0,7.6,8.1,9.5,7.5,,7.917,8.2,7.0,,Não,Não,Não atendido,Destaque: A sua boa entrega das lições de casa.,Destaque: As suas boas notas na Passos Mágicos.,Destaque: A sua boa integração aos Princípios Passos Mágicos.
RA-722,2022,Aluno-722,2013,,9.0,Feminino,2021,Pública,,,ALFA,0.0,0,G,FASE 1,1.0,Fase 1 (4º ano),-1,-1.0,False,-1.0,Defasado,1.0,Ametista,7.41,5.0,8.1,8.1,10.0,4.4,,8.333,7.8,8.3,,Não,Não,Sem limitações,Destaque: A sua boa entrega das lições de casa.,Destaque: As suas boas notas na Passos Mágicos.,Destaque: A sua boa integração aos Princípios Passos Mágicos.
RA-723,2022,Aluno-723,2014,,8.0,Feminino,2022,Pública,,,ALFA,0.0,0,H,ALFA,0.0,ALFA  (2º e 3º ano),0,0.0,False,0.0,Adequado,0.0,Ametista,7.426,10.0,5.5,6.6,10.0,8.1,,8.167,5.3,5.7,,Não,Não,Não atendido,Melhorar: Melhorar a sua entrega de lições de casa.,Melhorar: Empenhar-se mais nas aulas e avaliações.,Destaque: A sua boa integração aos Princípios Passos Mágicos.
RA-724,2022,Aluno-724,2014,,8.0,Feminino,2022,Pública,,,ALFA,0.0,0,H,ALFA,0.0,ALFA  (2º e 3º ano),0,0.0,False,0.0,Adequado,0.0,Ágata,6.931,10.0,5.6,5.9,9.5,5.6,,8.0,2.9,8.3,,Não,Não,Sem limitações,Melhorar: Melhorar a sua entrega de lições de casa.,Melhorar: Empenhar-se mais nas aulas e avaliações.,Destaque: A sua boa integração aos Princípios Passos Mágicos.
RA-725,2022,Aluno-725,2014,,8.0,Masculino,2022,Pública,,,ALFA,0.0,0,H,ALFA,0.0,ALFA  (2º e 3º ano),0,0.0,False,0.0,Adequado,0.0,Ágata,6.33,10.0,5.0,5.9,8.0,8.1,,5.5,4.0,6.0,,Não,Não,Não atendido,Melhorar: Melhorar a sua entrega de lições de casa.,Melhorar: Empenhar-se mais nas aulas e avaliações.,Melhorar: Integrar-se mais aos Princípios Passos Mágicos.
RA-726,2022,Aluno-726,2015,,7.0,Feminino,2022,Pública,,,ALFA,0.0,0,H,ALFA,0.0,ALFA  (2º e 3º ano),0,0.0,False,0.0,Adequado,0.0,Ágata,6.985,10.0,4.4,7.5,10.0,7.5,,6.583,5.8,3.0,,Não,Não,Não atendido,Destaque: A sua boa entrega das lições de casa.,Melhorar: Empenhar-se mais nas aulas e avaliações.,Melhorar: Integrar-se mais aos Princípios Passos Mágicos.
RA-727,2022,Aluno-727,2014,,8.0,Masculino,2022,Pública,,,ALFA,0.0,0,H,ALFA,0.0,ALFA  (2º e 3º ano),0,0.0,False,0.0,Adequado,0.0,Ametista,7.736,10.0,8.4,7.7,9.0,8.1,,6.75,9.3,7.4,,Não,Não,Não atendido,Destaque: A sua boa entrega das lições de casa.,Destaque: As suas boas notas na Passos Mágicos.,Melhorar: Integrar-se mais aos Princípios Passos Mágicos.
RA-728,2022,Aluno-728,2014,,8.0,Feminino,2022,Pública,,,ALFA,0.0,0,H,ALFA,0.0,ALFA  (2º e 3º ano),0,0.0,False,0.0,Adequado,0.0,Topázio,8.244,10.0,9.1,7.3,9.5,8.1,,8.167,9.3,8.9,,Não,Não,Não atendido,Melhorar: Melhorar a sua entrega de lições de casa.,Destaque: As suas boas notas na Passos Mágicos.,Destaque: A sua boa integração aos Princípios Passos Mágicos.
RA-729,2022,Aluno-729,2014,,8.0,Feminino,2022,Pública,,,ALFA,0.0,0,H,ALFA,0.0,ALFA  (2º e 3º ano),0,0.0,False,0.0,Adequado,0.0,Topázio,8.155,10.0,8.1,8.7,10.0,8.1,,7.25,8.5,7.8,,Não,Não,Não atendido,Destaque: A sua boa entrega das lições de casa.,Destaque: As suas boas notas na Passos Mágicos.,Melhorar: Integrar-se mais aos Princípios Passos Mágicos.
RA-730,2022,Aluno-730,2012,,10.0,Feminino,2021,Pública,,,ALFA,0.0,0,I,FASE 2,2.0,Fase 2 (5º e 6º ano),-2,-2.0,False,-2.0,Defasado,1.0,Ametista,7.902,5.0,8.3,8.2,10.0,8.8,,8.25,8.7,8.0,,Não,Não,Não atendido,Destaque: A sua boa entrega das lições de casa.,Destaque: As suas boas notas na Passos Mágicos.,Destaque: A sua boa integração aos Princípios Passos Mágicos.
RA-731,2022,Aluno-731,2012,,10.0,Feminino,2019,Pública,,,ALFA,0.0,0,I,FASE 2,2.0,Fase 2 (5º e 6º ano),-2,-2.0,False,-2.0,Defasado,1.0,Ametista,7.151,5.0,7.3,8.5,9.0,6.9,,7.083,7.3,7.2,,Não,Não,Requer avaliação,Destaque: A sua boa entrega das lições de casa.,Melhorar: Empenhar-se mais nas aulas e avaliações.,Melhorar: Integrar-se mais aos Princípios Passos Mágicos.
RA-732,2022,Aluno-732,2013,,9.0,Masculino,2022,Pública,,,ALFA,0.0,0,I,FASE 1,1.0,Fase 1 (4º ano),-1,-1.0,False,-1.0,Defasado,1.0,Ametista,7.347,5.0,7.2,7.9,9.0,8.8,,7.5,7.5,6.8,,Não,Não,Não atendido,Destaque: A sua boa entrega das lições de casa.,Melhorar: Empenhar-se mais nas aulas e avaliações.,Destaque: A sua boa integração aos Princípios Passos Mágicos.
RA-733,2022,Aluno-733,2013,,9.0,Feminino,2022,Pública,,,ALFA,0.0,0,J,FASE 1,1.0,Fase 1 (4º ano),-1,-1.0,False,-1.0,Defasado,1.0,Ágata,6.684,5.0,5.1,8.5,9.5,5.6,,6.917,6.0,4.2,,Não,Não,Sem limitações,Destaque: A sua boa entrega das lições de casa.,Melhorar: Empenhar-se mais nas aulas e avaliações.,Melhorar: Integrar-se mais aos Princípios Passos Mágicos.
RA-734,2022,Aluno-734,2012,,10.0,Feminino,2022,Pública,,,ALFA,0.0,0,J,FASE 2,2.0,Fase 2 (5º e 6º ano),-2,-2.0,False,-2.0,Defasado,1.0,Ágata,6.952,5.0,7.3,7.2,9.5,5.6,,7.417,8.0,6.5,,Não,Não,Sem limitações,Melhorar: Melhorar a sua entrega de lições de casa.,Melhorar: Empenhar-se mais nas aulas e avaliações.,Melhorar: Integrar-se mais aos Princípios Passos Mágicos.
RA-735,2022,Aluno-735,2012,,10.0,Feminino,2021,Pública,,,ALFA,0.0,0,J,FASE 2,2.0,Fase 2 (5º e 6º ano),-2,-2.0,False,-2.0,Defasado,1.0,Ametista,7.485,5.0,7.3,9.0,9.0,5.6,,8.583,7.8,6.7,,Não,Sim,Sem limitações,Destaque: A sua boa entrega das lições de casa.,Melhorar: Empenhar-se mais nas aulas e avaliações.,Destaque: A sua boa integração aos Princípios Passos Mágicos.
RA-736,2022,Aluno-736,2012,,10.0,Masculino,2022,Pública,,,ALFA,0.0,0,J,FASE 2,2.0,Fase 2 (5º e 6º ano),-2,-2.0,False,-2.0,Defasado,1.0,Ágata,6.707,5.0,5.4,8.5,9.0,5.6,,7.0,4.7,6.2,,Não,Não,Sem limitações,Destaque: A sua boa entrega das lições de casa.,Melhorar: Empenhar-se mais nas aulas e avaliações.,Melhorar: Integrar-se mais aos Princípios Passos Mágicos.
RA-737,2022,Aluno-737,2013,,9.0,Feminino,2022,Pública,,,ALFA,0.0,0,J,FASE 1,1.0,Fase 1 (4º ano),-1,-1.0,False,-1.0,Defasado,1.0,Ametista,8.058,5.0,9.0,9.2,9.5,5.6,,9.167,8.5,9.5,,Não,Sim,Sem limitações,Destaque: A sua boa entrega das lições de casa.,Destaque: As suas boas notas na Passos Mágicos.,Destaque: A sua boa integração aos Princípios Passos Mágicos.
RA-738,2022,Aluno-738,2014,,8.0,Feminino,2022,Pública,,,ALFA,0.0,0,J,ALFA,0.0,ALFA  (2º e 3º ano),0,0.0,False,0.0,Adequado,0.0,Ametista,7.227,10.0,5.7,8.1,8.5,5.6,,7.5,7.7,3.7,,Não,Não,Sem limitações,Destaque: A sua boa entrega das lições de casa.,Melhorar: Empenhar-se mais nas aulas e avaliações.,Melhorar: Integrar-se mais aos Princípios Passos Mágicos.
RA-739,2022,Aluno-739,2014,,8.0,Masculino,2022,Pública,,,ALFA,0.0,0,J,ALFA,0.0,ALFA  (2º e 3º ano),0,0.0,False,0.0,Adequado,0.0,Ágata,6.82,10.0,5.9,7.3,6.4,5.6,,7.083,6.0,5.8,,Não,Não,Sem limitações,Melhorar: Melhorar a sua entrega de lições de casa.,Melhorar: Empenhar-se mais nas aulas e avaliações.,Melhorar: Integrar-se mais aos Princípios Passos Mágicos.
RA-740,2022,Aluno-740,2013,,9.0,Feminino,2022,Pública,,,ALFA,0.0,0,J,FASE 1,1.0,Fase 1 (4º ano),-1,-1.0,False,-1.0,Defasado,1.0,Ametista,7.218,5.0,7.2,9.0,8.5,5.6,,7.5,7.3,7.0,,Não,Não,Sem limitações,Destaque: A sua boa entrega das lições de casa.,Melhorar: Empenhar-se mais nas aulas e avaliações.,Melhorar: Integrar-se mais aos Princípios Passos Mágicos.
RA-741,2022,Aluno-741,2012,,10.0,Feminino,2022,Pública,,,ALFA,0.0,0,J,FASE 2,2.0,Fase 2 (5º e 6º ano),-2,-2.0,False,-2.0,Defasado,1.0,Ágata,6.896,5.0,6.3,8.4,9.5,5.6,,7.417,7.3,5.2,,Não,Não,Sem limitações,Destaque: A sua boa entrega das lições de casa.,Melhorar: Empenhar-se mais nas aulas e avaliações.,Melhorar: Integrar-se mais aos Princípios Passos Mágicos.
RA-742,2022,Aluno-742,2013,,9.0,Feminino,2022,Pública,,,ALFA,0.0,0,J,FASE 1,1.0,Fase 1 (4º ano),-1,-1.0,False,-1.0,Defasado,1.0,Ametista,7.097,5.0,7.3,8.7,8.5,5.0,,7.5,8.3,6.2,,Não,Não,Sem limitações,Destaque: A sua boa entrega das lições de casa.,Melhorar: Empenhar-se mais nas aulas e avaliações.,Melhorar: Integrar-se mais aos Princípios Passos Mágicos.
RA-743,2022,Aluno-743,2013,,9.0,Feminino,2022,Pública,,,ALFA,0.0,0,J,FASE 1,1.0,Fase 1 (4º ano),-1,-1.0,False,-1.0,Defasado,1.0,Ágata,6.672,5.0,4.8,7.9,10.0,5.6,,7.5,4.8,4.8,,Não,Não,Sem limitações,Destaque: A sua boa entrega das lições de casa.,Melhorar: Empenhar-se mais nas aulas e avaliações.,Melhorar: Integrar-se mais aos Princípios Passos Mágicos.
RA-744,2022,Aluno-744,2014,,8.0,Feminino,2022,Pública,,,ALFA,0.0,0,J,ALFA,0.0,ALFA  (2º e 3º ano),0,0.0,False,0.0,Adequado,0.0,Ametista,7.742,10.0,6.2,9.7,9.5,5.6,,7.5,6.0,6.3,,Não,Não,Sem limitações,Destaque: A sua boa entrega das lições de casa.,Melhorar: Empenhar-se mais nas aulas e avaliações.,Melhorar: Integrar-se mais aos Princípios Passos Mágicos.
RA-745,2022,Aluno-745,2013,,9.0,Masculino,2021,Rede Decisão,,,ALFA,0.0,0,J,FASE 1,1.0,Fase 1 (4º ano),-1,-1.0,False,-1.0,Defasado,1.0,Ametista,7.382,5.0,8.1,8.5,9.0,5.6,,7.75,8.5,7.7,,Não,Não,Sem limitações,Destaque: A sua boa entrega das lições de casa.,Destaque: As suas boas notas na Passos Mágicos.,Destaque: A sua boa integração aos Princípios Passos Mágicos.
RA-746,2022,Aluno-746,2014,,8.0,Masculino,2022,Pública,,,ALFA,0.0,0,J,ALFA,0.0,ALFA  (2º e 3º ano),0,0.0,False,0.0,Adequado,0.0,Ametista,7.656,10.0,7.2,9.1,8.0,5.6,,7.417,7.7,6.7,,Não,Não,Sem limitações,Destaque: A sua boa entrega das lições de casa.,Melhorar: Empenhar-se mais nas aulas e avaliações.,Melhorar: Integrar-se mais aos Princípios Passos Mágicos.
RA-747,2022,Aluno-747,2011,,11.0,Feminino,2022,Pública,,,ALFA,0.0,0,K,FASE 2,2.0,Fase 2 (5º e 6º ano),-2,-2.0,False,-2.0,Defasado,1.0,Ametista,7.676,5.0,8.8,7.6,10.0,7.5,,7.917,8.2,9.4,,Sim,Não,Não atendido,Destaque: A sua boa entrega das lições de casa.,Destaque: As suas boas notas na Passos Mágicos.,Destaque: A sua boa integração aos Princípios Passos Mágicos.
RA-748,2022,Aluno-748,2013,,9.0,Masculino,2022,Pública,,,ALFA,0.0,0,K,FASE 1,1.0,Fase 1 (4º ano),-1,-1.0,False,-1.0,Defasado,1.0,Topázio,8.084,5.0,9.1,9.0,10.0,7.5,,8.25,9.6,8.6,,Sim,Não,Não atendido,Destaque: A sua boa entrega das lições de casa.,Destaque: As suas boas notas na Passos Mágicos.,Destaque: A sua boa integração aos Princípios Passos Mágicos.
RA-749,2022,Aluno-749,2013,,9.0,Masculino,2022,Pública,,,ALFA,0.0,0,K,FASE 1,1.0,Fase 1 (4º ano),-1,-1.0,False,-1.0,Defasado,1.0,Ametista,7.484,5.0,8.8,7.7,9.5,7.5,,7.25,9.5,8.1,,Não,Não,Não atendido,Destaque: A sua boa entrega das lições de casa.,Destaque: As suas boas notas na Passos Mágicos.,Melhorar: Integrar-se mais aos Princípios Passos Mágicos.
RA-750,2022,Aluno-750,2012,,10.0,Masculino,2019,Pública,,,ALFA,0.0,0,K,FASE 2,2.0,Fase 2 (5º e 6º ano),-2,-2.0,False,-2.0,Defasado,1.0,Ágata,6.344,5.0,6.8,8.9,9.5,4.4,,5.167,7.1,6.4,,Não,Não,Não indicado,Destaque: A sua boa entrega das lições de casa.,Melhorar: Empenhar-se mais nas aulas e avaliações.,Melhorar: Integrar-se mais aos Princípios Passos Mágicos.
RA-751,2022,Aluno-751,2011,,11.0,Masculino,2022,Pública,,,ALFA,0.0,0,K,FASE 2,2.0,Fase 2 (5º e 6º ano),-2,-2.0,False,-2.0,Defasado,1.0,Quartzo,5.246,5.0,3.8,5.8,8.5,7.5,,6.167,2.7,4.9,,Não,Não,Não atendido,Melhorar: Melhorar a sua entrega de lições de casa.,Melhorar: Empenhar-se mais nas aulas e avaliações.,Melhorar: Integrar-se mais aos Princípios Passos Mágicos.
RA-752,2022,Aluno-752,2011,,11.0,Feminino,2022,Pública,,,ALFA,0.0,0,K,FASE 2,2.0,Fase 2 (5º e 6º ano),-2,-2.0,False,-2.0,Defasado,1.0,Topázio,8.197,5.0,9.5,9.0,10.0,7.5,,8.417,9.6,9.4,,Sim,Sim,Não atendido,Destaque: A sua boa entrega das lições de casa.,Destaque: As suas boas notas na Passos Mágicos.,Destaque: A sua boa integração aos Princípios Passos Mágicos.
RA-753,2022,Aluno-753,2014,,8.0,Feminino,2022,Pública,,,ALFA,0.0,0,K,ALFA,0.0,ALFA  (2º e 3º ano),0,0.0,False,0.0,Adequado,0.0,Topázio,8.481,10.0,9.1,8.6,9.5,7.5,,8.417,9.4,8.8,,Sim,Sim,Não atendido,Destaque: A sua boa entrega das lições de casa.,Destaque: As suas boas notas na Passos Mágicos.,Destaque: A sua boa integração aos Princípios Passos Mágicos.
RA-754,2022,Aluno-754,2013,,9.0,Masculino,2022,Pública,,,ALFA,0.0,0,K,FASE 1,1.0,Fase 1 (4º ano),-1,-1.0,False,-1.0,Defasado,1.0,Ágata,6.602,5.0,7.9,5.8,10.0,4.4,,6.917,7.8,8.1,,Não,Não,Não indicado,Melhorar: Melhorar a sua entrega de lições de casa.,Destaque: As suas boas notas na Passos Mágicos.,Melhorar: Integrar-se mais aos Princípios Passos Mágicos.
RA-755,2022,Aluno-755,2014,,8.0,Masculino,2022,Pública,,,ALFA,0.0,0,K,ALFA,0.0,ALFA  (2º e 3º ano),0,0.0,False,0.0,Adequado,0.0,Topázio,8.566,10.0,9.5,9.2,9.5,6.9,,8.083,9.8,9.3,,Sim,Não,Não atendido,Destaque: A sua boa entrega das lições de casa.,Destaque: As suas boas notas na Passos Mágicos.,Destaque: A sua boa integração aos Princípios Passos Mágicos.
RA-756,2022,Aluno-756,2013,,9.0,Masculino,2022,Pública,,,ALFA,0.0,0,K,FASE 1,1.0,Fase 1 (4º ano),-1,-1.0,False,-1.0,Defasado,1.0,Ágata,6.976,5.0,5.7,7.9,10.0,7.5,,7.25,5.6,5.8,,Não,Não,Não atendido,Destaque: A sua boa entrega das lições de casa.,Melhorar: Empenhar-se mais nas aulas e avaliações.,Melhorar: Integrar-se mais aos Princípios Passos Mágicos.
RA-757,2022,Aluno-757,2013,,9.0,Feminino,2022,Pública,,,ALFA,0.0,0,K,FASE 1,1.0,Fase 1 (4º ano),-1,-1.0,False,-1.0,Defasado,1.0,Topázio,8.26,5.0,9.7,9.3,9.5,7.5,,8.5,9.9,9.6,,Sim,Sim,Não atendido,Destaque: A sua boa entrega das lições de casa.,Destaque: As suas boas notas na Passos Mágicos.,Destaque: A sua boa integração aos Princípios Passos Mágicos.
RA-758,2022,Aluno-758,2013,,9.0,Masculino,2022,Pública,,,ALFA,0.0,0,L,FASE 1,1.0,Fase 1 (4º ano),-1,-1.0,False,-1.0,Defasado,1.0,Ametista,7.911,5.0,8.1,9.1,9.0,7.5,,8.333,8.0,8.2,,Não,Não,Não atendido,Destaque: A sua boa entrega das lições de casa.,Destaque: As suas boas notas na Passos Mágicos.,Destaque: A sua boa integração aos Princípios Passos Mágicos.
RA-759,2022,Aluno-759,2012,,10.0,Feminino,2021,Pública,,,ALFA,0.0,0,L,FASE 2,2.0,Fase 2 (5º e 6º ano),-2,-2.0,False,-2.0,Defasado,1.0,Ametista,7.563,5.0,7.5,8.6,9.0,7.5,,7.833,8.3,6.7,,Não,Não,Não atendido,Destaque: A sua boa entrega das lições de casa.,Destaque: As suas boas notas na Passos Mágicos.,Destaque: A sua boa integração aos Princípios Passos Mágicos.
RA-760,2022,Aluno-760,2011,,11.0,Masculino,2021,Pública,,,ALFA,0.0,0,L,FASE 2,2.0,Fase 2 (5º e 6º ano),-2,-2.0,False,-2.0,Defasado,1.0,Topázio,8.172,5.0,8.8,9.2,9.0,7.5,,8.917,9.3,8.2,,Não,Sim,Não atendido,Destaque: A sua boa entrega das lições de casa.,Destaque: As suas boas notas na Passos Mágicos.,Destaque: A sua boa integração aos Princípios Passos Mágicos.
RA-761,2022,Aluno-761,2013,,9.0,Masculino,2022,Pública,,,ALFA,0.0,0,L,FASE 1,1.0,Fase 1 (4º ano),-1,-1.0,False,-1.0,Defasado,1.0,Topázio,8.06,5.0,8.2,9.4,10.0,7.5,,8.25,8.8,7.5,,Não,Não,Não atendido,Destaque: A sua boa entrega das lições de casa.,Destaque: As suas boas notas na Passos Mágicos.,Destaque: A sua boa integração aos Princípios Passos Mágicos.
RA-762,2022,Aluno-762,2010,,12.0,Masculino,2022,Pública,,,ALFA,0.0,0,L,FASE 3,3.0,Fase 3 (7º e 8º ano),-3,-3.0,False,-3.0,Defasado,1.0,Ametista,7.28,2.5,6.7,9.7,10.0,7.5,,7.083,7.3,6.0,,Não,Não,Não atendido,Destaque: A sua boa entrega das lições de casa.,Melhorar: Empenhar-se mais nas aulas e avaliações.,Melhorar: Integrar-se mais aos Princípios Passos Mágicos.
RA-763,2022,Aluno-763,2012,,10.0,Feminino,2021,Pública,,,ALFA,0.0,0,L,FASE 2,2.0,Fase 2 (5º e 6º ano),-2,-2.0,False,-2.0,Defasado,1.0,Ametista,7.402,5.0,6.5,9.7,9.5,7.5,,7.167,6.3,6.7,,Não,Não,Não atendido,Destaque: A sua boa entrega das lições de casa.,Melhorar: Empenhar-se mais nas aulas e avaliações.,Melhorar: Integrar-se mais aos Princípios Passos Mágicos.
RA-764,2022,Aluno-764,2014,,8.0,Masculino,2022,Pública,,,ALFA,0.0,0,L,ALFA,0.0,ALFA  (2º e 3º ano),0,0.0,False,0.0,Adequado,0.0,Ametista,8.004,10.0,7.5,8.8,9.0,7.5,,7.667,7.2,7.8,,Não,Não,Não atendido,Destaque: A sua boa entrega das lições de casa.,Destaque: As suas boas notas na Passos Mágicos.,Destaque: A sua boa integração aos Princípios Passos Mágicos.
RA-765,2022,Aluno-765,2013,,9.0,Masculino,2022,Pública,,,ALFA,0.0,0,L,FASE 1,1.0,Fase 1 (4º ano),-1,-1.0,False,-1.0,Defasado,1.0,Ágata,6.902,5.0,4.3,9.3,8.5,7.5,,7.417,5.0,3.7,,Não,Não,Não atendido,Destaque: A sua boa entrega das lições de casa.,Melhorar: Empenhar-se mais nas aulas e avaliações.,Melhorar: Integrar-se mais aos Princípios Passos Mágicos.
RA-766,2022,Aluno-766,2011,,11.0,Feminino,2020,Pública,,,ALFA,0.0,0,L,FASE 2,2.0,Fase 2 (5º e 6º ano),-2,-2.0,False,-2.0,Defasado,1.0,Topázio,8.185,5.0,8.7,9.5,10.0,7.5,,8.333,8.5,8.8,,Não,Não,Não atendido,Destaque: A sua boa entrega das lições de casa.,Destaque: As suas boas notas na Passos Mágicos.,Destaque: A sua boa integração aos Princípios Passos Mágicos.
RA-767,2022,Aluno-767,2012,,10.0,Masculino,2021,Pública,,,ALFA,0.0,0,L,FASE 2,2.0,Fase 2 (5º e 6º ano),-2,-2.0,False,-2.0,Defasado,1.0,Ametista,7.511,5.0,7.0,9.0,9.5,7.5,,7.583,7.3,6.7,,Não,Não,Não atendido,Destaque: A sua boa entrega das lições de casa.,Melhorar: Empenhar-se mais nas aulas e avaliações.,Destaque: A sua boa integração aos Princípios Passos Mágicos.
RA-768,2022,Aluno-768,2012,,10.0,Feminino,2021,Pública,,,ALFA,0.0,0,L,FASE 2,2.0,Fase 2 (5º e 6º ano),-2,-2.0,False,-2.0,Defasado,1.0,Ametista,7.646,5.0,7.1,10.0,9.0,7.5,,7.583,7.0,7.2,,Não,Não,Não atendido,Destaque: A sua boa entrega das lições de casa.,Melhorar: Empenhar-se mais nas aulas e avaliações.,Destaque: A sua boa integração aos Princípios Passos Mágicos.
RA-769,2022,Aluno-769,2013,,9.0,Feminino,2022,Pública,,,ALFA,0.0,0,M,FASE 1,1.0,Fase 1 (4º ano),-1,-1.0,False,-1.0,Defasado,1.0,Ametista,7.598,5.0,7.9,7.5,10.0,7.5,,8.5,9.6,6.2,,Sim,Sim,Não avaliado,Destaque: A sua boa entrega das lições de casa.,Destaque: As suas boas notas na Passos Mágicos.,Destaque: A sua boa integração aos Princípios Passos Mágicos.
RA-770,2022,Aluno-770,2015,,7.0,Masculino,2022,Pública,,,ALFA,0.0,0,M,ALFA,0.0,ALFA  (2º e 3º ano),0,0.0,False,0.0,Adequado,0.0,Topázio,8.143,10.0,8.3,8.9,9.5,7.5,,7.333,8.5,8.1,,Não,Não,Não avaliado,Destaque: A sua boa entrega das lições de casa.,Destaque: As suas boas notas na Passos Mágicos.,Melhorar: Integrar-se mais aos Princípios Passos Mágicos.
RA-771,2022,Aluno-771,2015,,7.0,Feminino,2022,Pública,,,ALFA,0.0,0,M,ALFA,0.0,ALFA  (2º e 3º ano),0,0.0,False,0.0,Adequado,0.0,Ametista,7.873,10.0,7.0,8.3,10.0,7.5,,7.5,7.2,6.9,,Não,Não,Não avaliado,Destaque: A sua boa entrega das lições de casa.,Melhorar: Empenhar-se mais nas aulas e avaliações.,Destaque: A sua boa integração aos Princípios Passos Mágicos.
RA-772,2022,Aluno-772,2011,,11.0,Masculino,2021,Pública,,,ALFA,0.0,0,M,FASE 2,2.0,Fase 2 (5º e 6º ano),-2,-2.0,False,-2.0,Defasado,1.0,Ágata,6.994,5.0,9.2,5.4,9.0,7.5,,7.25,9.3,9.2,,Não,Não,Não avaliado,Melhorar: Melhorar a sua entrega de lições de casa.,Destaque: As suas boas notas na Passos Mágicos.,Melhorar: Integrar-se mais aos Princípios Passos Mágicos.
RA-773,2022,Aluno-773,2013,,9.0,Feminino,2022,Pública,,,ALFA,0.0,0,M,FASE 1,1.0,Fase 1 (4º ano),-1,-1.0,False,-1.0,Defasado,1.0,Ágata,6.922,5.0,8.1,6.8,10.0,5.0,,7.083,9.3,6.8,,Não,Não,Não indicado,Melhorar: Melhorar a sua entrega de lições de casa.,Destaque: As suas boas notas na Passos Mágicos.,Melhorar: Integrar-se mais aos Princípios Passos Mágicos.
RA-774,2022,Aluno-774,2014,,8.0,Feminino,2022,Pública,,,ALFA,0.0,0,M,ALFA,0.0,ALFA  (2º e 3º ano),0,0.0,False,0.0,Adequado,0.0,Ametista,7.587,10.0,6.1,7.8,10.0,7.5,,7.417,7.8,4.4,,Não,Não,Não avaliado,Destaque: A sua boa entrega das lições de casa.,Melhorar: Empenhar-se mais nas aulas e avaliações.,Melhorar: Integrar-se mais aos Princípios Passos Mágicos.
RA-775,2022,Aluno-775,2012,,10.0,Masculino,2021,Pública,,,ALFA,0.0,0,N,FASE 2,2.0,Fase 2 (5º e 6º ano),-2,-2.0,False,-2.0,Defasado,1.0,Quartzo,5.79,5.0,5.7,5.7,7.9,4.4,,6.417,5.5,5.8,,Não,Não,Não indicado,Melhorar: Melhorar a sua entrega de lições de casa.,Melhorar: Empenhar-se mais nas aulas e avaliações.,Melhorar: Integrar-se mais aos Princípios Passos Mágicos.
RA-776,2022,Aluno-776,2013,,9.0,Feminino,2022,Pública,,,ALFA,0.0,0,N,FASE 1,1.0,Fase 1 (4º ano),-1,-1.0,False,-1.0,Defasado,1.0,Quartzo,3.898,5.0,1.7,4.3,0.0,4.4,,6.333,0.0,3.3,,Não,Não,Requer avaliação,Melhorar: Melhorar a sua entrega de lições de casa.,Melhorar: Empenhar-se mais nas aulas e avaliações.,Melhorar: Integrar-se mais aos Princípios Passos Mágicos.
RA-777,2022,Aluno-777,2014,,8.0,Masculino,2022,Pública,,,ALFA,0.0,0,N,ALFA,0.0,ALFA  (2º e 3º ano),0,0.0,False,0.0,Adequado,0.0,Ametista,7.096,10.0,5.3,7.7,8.0,7.5,,7.0,6.5,4.0,,Não,Não,Não atendido,Destaque: A sua boa entrega das lições de casa.,Melhorar: Empenhar-se mais nas aulas e avaliações.,Melhorar: Integrar-se mais aos Princípios Passos Mágicos.
RA-778,2022,Aluno-778,2013,,9.0,Feminino,2021,Pública,,,ALFA,0.0,0,N,FASE 1,1.0,Fase 1 (4º ano),-1,-1.0,False,-1.0,Defasado,1.0,Ametista,7.432,5.0,7.1,6.7,10.0,7.5,,8.833,6.0,8.2,,Não,Sim,Não atendido,Melhorar: Melhorar a sua entrega de lições de casa.,Melhorar: Empenhar-se mais nas aulas e avaliações.,Destaque: A sua boa integração aos Princípios Passos Mágicos.
RA-779,2022,Aluno-779,2012,,10.0,Masculino,2022,Pública,,,ALFA,0.0,0,N,FASE 2,2.0,Fase 2 (5º e 6º ano),-2,-2.0,False,-2.0,Defasado,1.0,Quartzo,5.702,5.0,2.6,5.0,9.5,7.5,,7.083,2.2,3.0,,Não,Não,Não atendido,Melhorar: Melhorar a sua entrega de lições de casa.,Melhorar: Empenhar-se mais nas aulas e avaliações.,Melhorar: Integrar-se mais aos Princípios Passos Mágicos.
RA-780,2022,Aluno-780,2013,,9.0,Feminino,2022,Pública,,,ALFA,0.0,0,N,FASE 1,1.0,Fase 1 (4º ano),-1,-1.0,False,-1.0,Defasado,1.0,Ágata,6.955,5.0,6.9,7.6,8.0,7.5,,7.167,6.3,7.5,,Não,Não,Não atendido,Destaque: A sua boa entrega das lições de casa.,Melhorar: Empenhar-se mais nas aulas e avaliações.,Melhorar: Integrar-se mais aos Princípios Passos Mágicos.
RA-781,2022,Aluno-781,2013,,9.0,Feminino,2021,Pública,,,ALFA,0.0,0,N,FASE 1,1.0,Fase 1 (4º ano),-1,-1.0,False,-1.0,Defasado,1.0,Ametista,7.786,5.0,8.3,8.9,10.0,7.5,,7.75,8.0,8.5,,Não,Não,Não atendido,Destaque: A sua boa entrega das lições de casa.,Destaque: As suas boas notas na Passos Mágicos.,Destaque: A sua boa integração aos Princípios Passos Mágicos.
RA-782,2022,Aluno-782,2014,,8.0,Masculino,2022,Pública,,,ALFA,0.0,0,N,ALFA,0.0,ALFA  (2º e 3º ano),0,0.0,False,0.0,Adequado,0.0,Ametista,7.485,10.0,6.0,8.4,9.5,7.5,,7.0,5.7,6.3,,Não,Não,Não atendido,Destaque: A sua boa entrega das lições de casa.,Melhorar: Empenhar-se mais nas aulas e avaliações.,Melhorar: Integrar-se mais aos Princípios Passos Mágicos.
RA-783,2022,Aluno-783,2014,,8.0,Masculino,2021,Pública,,,ALFA,0.0,0,N,ALFA,0.0,ALFA  (2º e 3º ano),0,0.0,False,0.0,Adequado,0.0,Ágata,6.996,10.0,6.0,5.8,9.5,7.5,,6.917,4.7,7.3,,Não,Não,Não atendido,Melhorar: Melhorar a sua entrega de lições de casa.,Melhorar: Empenhar-se mais nas aulas e avaliações.,Melhorar: Integrar-se mais aos Princípios Passos Mágicos.
RA-784,2022,Aluno-784,2013,,9.0,Masculino,2022,Pública,,,ALFA,0.0,0,O,FASE 1,1.0,Fase 1 (4º ano),-1,-1.0,False,-1.0,Defasado,1.0,Topázio,8.34,5.0,8.2,10.0,9.5,7.5,,9.25,7.8,8.5,,Não,Sim,Não atendido,Destaque: A sua boa entrega das lições de casa.,Destaque: As suas boas notas na Passos Mágicos.,Destaque: A sua boa integração aos Princípios Passos Mágicos.
RA-785,2022,Aluno-785,2013,,9.0,Feminino,2022,Pública,,,ALFA,0.0,0,O,FASE 1,1.0,Fase 1 (4º ano),-1,-1.0,False,-1.0,Defasado,1.0,Ametista,7.642,5.0,8.4,8.6,9.0,7.5,,7.667,8.8,8.0,,Não,Não,Não atendido,Destaque: A sua boa entrega das lições de casa.,Destaque: As suas boas notas na Passos Mágicos.,Destaque: A sua boa integração aos Princípios Passos Mágicos.
RA-786,2022,Aluno-786,2011,,11.0,Masculino,2019,Pública,,,ALFA,0.0,0,O,FASE 2,2.0,Fase 2 (5º e 6º ano),-2,-2.0,False,-2.0,Defasado,1.0,Ágata,7.004,5.0,6.1,9.5,9.0,5.6,,7.167,6.3,5.8,,Não,Não,Não indicado,Destaque: A sua boa entrega das lições de casa.,Melhorar: Empenhar-se mais nas aulas e avaliações.,Melhorar: Integrar-se mais aos Princípios Passos Mágicos.
RA-787,2022,Aluno-787,2014,,8.0,Masculino,2022,Pública,,,ALFA,0.0,0,O,ALFA,0.0,ALFA  (2º e 3º ano),0,0.0,False,0.0,Adequado,0.0,Ametista,7.205,10.0,3.4,9.5,8.5,7.5,,7.25,4.2,2.7,,Não,Não,Não atendido,Destaque: A sua boa entrega das lições de casa.,Melhorar: Empenhar-se mais nas aulas e avaliações.,Melhorar: Integrar-se mais aos Princípios Passos Mágicos.
RA-788,2022,Aluno-788,2014,,8.0,Masculino,2021,Rede Decisão,,,ALFA,0.0,0,O,ALFA,0.0,ALFA  (2º e 3º ano),0,0.0,False,0.0,Adequado,0.0,Topázio,8.264,10.0,8.0,9.3,10.0,5.6,,8.667,7.8,8.2,,Não,Sim,Requer avaliação,Destaque: A sua boa entrega das lições de casa.,Destaque: As suas boas notas na Passos Mágicos.,Destaque: A sua boa integração aos Princípios Passos Mágicos.
RA-789,2022,Aluno-789,2015,,7.0,Feminino,2022,Pública,,,ALFA,0.0,0,O,ALFA,0.0,ALFA  (2º e 3º ano),0,0.0,False,0.0,Adequado,0.0,Ametista,7.405,10.0,4.2,9.4,9.0,7.5,,7.417,3.7,4.7,,Não,Não,Não atendido,Destaque: A sua boa entrega das lições de casa.,Melhorar: Empenhar-se mais nas aulas e avaliações.,Melhorar: Integrar-se mais aos Princípios Passos Mágicos.
RA-790,2022,Aluno-790,2011,,11.0,Feminino,2022,Pública,,,ALFA,0.0,0,O,FASE 2,2.0,Fase 2 (5º e 6º ano),-2,-2.0,False,-2.0,Defasado,1.0,Ametista,7.504,5.0,7.8,8.9,9.0,7.5,,7.417,8.5,7.2,,Não,Não,Não atendido,Destaque: A sua boa entrega das lições de casa.,Destaque: As suas boas notas na Passos Mágicos.,Melhorar: Integrar-se mais aos Princípios Passos Mágicos.
RA-791,2022,Aluno-791,2011,,11.0,Feminino,2022,Pública,,,ALFA,0.0,0,O,FASE 2,2.0,Fase 2 (5º e 6º ano),-2,-2.0,False,-2.0,Defasado,1.0,Ametista,7.507,5.0,6.5,8.7,9.5,7.5,,8.5,6.3,6.7,,Não,Sim,Não atendido,Destaque: A sua boa entrega das lições de casa.,Melhorar: Empenhar-se mais nas aulas e avaliações.,Destaque: A sua boa integração aos Princípios Passos Mágicos.
RA-792,2022,Aluno-792,2013,,9.0,Feminino,2022,Pública,,,ALFA,0.0,0,O,FASE 1,1.0,Fase 1 (4º ano),-1,-1.0,False,-1.0,Defasado,1.0,Ágata,7.025,5.0,6.2,8.0,9.5,7.5,,7.167,6.5,5.8,,Não,Não,Não atendido,Destaque: A sua boa entrega das lições de casa.,Melhorar: Empenhar-se mais nas aulas e avaliações.,Melhorar: Integrar-se mais aos Princípios Passos Mágicos.
RA-793,2022,Aluno-793,2012,,10.0,Masculino,2022,Pública,,,ALFA,0.0,0,O,FASE 2,2.0,Fase 2 (5º e 6º ano),-2,-2.0,False,-2.0,Defasado,1.0,Ágata,6.894,5.0,6.0,7.6,9.5,7.5,,7.333,6.0,6.0,,Não,Não,Não atendido,Destaque: A sua boa entrega das lições de casa.,Melhorar: Empenhar-se mais nas aulas e avaliações.,Melhorar: Integrar-se mais aos Princípios Passos Mágicos.
RA-794,2022,Aluno-794,2014,,8.0,Feminino,2022,Pública,,,ALFA,0.0,0,O,ALFA,0.0,ALFA  (2º e 3º ano),0,0.0,False,0.0,Adequado,0.0,Ametista,7.335,10.0,4.1,8.9,9.5,7.5,,7.333,3.7,4.5,,Não,Não,Não atendido,Destaque: A sua boa entrega das lições de casa.,Melhorar: Empenhar-se mais nas aulas e avaliações.,Melhorar: Integrar-se mais aos Princípios Passos Mágicos.
RA-795,2022,Aluno-795,2014,,8.0,Feminino,2022,Pública,,,ALFA,0.0,0,O,ALFA,0.0,ALFA  (2º e 3º ano),0,0.0,False,0.0,Adequado,0.0,Topázio,8.064,10.0,7.3,9.7,9.0,7.5,,7.333,8.0,6.5,,Não,Não,Não atendido,Destaque: A sua boa entrega das lições de casa.,Melhorar: Empenhar-se mais nas aulas e avaliações.,Melhorar: Integrar-se mais aos Princípios Passos Mágicos.
RA-796,2022,Aluno-796,2012,,10.0,Feminino,2022,Pública,,,ALFA,0.0,0,Q,FASE 2,2.0,Fase 2 (5º e 6º ano),-2,-2.0,False,-2.0,Defasado,1.0,Ametista,7.232,5.0,5.4,9.3,9.5,7.5,,7.667,5.8,5.0,,Não,Não,Não atendido,Destaque: A sua boa entrega das lições de casa.,Melhorar: Empenhar-se mais nas aulas e avaliações.,Destaque: A sua boa integração aos Princípios Passos Mágicos.
RA-797,2022,Aluno-797,2012,,10.0,Masculino,2021,Pública,,,ALFA,0.0,0,Q,FASE 2,2.0,Fase 2 (5º e 6º ano),-2,-2.0,False,-2.0,Defasado,1.0,Ametista,7.217,5.0,7.3,8.5,9.0,7.5,,7.5,8.2,6.5,,Não,Não,Não atendido,Destaque: A sua boa entrega das lições de casa.,Melhorar: Empenhar-se mais nas aulas e avaliações.,Destaque: A sua boa integração aos Princípios Passos Mágicos.
RA-798,2022,Aluno-798,2012,,10.0,Masculino,2022,Pública,,,ALFA,0.0,0,Q,FASE 2,2.0,Fase 2 (5º e 6º ano),-2,-2.0,False,-2.0,Defasado,1.0,Ametista,7.049,5.0,6.3,8.3,8.0,7.5,,7.667,7.0,5.7,,Não,Não,Não atendido,Destaque: A sua boa entrega das lições de casa.,Melhorar: Empenhar-se mais nas aulas e avaliações.,Destaque: A sua boa integração aos Princípios Passos Mágicos.
RA-799,2022,Aluno-799,2012,,10.0,Feminino,2022,Pública,,,ALFA,0.0,0,Q,FASE 2,2.0,Fase 2 (5º e 6º ano),-2,-2.0,False,-2.0,Defasado,1.0,Ametista,7.676,5.0,7.8,9.6,8.0,7.5,,7.917,8.5,7.2,,Não,Não,Não atendido,Destaque: A sua boa entrega das lições de casa.,Destaque: As suas boas notas na Passos Mágicos.,Destaque: A sua boa integração aos Princípios Passos Mágicos.
RA-800,2022,Aluno-800,2014,,8.0,Masculino,2022,Pública,,,ALFA,0.0,0,Q,ALFA,0.0,ALFA  (2º e 3º ano),0,0.0,False,0.0,Adequado,0.0,Ágata,6.818,10.0,6.1,5.4,8.0,7.5,,7.5,6.3,5.8,,Não,Não,Não atendido,Melhorar: Melhorar a sua entrega de lições de casa.,Melhorar: Empenhar-se mais nas aulas e avaliações.,Melhorar: Integrar-se mais aos Princípios Passos Mágicos.
RA-801,2022,Aluno-801,2013,,9.0,Masculino,2022,Pública,,,ALFA,0.0,0,Q,FASE 1,1.0,Fase 1 (4º ano),-1,-1.0,False,-1.0,Defasado,1.0,Ágata,6.644,5.0,6.8,6.6,7.0,7.5,,7.5,7.2,6.3,,Não,Não,Não atendido,Melhorar: Melhorar a sua entrega de lições de casa.,Melhorar: Empenhar-se mais nas aulas e avaliações.,Melhorar: Integrar-se mais aos Princípios Passos Mágicos.
RA-802,2022,Aluno-802,2013,,9.0,Masculino,2021,Pública,,,ALFA,0.0,0,Q,FASE 1,1.0,Fase 1 (4º ano),-1,-1.0,False,-1.0,Defasado,1.0,Ametista,7.831,5.0,8.3,9.0,9.0,7.5,,8.333,9.0,7.5,,Não,Não,Não atendido,Destaque: A sua boa entrega das lições de casa.,Destaque: As suas boas notas na Passos Mágicos.,Destaque: A sua boa integração aos Princípios Passos Mágicos.
RA-803,2022,Aluno-803,2012,,10.0,Feminino,2022,Pública,,,ALFA,0.0,0,Q,FASE 2,2.0,Fase 2 (5º e 6º ano),-2,-2.0,False,-2.0,Defasado,1.0,Ágata,6.98,5.0,6.3,7.2,10.0,7.5,,7.417,6.5,6.0,,Não,Não,Sem limitações,Melhorar: Melhorar a sua entrega de lições de casa.,Melhorar: Empenhar-se mais nas aulas e avaliações.,Melhorar: Integrar-se mais aos Princípios Passos Mágicos.
RA-804,2022,Aluno-804,2012,,10.0,Masculino,2022,Pública,,,ALFA,0.0,0,Q,FASE 2,2.0,Fase 2 (5º e 6º ano),-2,-2.0,False,-2.0,Defasado,1.0,Ágata,6.848,5.0,4.8,8.4,10.0,6.3,,7.667,5.5,4.0,,Não,Não,Não atendido,Destaque: A sua boa entrega das lições de casa.,Melhorar: Empenhar-se mais nas aulas e avaliações.,Destaque: A sua boa integração aos Princípios Passos Mágicos.
RA-805,2022,Aluno-805,2014,,8.0,Masculino,2021,Pública,,,ALFA,0.0,0,R,ALFA,0.0,ALFA  (2º e 3º ano),0,0.0,False,0.0,Adequado,0.0,Topázio,8.279,10.0,8.8,9.0,9.5,7.5,,7.333,8.7,8.9,,Não,Não,Sem limitações,Destaque: A sua boa entrega das lições de casa.,Destaque: As suas boas notas na Passos Mágicos.,Melhorar: Integrar-se mais aos Princípios Passos Mágicos.
RA-806,2022,Aluno-806,2014,,8.0,Masculino,2022,Pública,,,ALFA,0.0,0,R,ALFA,0.0,ALFA  (2º e 3º ano),0,0.0,False,0.0,Adequado,0.0,Ametista,7.561,10.0,6.6,7.3,9.5,7.5,,7.917,5.0,8.2,,Não,Não,Sem limitações,Melhorar: Melhorar a sua entrega de lições de casa.,Melhorar: Empenhar-se mais nas aulas e avaliações.,Destaque: A sua boa integração aos Princípios Passos Mágicos.
RA-807,2022,Aluno-807,2014,,8.0,Masculino,2022,Pública,,,ALFA,0.0,0,R,ALFA,0.0,ALFA  (2º e 3º ano),0,0.0,False,0.0,Adequado,0.0,Topázio,8.121,10.0,9.0,8.7,9.5,6.3,,7.5,9.5,8.6,,Não,Não,Sem limitações,Destaque: A sua boa entrega das lições de casa.,Destaque: As suas boas notas na Passos Mágicos.,Destaque: A sua boa integração aos Princípios Passos Mágicos.
RA-808,2022,Aluno-808,2014,,8.0,Masculino,2022,Pública,,,ALFA,0.0,0,R,ALFA,0.0,ALFA  (2º e 3º ano),0,0.0,False,0.0,Adequado,0.0,Topázio,8.361,10.0,9.3,9.1,10.0,6.3,,8.0,9.7,8.8,,Não,Não,Sem limitações,Destaque: A sua boa entrega das lições de casa.,Destaque: As suas boas notas na Passos Mágicos.,Destaque: A sua boa integração aos Princípios Passos Mágicos.
RA-809,2022,Aluno-809,2015,,7.0,Masculino,2022,Pública,,,ALFA,0.0,0,R,ALFA,0.0,ALFA  (2º e 3º ano),0,0.0,False,0.0,Adequado,0.0,Ametista,7.259,10.0,6.3,6.6,10.0,6.3,,7.417,5.5,7.1,,Não,Não,Sem limitações,Melhorar: Melhorar a sua entrega de lições de casa.,Melhorar: Empenhar-se mais nas aulas e avaliações.,Melhorar: Integrar-se mais aos Princípios Passos Mágicos.
RA-810,2022,Aluno-810,2014,,8.0,Masculino,2021,Pública,,,ALFA,0.0,0,R,ALFA,0.0,ALFA  (2º e 3º ano),0,0.0,False,0.0,Adequado,0.0,Ametista,7.887,10.0,9.6,9.1,8.5,5.0,,7.25,9.7,9.5,,Não,Não,Não indicado,Destaque: A sua boa entrega das lições de casa.,Destaque: As suas boas notas na Passos Mágicos.,Melhorar: Integrar-se mais aos Princípios Passos Mágicos.
RA-811,2022,Aluno-811,2013,,9.0,Feminino,2021,Pública,,,ALFA,0.0,0,R,FASE 1,1.0,Fase 1 (4º ano),-1,-1.0,False,-1.0,Defasado,1.0,Ágata,6.575,5.0,7.3,5.7,8.9,5.6,,7.667,8.9,5.7,,Não,Não,Sem limitações,Melhorar: Melhorar a sua entrega de lições de casa.,Melhorar: Empenhar-se mais nas aulas e avaliações.,Destaque: A sua boa integração aos Princípios Passos Mágicos.
RA-812,2022,Aluno-812,2014,,8.0,Masculino,2022,Pública,,,ALFA,0.0,0,R,ALFA,0.0,ALFA  (2º e 3º ano),0,0.0,False,0.0,Adequado,0.0,Ametista,7.497,10.0,7.4,8.1,9.0,5.6,,7.333,8.3,6.6,,Não,Não,Sem limitações,Destaque: A sua boa entrega das lições de casa.,Melhorar: Empenhar-se mais nas aulas e avaliações.,Melhorar: Integrar-se mais aos Princípios Passos Mágicos.
RA-813,2022,Aluno-813,2014,,8.0,Masculino,2022,Pública,,,ALFA,0.0,0,S,ALFA,0.0,ALFA  (2º e 3º ano),0,0.0,False,0.0,Adequado,0.0,Ametista,7.093,10.0,6.0,6.5,9.5,6.9,,7.417,6.7,5.3,,Não,Não,Sem limitações,Melhorar: Melhorar a sua entrega de lições de casa.,Melhorar: Empenhar-se mais nas aulas e avaliações.,Melhorar: Integrar-se mais aos Princípios Passos Mágicos.
RA-814,2022,Aluno-814,2013,,9.0,Masculino,2022,Pública,,,ALFA,0.0,0,S,FASE 1,1.0,Fase 1 (4º ano),-1,-1.0,False,-1.0,Defasado,1.0,Ametista,7.592,5.0,7.5,9.0,8.9,6.9,,8.417,7.8,7.2,,Não,Sim,Requer avaliação,Destaque: A sua boa entrega das lições de casa.,Destaque: As suas boas notas na Passos Mágicos.,Destaque: A sua boa integração aos Princípios Passos Mágicos.
RA-815,2022,Aluno-815,2013,,9.0,Masculino,2022,Pública,,,ALFA,0.0,0,S,FASE 1,1.0,Fase 1 (4º ano),-1,-1.0,False,-1.0,Defasado,1.0,Ágata,6.81,5.0,6.5,7.9,10.0,5.6,,7.0,7.7,5.3,,Não,Não,Requer avaliação,Destaque: A sua boa entrega das lições de casa.,Melhorar: Empenhar-se mais nas aulas e avaliações.,Melhorar: Integrar-se mais aos Princípios Passos Mágicos.
RA-816,2022,Aluno-816,2013,,9.0,Feminino,2022,Pública,,,ALFA,0.0,0,S,FASE 1,1.0,Fase 1 (4º ano),-1,-1.0,False,-1.0,Defasado,1.0,Topázio,8.513,5.0,9.6,9.3,10.0,7.5,,9.417,9.5,9.7,,Sim,Sim,Sem limitações,Destaque: A sua boa entrega das lições de casa.,Destaque: As suas boas notas na Passos Mágicos.,Destaque: A sua boa integração aos Princípios Passos Mágicos.
RA-817,2022,Aluno-817,2014,,8.0,Feminino,2022,Pública,,,ALFA,0.0,0,S,ALFA,0.0,ALFA  (2º e 3º ano),0,0.0,False,0.0,Adequado,0.0,Ametista,7.819,10.0,7.1,8.7,10.0,6.3,,7.417,7.7,6.5,,Não,Não,Requer avaliação,Destaque: A sua boa entrega das lições de casa.,Melhorar: Empenhar-se mais nas aulas e avaliações.,Melhorar: Integrar-se mais aos Princípios Passos Mágicos.
RA-818,2022,Aluno-818,2015,,7.0,Masculino,2022,Pública,,,ALFA,0.0,0,S,ALFA,0.0,ALFA  (2º e 3º ano),0,0.0,False,0.0,Adequado,0.0,Ametista,7.483,10.0,6.2,7.3,9.5,7.5,,7.5,6.5,5.8,,Não,Não,Sem limitações,Melhorar: Melhorar a sua entrega de lições de casa.,Melhorar: Empenhar-se mais nas aulas e avaliações.,Melhorar: Integrar-se mais aos Princípios Passos Mágicos.
RA-819,2022,Aluno-819,2014,,8.0,Masculino,2022,Pública,,,ALFA,0.0,0,S,ALFA,0.0,ALFA  (2º e 3º ano),0,0.0,False,0.0,Adequado,0.0,Ametista,7.741,10.0,7.3,7.9,10.0,7.5,,7.333,8.0,6.5,,Não,Não,Sem limitações,Destaque: A sua boa entrega das lições de casa.,Melhorar: Empenhar-se mais nas aulas e avaliações.,Melhorar: Integrar-se mais aos Princípios Passos Mágicos.
RA-820,2022,Aluno-820,2013,,9.0,Masculino,2022,Pública,,,ALFA,0.0,0,T,FASE 1,1.0,Fase 1 (4º ano),-1,-1.0,False,-1.0,Defasado,1.0,Ametista,7.417,5.0,6.0,10.0,9.5,6.9,,7.583,7.7,4.3,,Não,Não,Sem limitações,Destaque: A sua boa entrega das lições de casa.,Melhorar: Empenhar-se mais nas aulas e avaliações.,Destaque: A sua boa integração aos Princípios Passos Mágicos.
RA-821,2022,Aluno-821,2012,,10.0,Masculino,2022,Pública,,,ALFA,0.0,0,T,FASE 2,2.0,Fase 2 (5º e 6º ano),-2,-2.0,False,-2.0,Defasado,1.0,Ágata,6.342,5.0,4.6,7.0,9.0,7.5,,6.917,5.2,4.0,,Não,Não,Não atendido,Melhorar: Melhorar a sua entrega de lições de casa.,Melhorar: Empenhar-se mais nas aulas e avaliações.,Melhorar: Integrar-se mais aos Princípios Passos Mágicos.
RA-822,2022,Aluno-822,2012,,10.0,Masculino,2022,Pública,,,ALFA,0.0,0,T,FASE 2,2.0,Fase 2 (5º e 6º ano),-2,-2.0,False,-2.0,Defasado,1.0,Ágata,6.922,5.0,6.1,8.4,8.0,7.5,,7.083,6.5,5.7,,Não,Não,Não atendido,Destaque: A sua boa entrega das lições de casa.,Melhorar: Empenhar-se mais nas aulas e avaliações.,Melhorar: Integrar-se mais aos Princípios Passos Mágicos.
RA-823,2022,Aluno-823,2012,,10.0,Feminino,2021,Pública,,,ALFA,0.0,0,T,FASE 2,2.0,Fase 2 (5º e 6º ano),-2,-2.0,False,-2.0,Defasado,1.0,Quartzo,5.989,5.0,2.8,6.0,10.0,7.5,,7.167,4.0,1.7,,Não,Não,Não atendido,Melhorar: Melhorar a sua entrega de lições de casa.,Melhorar: Empenhar-se mais nas aulas e avaliações.,Melhorar: Integrar-se mais aos Princípios Passos Mágicos.
RA-824,2022,Aluno-824,2014,,8.0,Masculino,2022,Pública,,,ALFA,0.0,0,T,ALFA,0.0,ALFA  (2º e 3º ano),0,0.0,False,0.0,Adequado,0.0,Ágata,6.799,10.0,6.0,4.4,10.0,6.9,,7.333,7.0,5.0,,Não,Não,Sem limitações,Melhorar: Melhorar a sua entrega de lições de casa.,Melhorar: Empenhar-se mais nas aulas e avaliações.,Melhorar: Integrar-se mais aos Princípios Passos Mágicos.
RA-825,2022,Aluno-825,2013,,9.0,Feminino,2021,Pública,,,ALFA,0.0,0,T,FASE 1,1.0,Fase 1 (4º ano),-1,-1.0,False,-1.0,Defasado,1.0,Ametista,7.25,5.0,7.6,8.2,7.5,6.9,,7.917,8.3,6.8,,Não,Não,Sem limitações,Destaque: A sua boa entrega das lições de casa.,Destaque: As suas boas notas na Passos Mágicos.,Destaque: A sua boa integração aos Princípios Passos Mágicos.
RA-826,2022,Aluno-826,2014,,8.0,Masculino,2022,Pública,,,ALFA,0.0,0,U,ALFA,0.0,ALFA  (2º e 3º ano),0,0.0,False,0.0,Adequado,0.0,Ametista,7.776,10.0,5.4,9.6,9.5,7.5,,7.5,4.3,6.5,,Não,Não,Não atendido,Destaque: A sua boa entrega das lições de casa.,Melhorar: Empenhar-se mais nas aulas e avaliações.,Melhorar: Integrar-se mais aos Princípios Passos Mágicos.
RA-827,2022,Aluno-827,2012,,10.0,Feminino,2022,Pública,,,ALFA,0.0,0,U,FASE 2,2.0,Fase 2 (5º e 6º ano),-2,-2.0,False,-2.0,Defasado,1.0,Ametista,7.412,5.0,7.6,7.0,9.5,7.5,,8.667,7.7,7.5,,Não,Sim,Não atendido,Melhorar: Melhorar a sua entrega de lições de casa.,Destaque: As suas boas notas na Passos Mágicos.,Destaque: A sua boa integração aos Princípios Passos Mágicos.
RA-828,2022,Aluno-828,2013,,9.0,Feminino,2022,Pública,,,ALFA,0.0,0,U,FASE 1,1.0,Fase 1 (4º ano),-1,-1.0,False,-1.0,Defasado,1.0,Ametista,7.139,5.0,6.9,7.1,9.5,7.5,,7.833,7.3,6.5,,Não,Não,Não atendido,Melhorar: Melhorar a sua entrega de lições de casa.,Melhorar: Empenhar-se mais nas aulas e avaliações.,Destaque: A sua boa integração aos Princípios Passos Mágicos.
RA-829,2022,Aluno-829,2014,,8.0,Feminino,2022,Pública,,,ALFA,0.0,0,U,ALFA,0.0,ALFA  (2º e 3º ano),0,0.0,False,0.0,Adequado,0.0,Ametista,8.003,10.0,7.8,8.6,9.0,7.5,,7.5,8.2,7.5,,Não,Não,Não atendido,Destaque: A sua boa entrega das lições de casa.,Destaque: As suas boas notas na Passos Mágicos.,Melhorar: Integrar-se mais aos Princípios Passos Mágicos.
RA-830,2022,Aluno-830,2013,,9.0,Feminino,2022,Pública,,,ALFA,0.0,0,U,FASE 1,1.0,Fase 1 (4º ano),-1,-1.0,False,-1.0,Defasado,1.0,Ametista,7.234,5.0,6.0,8.6,10.0,7.5,,7.5,5.8,6.2,,Não,Não,Não atendido,Destaque: A sua boa entrega das lições de casa.,Melhorar: Empenhar-se mais nas aulas e avaliações.,Melhorar: Integrar-se mais aos Princípios Passos Mágicos.
RA-831,2022,Aluno-831,2013,,9.0,Masculino,2022,Pública,,,ALFA,0.0,0,U,FASE 1,1.0,Fase 1 (4º ano),-1,-1.0,False,-1.0,Defasado,1.0,Ametista,7.41,5.0,7.2,9.2,9.5,7.5,,7.167,7.3,7.0,,Não,Não,Não atendido,Destaque: A sua boa entrega das lições de casa.,Melhorar: Empenhar-se mais nas aulas e avaliações.,Melhorar: Integrar-se mais aos Princípios Passos Mágicos.
RA-832,2022,Aluno-832,2013,,9.0,Masculino,2022,Pública,,,ALFA,0.0,0,U,FASE 1,1.0,Fase 1 (4º ano),-1,-1.0,False,-1.0,Defasado,1.0,Topázio,8.179,5.0,8.8,9.2,10.0,7.5,,8.833,8.8,8.8,,Não,Sim,Não atendido,Destaque: A sua boa entrega das lições de casa.,Destaque: As suas boas notas na Passos Mágicos.,Destaque: A sua boa integração aos Princípios Passos Mágicos.
RA-833,2022,Aluno-833,2013,,9.0,Masculino,2022,Pública,,,ALFA,0.0,0,U,FASE 1,1.0,Fase 1 (4º ano),-1,-1.0,False,-1.0,Defasado,1.0,Ametista,7.791,5.0,7.8,9.5,10.0,7.5,,7.583,8.2,7.5,,Não,Não,Não atendido,Destaque: A sua boa entrega das lições de casa.,Destaque: As suas boas notas na Passos Mágicos.,Destaque: A sua boa integração aos Princípios Passos Mágicos.
RA-834,2022,Aluno-834,2013,,9.0,Masculino,2022,Pública,,,ALFA,0.0,0,U,FASE 1,1.0,Fase 1 (4º ano),-1,-1.0,False,-1.0,Defasado,1.0,Topázio,8.136,5.0,9.0,9.0,9.0,7.5,,9.083,9.2,8.8,,Não,Sim,Não atendido,Destaque: A sua boa entrega das lições de casa.,Destaque: As suas boas notas na Passos Mágicos.,Destaque: A sua boa integração aos Princípios Passos Mágicos.
RA-835,2022,Aluno-835,2014,,8.0,Masculino,2022,Pública,,,ALFA,0.0,0,V,ALFA,0.0,ALFA  (2º e 3º ano),0,0.0,False,0.0,Adequado,0.0,Ametista,7.263,10.0,7.5,7.3,6.9,7.5,,6.667,7.6,7.3,,Não,Não,Não atendido,Melhorar: Melhorar a sua entrega de lições de casa.,Melhorar: Empenhar-se mais nas aulas e avaliações.,Melhorar: Integrar-se mais aos Princípios Passos Mágicos.
RA-836,2022,Aluno-836,2013,,9.0,Masculino,2022,Pública,,,ALFA,0.0,0,V,FASE 1,1.0,Fase 1 (4º ano),-1,-1.0,False,-1.0,Defasado,1.0,Ametista,7.665,5.0,9.2,8.3,8.5,7.5,,7.583,9.0,9.3,,Não,Não,Não atendido,Destaque: A sua boa entrega das lições de casa.,Destaque: As suas boas notas na Passos Mágicos.,Destaque: A sua boa integração aos Princípios Passos Mágicos.
RA-837,2022,Aluno-837,2014,,8.0,Masculino,2022,Pública,,,ALFA,0.0,0,V,ALFA,0.0,ALFA  (2º e 3º ano),0,0.0,False,0.0,Adequado,0.0,Topázio,8.207,10.0,8.8,9.0,8.5,7.5,,7.5,9.2,8.3,,Não,Não,Não atendido,Destaque: A sua boa entrega das lições de casa.,Destaque: As suas boas notas na Passos Mágicos.,Destaque: A sua boa integração aos Princípios Passos Mágicos.
RA-838,2022,Aluno-838,2013,,9.0,Masculino,2022,Pública,,,ALFA,0.0,0,V,FASE 1,1.0,Fase 1 (4º ano),-1,-1.0,False,-1.0,Defasado,1.0,Ametista,7.461,5.0,6.3,7.4,10.0,7.5,,9.417,6.6,5.9,,Sim,Sim,Não atendido,Melhorar: Melhorar a sua entrega de lições de casa.,Melhorar: Empenhar-se mais nas aulas e avaliações.,Destaque: A sua boa integração aos Princípios Passos Mágicos.
RA-839,2022,Aluno-839,2013,,9.0,Feminino,2022,Pública,,,ALFA,0.0,0,V,FASE 1,1.0,Fase 1 (4º ano),-1,-1.0,False,-1.0,Defasado,1.0,Quartzo,5.198,5.0,5.4,5.1,0.0,7.5,,6.583,5.8,5.0,,Não,Não,Não atendido,Melhorar: Melhorar a sua entrega de lições de casa.,Melhorar: Empenhar-se mais nas aulas e avaliações.,Melhorar: Integrar-se mais aos Princípios Passos Mágicos.
RA-840,2022,Aluno-840,2014,,8.0,Masculino,2022,Pública,,,ALFA,0.0,0,V,ALFA,0.0,ALFA  (2º e 3º ano),0,0.0,False,0.0,Adequado,0.0,Ametista,7.875,10.0,7.8,8.2,9.0,7.5,,7.5,9.6,5.9,,Não,Não,Não atendido,Destaque: A sua boa entrega das lições de casa.,Destaque: As suas boas notas na Passos Mágicos.,Destaque: A sua boa integração aos Princípios Passos Mágicos.
RA-841,2022,Aluno-841,2011,,11.0,Masculino,2022,Pública,,,ALFA,0.0,0,V,FASE 2,2.0,Fase 2 (5º e 6º ano),-2,-2.0,False,-2.0,Defasado,1.0,Ametista,7.3,5.0,7.2,8.5,8.5,7.5,,7.5,8.6,5.8,,Não,Não,Não atendido,Destaque: A sua boa entrega das lições de casa.,Melhorar: Empenhar-se mais nas aulas e avaliações.,Destaque: A sua boa integração aos Princípios Passos Mágicos.
RA-842,2022,Aluno-842,2014,,8.0,Feminino,2022,Pública,,,ALFA,0.0,0,Y,ALFA,0.0,ALFA  (2º e 3º ano),0,0.0,False,0.0,Adequado,0.0,Ametista,7.952,10.0,9.1,8.3,7.5,7.5,,8.25,9.1,9.1,,Não,Não,Não atendido,Destaque: A sua boa entrega das lições de casa.,Destaque: As suas boas notas na Passos Mágicos.,Destaque: A sua boa integração aos Princípios Passos Mágicos.
RA-843,2022,Aluno-843,2014,,8.0,Feminino,2022,Pública,,,ALFA,0.0,0,Y,ALFA,0.0,ALFA  (2º e 3º ano),0,0.0,False,0.0,Adequado,0.0,Topázio,8.538,10.0,9.2,9.0,8.5,7.5,,8.417,9.8,8.5,,Sim,Sim,Não atendido,Destaque: A sua boa entrega das lições de casa.,Destaque: As suas boas notas na Passos Mágicos.,Destaque: A sua boa integração aos Princípios Passos Mágicos.
RA-844,2022,Aluno-844,2014,,8.0,Masculino,2022,Pública,,,ALFA,0.0,0,Y,ALFA,0.0,ALFA  (2º e 3º ano),0,0.0,False,0.0,Adequado,0.0,Ágata,6.253,10.0,5.9,5.0,0.0,8.1,,8.333,6.0,5.8,,Sim,Não,Não atendido,Melhorar: Melhorar a sua entrega de lições de casa.,Melhorar: Empenhar-se mais nas aulas e avaliações.,Destaque: A sua boa integração aos Princípios Passos Mágicos.
RA-845,2022,Aluno-845,2014,,8.0,Feminino,2022,Pública,,,ALFA,0.0,0,Y,ALFA,0.0,ALFA  (2º e 3º ano),0,0.0,False,0.0,Adequado,0.0,Topázio,8.491,10.0,8.7,8.8,10.0,7.5,,8.417,9.1,8.3,,Não,Sim,Não atendido,Destaque: A sua boa entrega das lições de casa.,Destaque: As suas boas notas na Passos Mágicos.,Destaque: A sua boa integração aos Princípios Passos Mágicos.
RA-846,2022,Aluno-846,2015,,7.0,Feminino,2022,Pública,,,ALFA,0.0,0,Y,ALFA,0.0,ALFA  (2º e 3º ano),0,0.0,False,0.0,Adequado,0.0,Ametista,7.412,10.0,5.9,7.2,9.0,7.5,,7.917,7.7,4.0,,Não,Não,Não atendido,Melhorar: Melhorar a sua entrega de lições de casa.,Melhorar: Empenhar-se mais nas aulas e avaliações.,Destaque: A sua boa integração aos Princípios Passos Mágicos.
RA-847,2022,Aluno-847,2013,,9.0,Masculino,2022,Pública,,,ALFA,0.0,0,Y,FASE 1,1.0,Fase 1 (4º ano),-1,-1.0,False,-1.0,Defasado,1.0,Ágata,6.839,5.0,7.7,8.2,7.9,4.4,,7.417,7.8,7.6,,Não,Não,Sem limitações,Destaque: A sua boa entrega das lições de casa.,Destaque: As suas boas notas na Passos Mágicos.,Melhorar: Integrar-se mais aos Princípios Passos Mágicos.
RA-848,2022,Aluno-848,2013,,9.0,Masculino,2022,Pública,,,ALFA,0.0,0,Y,FASE 1,1.0,Fase 1 (4º ano),-1,-1.0,False,-1.0,Defasado,1.0,Ametista,7.488,5.0,9.0,7.0,9.5,7.5,,7.833,9.8,8.1,,Não,Não,Não atendido,Melhorar: Melhorar a sua entrega de lições de casa.,Destaque: As suas boas notas na Passos Mágicos.,Destaque: A sua boa integração aos Princípios Passos Mágicos.
RA-849,2022,Aluno-849,2013,,9.0,Masculino,2022,Pública,,,ALFA,0.0,0,Y,FASE 1,1.0,Fase 1 (4º ano),-1,-1.0,False,-1.0,Defasado,1.0,Ametista,7.369,5.0,9.1,8.3,8.5,7.5,,7.417,9.8,8.3,,Não,Não,Não atendido,Destaque: A sua boa entrega das lições de casa.,Destaque: As suas boas notas na Passos Mágicos.,Melhorar: Integrar-se mais aos Princípios Passos Mágicos.
RA-850,2022,Aluno-850,2014,,8.0,Masculino,2022,Pública,,,ALFA,0.0,0,Y,ALFA,0.0,ALFA  (2º e 3º ano),0,0.0,False,0.0,Adequado,0.0,Ametista,7.641,10.0,8.5,7.3,10.0,7.5,,7.167,8.1,8.8,,Não,Não,Não atendido,Melhorar: Melhorar a sua entrega de lições de casa.,Destaque: As suas boas notas na Passos Mágicos.,Melhorar: Integrar-se mais aos Princípios Passos Mágicos.
RA-851,2022,Aluno-851,2014,,8.0,Masculino,2022,Pública,,,ALFA,0.0,0,Y,ALFA,0.0,ALFA  (2º e 3º ano),0,0.0,False,0.0,Adequado,0.0,Ametista,7.515,10.0,8.3,7.9,9.0,7.5,,6.583,7.9,8.7,,Não,Não,Não atendido,Destaque: A sua boa entrega das lições de casa.,Destaque: As suas boas notas na Passos Mágicos.,Melhorar: Integrar-se mais aos Princípios Passos Mágicos.
RA-852,2022,Aluno-852,2015,,7.0,Feminino,2022,Pública,,,ALFA,0.0,0,Z,ALFA,0.0,ALFA  (2º e 3º ano),0,0.0,False,0.0,Adequado,0.0,Quartzo,5.666,10.0,2.1,6.8,9.0,5.0,,5.5,2.5,1.8,,Não,Não,Não indicado,Melhorar: Melhorar a sua entrega de lições de casa.,Melhorar: Empenhar-se mais nas aulas e avaliações.,Melhorar: Integrar-se mais aos Princípios Passos Mágicos.
RA-853,2022,Aluno-853,2014,,8.0,Feminino,2022,Pública,,,ALFA,0.0,0,Z,ALFA,0.0,ALFA  (2º e 3º ano),0,0.0,False,0.0,Adequado,0.0,Topázio,8.616,10.0,8.5,9.6,10.0,7.5,,8.5,8.8,8.2,,Não,Sim,Não atendido,Destaque: A sua boa entrega das lições de casa.,Destaque: As suas boas notas na Passos Mágicos.,Destaque: A sua boa integração aos Princípios Passos Mágicos.
RA-854,2022,Aluno-854,2014,,8.0,Feminino,2022,Pública,,,ALFA,0.0,0,Z,ALFA,0.0,ALFA  (2º e 3º ano),0,0.0,False,0.0,Adequado,0.0,Topázio,8.098,10.0,9.3,9.0,8.0,7.5,,7.167,9.5,9.0,,Não,Não,Não atendido,Destaque: A sua boa entrega das lições de casa.,Destaque: As suas boas notas na Passos Mágicos.,Melhorar: Integrar-se mais aos Princípios Passos Mágicos.
RA-855,2022,Aluno-855,2013,,9.0,Feminino,2022,Pública,,,ALFA,0.0,0,Z,FASE 1,1.0,Fase 1 (4º ano),-1,-1.0,False,-1.0,Defasado,1.0,Topázio,8.453,5.0,9.7,9.6,10.0,7.5,,9.0,9.7,9.6,,Não,Sim,Não atendido,Destaque: A sua boa entrega das lições de casa.,Destaque: As suas boas notas na Passos Mágicos.,Destaque: A sua boa integração aos Princípios Passos Mágicos.
RA-856,2022,Aluno-856,2015,,7.0,Masculino,2022,Pública,,,ALFA,0.0,0,Z,ALFA,0.0,ALFA  (2º e 3º ano),0,0.0,False,0.0,Adequado,0.0,Topázio,8.398,10.0,8.4,9.1,10.0,7.5,,8.0,8.5,8.2,,Não,Não,Não atendido,Destaque: A sua boa entrega das lições de casa.,Destaque: As suas boas notas na Passos Mágicos.,Destaque: A sua boa integração aos Princípios Passos Mágicos.
RA-857,2022,Aluno-857,2013,,9.0,Feminino,2022,Pública,,,ALFA,0.0,0,Z,FASE 1,1.0,Fase 1 (4º ano),-1,-1.0,False,-1.0,Defasado,1.0,Topázio,8.154,5.0,9.5,8.9,8.5,7.5,,9.083,9.6,9.3,,Não,Sim,Não atendido,Destaque: A sua boa entrega das lições de casa.,Destaque: As suas boas notas na Passos Mágicos.,Destaque: A sua boa integração aos Princípios Passos Mágicos.
RA-858,2022,Aluno-858,2015,,7.0,Masculino,2022,Pública,,,ALFA,0.0,0,Z,ALFA,0.0,ALFA  (2º e 3º ano),0,0.0,False,0.0,Adequado,0.0,Ametista,7.523,10.0,7.7,7.1,10.0,5.6,,7.333,8.4,6.9,,Não,Não,Requer avaliação,Melhorar: Melhorar a sua entrega de lições de casa.,Destaque: As suas boas notas na Passos Mágicos.,Melhorar: Integrar-se mais aos Princípios Passos Mágicos.
RA-859,2022,Aluno-859,2015,,7.0,Feminino,2022,Pública,,,ALFA,0.0,0,Z,ALFA,0.0,ALFA  (2º e 3º ano),0,0.0,False,0.0,Adequado,0.0,Topázio,8.325,10.0,8.9,8.7,8.5,7.5,,8.25,9.4,8.4,,Não,Não,Não atendido,Destaque: A sua boa entrega das lições de casa.,Destaque: As suas boas notas na Passos Mágicos.,Destaque: A sua boa integração aos Princípios Passos Mágicos.
RA-860,2022,Aluno-860,2015,,7.0,Masculino,2022,Pública,,,ALFA,0.0,0,Z,ALFA,0.0,ALFA  (2º e 3º ano),0,0.0,False,0.0,Adequado,0.0,Topázio,8.136,10.0,8.1,8.5,9.5,7.5,,7.75,8.9,7.2,,Não,Não,Não atendido,Destaque: A sua boa entrega das lições de casa.,Destaque: As suas boas notas na Passos Mágicos.,Destaque: A sua boa integração aos Princípios Passos Mágicos.
RA-861,2023,Aluno-861,2015,2015-06-17,8.0,Feminino,2023,Pública,,,ALFA,0.0,ALFA,ALFA A - G0/G1,ALFA,0.0,ALFA (1° e 2° ano),0,0.0,False,0.0,Adequado,0.0,Topázio,9.31095,10.0,9.6,10.0,9.5,8.13,8.4375,8.92,9.8,9.4,,,,,,,
RA-862,2023,Aluno-862,2014,2014-05-31,9.0,Masculino,2023,Pública,,,ALFA,0.0,ALFA,ALFA A - G0/G1,FASE 1,1.0,Fase 1 (3° e 4° ano),-1,-1.0,False,-1.0,Defasado,1.0,Topázio,8.2212,5.0,8.9,9.1,8.5,8.14,7.5,8.585,8.5,9.2,,,,,,,
RA-863,2023,Aluno-863,2016,2016-02-25,7.0,Masculino,2023,Pública,,,ALFA,0.0,ALFA,ALFA A - G0/G1,ALFA,0.0,ALFA (1° e 2° ano),0,0.0,False,0.0,Adequado,0.0,Quartzo,5.92975,10.0,6.3,7.6,0.0,3.14,5.9375,6.26,7.0,5.5,,,,,,,
RA-864,2023,Aluno-864,2015,2015-12-03,8.0,Feminino,2023,Pública,,,ALFA,0.0,ALFA,ALFA A - G0/G1,ALFA,0.0,ALFA (1° e 2° ano),0,0.0,False,0.0,Adequado,0.0,Ametista,7.034,10.0,6.3,7.6,0.0,8.14,7.5,8.5,7.0,5.5,,,,,,,
RA-865,2023,Aluno-865,2014,2014-11-13,8.0,Masculino,2023,Pública,,,ALFA,0.0,ALFA,ALFA A - G0/G1,ALFA,0.0,ALFA (1° e 2° ano),0,0.0,False,0.0,Adequado,0.0,Topázio,8.1552,10.0,7.4,8.7,8.5,7.52,7.5,7.915,7.3,7.5,,,,,,,
RA-866,2023,Aluno-866,2016,2016-10-02,7.0,Feminino,2023,Pública,,,ALFA,0.0,ALFA,ALFA A - G0/G1,ALFA,0.0,ALFA (1° e 2° ano),0,0.0,False,0.0,Adequado,0.0,Ametista,7.679,10.0,8.6,8.3,0.0,8.76,7.5,8.415,8.2,8.9,,,,,,,
RA-867,2023,Aluno-867,2015,2015-06-29,8.0,Masculino,2023,Pública,,,ALFA,0.0,ALFA,ALFA A - G0/G1,ALFA,0.0,ALFA (1° e 2° ano),0,0.0,False,0.0,Adequado,0.0,Topázio,8.6992,10.0,8.9,8.6,9.0,8.76,7.5,8.415,8.7,9.0,,,,,,,
RA-868,2023,Aluno-868,2015,2015-08-11,7.0,Masculino,2023,Pública,,,ALFA,0.0,ALFA,ALFA A - G0/G1,ALFA,0.0,ALFA (1° e 2° ano),0,0.0,False,0.0,Adequado,0.0,Topázio,8.63895,10.0,7.1,9.5,10.0,8.76,7.1875,8.67,7.8,6.3,,,,,,,
RA-869,2023,Aluno-869,2015,2015-01-15,8.0,Feminino,2023,Pública,,,ALFA,0.0,ALFA,ALFA A - G0/G1,ALFA,0.0,ALFA (1° e 2° ano),0,0.0,False,0.0,Adequado,0.0,Topázio,9.2587,10.0,9.6,10.0,9.0,8.76,8.125,8.75,9.8,9.4,,,,,,,
RA-870,2023,Aluno-870,2014,2014-10-20,9.0,Feminino,2023,Pública,,,ALFA,0.0,ALFA,ALFA A - G0/G1,FASE 1,1.0,Fase 1 (3° e 4° ano),-1,-1.0,False,-1.0,Defasado,1.0,Quartzo,4.909,5.0,1.5,8.5,0.0,8.76,5.0,5.165,2.0,1.0,,,,,,,
RA-871,2023,Aluno-871,2014,2014-06-21,9.0,Masculino,2023,Pública,,,ALFA,0.0,ALFA,ALFA B - G2/G3,FASE 1,1.0,Fase 1 (3° e 4° ano),-1,-1.0,False,-1.0,Defasado,1.0,Ágata,6.8617,5.0,6.9,9.5,9.0,3.76,4.375,6.84,6.8,7.0,,,,,,,
RA-872,2023,Aluno-872,2013,2013-05-27,10.0,Feminino,2023,Pública,,,ALFA,0.0,ALFA,ALFA B - G2/G3,FASE 2,2.0,Fase 2 (5° e 6° ano),-2,-2.0,False,-2.0,Defasado,1.0,Quartzo,5.267,5.0,4.3,6.7,0.0,2.52,6.25,8.5,5.5,3.0,,,,,,,
RA-873,2023,Aluno-873,2012,2012-01-03,11.0,Feminino,2023,Pública,,,ALFA,0.0,ALFA,ALFA B - G2/G3,FASE 2,2.0,Fase 2 (5° e 6° ano),-2,-2.0,False,-2.0,Defasado,1.0,Ametista,7.8012,5.0,7.0,9.7,8.5,7.52,6.25,8.67,7.2,6.8,,,,,,,
RA-874,2023,Aluno-874,2013,2013-11-17,9.0,Masculino,2023,Pública,,,ALFA,0.0,ALFA,ALFA B - G2/G3,FASE 1,1.0,Fase 1 (3° e 4° ano),-1,-1.0,False,-1.0,Defasado,1.0,Quartzo,5.811,5.0,4.8,8.2,0.0,7.52,6.25,6.67,6.3,3.3,,,,,,,
RA-875,2023,Aluno-875,2014,2014-04-26,9.0,Masculino,2023,Pública,,,ALFA,0.0,ALFA,ALFA B - G2/G3,FASE 1,1.0,Fase 1 (3° e 4° ano),-1,-1.0,False,-1.0,Defasado,1.0,Topázio,8.2712,5.0,7.3,9.5,9.5,7.52,7.5,9.845,7.0,7.5,,,,,,,
RA-876,2023,Aluno-876,2015,2015-11-04,8.0,Masculino,2023,Pública,,,ALFA,0.0,ALFA,ALFA B - G2/G3,ALFA,0.0,ALFA (1° e 2° ano),0,0.0,False,0.0,Adequado,0.0,Topázio,8.6492,10.0,7.5,9.4,10.0,7.52,7.5,8.835,7.3,7.7,,,,,,,
RA-877,2023,Aluno-877,2014,2014-06-24,9.0,Masculino,2023,Pública,,,ALFA,0.0,ALFA,ALFA B - G2/G3,FASE 1,1.0,Fase 1 (3° e 4° ano),-1,-1.0,False,-1.0,Defasado,1.0,Ametista,7.4722,5.0,6.9,9.5,9.5,7.52,5.0,7.5,7.5,6.2,,,,,,,
RA-878,2023,Aluno-878,2013,2013-07-22,10.0,Masculino,2023,Pública,,,ALFA,0.0,ALFA,ALFA B - G2/G3,FASE 2,2.0,Fase 2 (5° e 6° ano),-2,-2.0,False,-2.0,Defasado,1.0,Ágata,6.24,5.0,8.1,9.5,0.0,2.52,5.0,7.34,8.0,8.2,,,,,,,
RA-879,2023,Aluno-879,2014,2014-05-03,9.0,Feminino,2023,Pública,,,ALFA,0.0,ALFA,ALFA B - G2/G3,FASE 1,1.0,Fase 1 (3° e 4° ano),-1,-1.0,False,-1.0,Defasado,1.0,Ágata,6.8225,5.0,8.2,9.8,0.0,2.52,6.875,8.915,8.2,8.2,,,,,,,
RA-880,2023,Aluno-880,2015,2015-11-29,7.0,Feminino,2023,Pública,,,ALFA,0.0,ALFA,ALFA B - G2/G3,ALFA,0.0,ALFA (1° e 2° ano),0,0.0,False,0.0,Adequado,0.0,Ágata,6.724,10.0,6.3,9.4,0.0,2.52,6.25,8.585,6.3,6.2,,,,,,,
RA-881,2023,Aluno-881,2015,2015-04-23,8.0,Masculino,2023,Pública,,,ALFA,0.0,ALFA,ALFA B - G2/G3,ALFA,0.0,ALFA (1° e 2° ano),0,0.0,False,0.0,Adequado,0.0,Ametista,7.7322,10.0,7.3,8.9,10.0,7.52,5.0,6.25,7.5,7.0,,,,,,,
RA-882,2023,Aluno-882,2015,2015-06-15,8.0,Feminino,2023,Pública,,,ALFA,0.0,ALFA,ALFA C - G0/G1,ALFA,0.0,ALFA (1° e 2° ano),0,0.0,False,0.0,Adequado,0.0,Ágata,6.0092,10.0,4.7,8.6,9.0,2.52,3.75,4.16,4.8,4.5,,,,,,,
RA-883,2023,Aluno-883,2015,2015-11-02,8.0,Feminino,2023,Pública,,,ALFA,0.0,ALFA,ALFA C - G0/G1,ALFA,0.0,ALFA (1° e 2° ano),0,0.0,False,0.0,Adequado,0.0,Topázio,8.5082,10.0,8.4,9.7,9.5,6.89,6.25,8.17,8.0,8.7,,,,,,,
RA-884,2023,Aluno-884,2015,2015-02-12,7.0,Feminino,2023,Pública,,,ALFA,0.0,ALFA,ALFA C - G0/G1,ALFA,0.0,ALFA (1° e 2° ano),0,0.0,False,0.0,Adequado,0.0,Topázio,8.4587,10.0,8.8,9.7,9.0,4.39,6.875,8.66,8.4,9.2,,,,,,,
RA-885,2023,Aluno-885,2015,2015-10-30,7.0,Masculino,2023,Pública,,,ALFA,0.0,ALFA,ALFA C - G0/G1,ALFA,0.0,ALFA (1° e 2° ano),0,0.0,False,0.0,Adequado,0.0,Topázio,8.8252,10.0,8.7,9.8,9.0,7.52,7.5,8.665,8.5,8.8,,,,,,,
RA-886,2023,Aluno-886,2016,2016-05-01,7.0,Feminino,2023,Pública,,,ALFA,0.0,ALFA,ALFA C - G0/G1,ALFA,0.0,ALFA (1° e 2° ano),0,0.0,False,0.0,Adequado,0.0,Topázio,8.6422,10.0,8.1,9.4,8.5,7.52,7.5,9.0,7.6,8.5,,,,,,,
RA-887,2023,Aluno-887,2015,2015-10-16,8.0,Masculino,2023,Pública,,,ALFA,0.0,ALFA,ALFA C - G0/G1,ALFA,0.0,ALFA (1° e 2° ano),0,0.0,False,0.0,Adequado,0.0,Topázio,8.6718,10.0,8.4,8.9,8.9,7.52,7.5,9.09,7.8,9.0,,,,,,,
RA-888,2023,Aluno-888,2016,2016-11-04,7.0,Masculino,2023,Pública,,,ALFA,0.0,ALFA,ALFA C - G0/G1,ALFA,0.0,ALFA (1° e 2° ano),0,0.0,False,0.0,Adequado,0.0,Topázio,8.9182,10.0,8.8,10.0,9.0,7.52,7.5,8.83,8.2,9.3,,,,,,,
RA-889,2023,Aluno-889,2015,2015-07-07,8.0,Masculino,2023,Pública,,,ALFA,0.0,ALFA,ALFA C - G0/G1,ALFA,0.0,ALFA (1° e 2° ano),0,0.0,False,0.0,Adequado,0.0,Topázio,8.8092,10.0,9.1,9.5,8.5,6.89,7.5,9.0,8.7,9.5,,,,,,,
RA-890,2023,Aluno-890,2015,2015-02-26,8.0,Masculino,2023,Pública,,,ALFA,0.0,ALFA,ALFA C - G0/G1,ALFA,0.0,ALFA (1° e 2° ano),0,0.0,False,0.0,Adequado,0.0,Ágata,6.989,10.0,8.3,9.1,0.0,2.52,6.25,8.16,8.0,8.6,,,,,,,
RA-891,2023,Aluno-891,2014,2014-03-10,9.0,Feminino,2023,Pública,,,ALFA,0.0,ALFA,ALFA C - G0/G1,FASE 1,1.0,Fase 1 (3° e 4° ano),-1,-1.0,False,-1.0,Defasado,1.0,Ametista,7.8882,5.0,7.5,9.5,9.5,6.89,7.5,7.995,6.2,8.8,,,,,,,
RA-684,2023,Aluno-684,2015,2015-01-15,8.0,Masculino,2022,Privada,,,ALFA,0.0,ALFA,ALFA D - G2/G3,ALFA,0.0,ALFA (1° e 2° ano),0,0.0,False,0.0,Adequado,0.0,Ametista,7.4277,10.0,6.5,8.1,9.0,7.52,6.875,5.84,8.3,4.7,,,,,,,
RA-892,2023,Aluno-892,2015,2015-01-16,8.0,Masculino,2023,Pública,,,ALFA,0.0,ALFA,ALFA D - G2/G3,ALFA,0.0,ALFA (1° e 2° ano),0,0.0,False,0.0,Adequado,0.0,Topázio,8.8112,10.0,8.3,9.6,8.0,6.89,7.5,10.01,8.5,8.0,,,,,,,
RA-857,2023,Aluno-857,2013,2013-11-21,9.0,Feminino,2022,Pública,,,ALFA,0.0,ALFA,ALFA D - G2/G3,FASE 1,1.0,Fase 1 (3° e 4° ano),-1,-1.0,False,-1.0,Defasado,1.0,Topázio,8.1442,5.0,8.5,9.0,8.5,7.52,7.5,9.01,8.7,8.2,,,,,,,
RA-893,2023,Aluno-893,2014,2014-05-10,9.0,Masculino,2023,Pública,,,ALFA,0.0,ALFA,ALFA D - G2/G3,FASE 1,1.0,Fase 1 (3° e 4° ano),-1,-1.0,False,-1.0,Defasado,1.0,Topázio,8.8042,5.0,9.3,10.0,9.5,7.52,7.5,10.01,9.5,9.0,,,,,,,
RA-894,2023,Aluno-894,2014,2014-04-14,9.0,Feminino,2023,Pública,,,ALFA,0.0,ALFA,ALFA D - G2/G3,FASE 1,1.0,Fase 1 (3° e 4° ano),-1,-1.0,False,-1.0,Defasado,1.0,Topázio,8.8142,5.0,9.4,9.9,9.5,7.52,7.5,10.01,9.3,9.5,,,,,,,
RA-690,2023,Aluno-690,2013,2013-01-09,10.0,Feminino,2022,Pública,,,ALFA,0.0,ALFA,ALFA D - G2/G3,FASE 2,2.0,Fase 2 (5° e 6° ano),-2,-2.0,False,-2.0,Defasado,1.0,Topázio,8.6112,5.0,9.1,9.8,9.0,6.89,7.5,10.01,9.3,8.8,,,,,,,
RA-895,2023,Aluno-895,2015,2015-05-27,8.0,Feminino,2023,Pública,,,ALFA,0.0,ALFA,ALFA D - G2/G3,ALFA,0.0,ALFA (1° e 2° ano),0,0.0,False,0.0,Adequado,0.0,Topázio,8.5397,10.0,6.8,9.5,9.5,7.52,6.875,9.5,6.8,6.7,,,,,,,
RA-896,2023,Aluno-896,2015,2015-12-24,7.0,Masculino,2023,Pública,,,ALFA,0.0,ALFA,ALFA D - G2/G3,ALFA,0.0,ALFA (1° e 2° ano),0,0.0,False,0.0,Adequado,0.0,Topázio,9.0912,10.0,8.5,10.0,9.5,6.89,7.5,10.01,9.0,8.0,,,,,,,
RA-693,2023,Aluno-693,2015,2015-03-04,8.0,Feminino,2022,Pública,,,ALFA,0.0,ALFA,ALFA D - G2/G3,ALFA,0.0,ALFA (1° e 2° ano),0,0.0,False,0.0,Adequado,0.0,Topázio,9.0112,10.0,8.5,9.4,10.0,6.89,7.5,10.01,8.2,8.7,,,,,,,
RA-675,2023,Aluno-675,2014,2014-09-11,8.0,Masculino,2022,Pública,,,ALFA,0.0,ALFA,ALFA D - G2/G3,ALFA,0.0,ALFA (1° e 2° ano),0,0.0,False,0.0,Adequado,0.0,Topázio,8.3577,10.0,8.3,8.0,10.0,7.52,6.875,8.34,8.5,8.0,,,,,,,
RA-850,2023,Aluno-850,2014,2014-01-22,9.0,Masculino,2022,Pública,,,ALFA,0.0,ALFA,ALFA D - G2/G3,FASE 1,1.0,Fase 1 (3° e 4° ano),-1,-1.0,False,-1.0,Defasado,1.0,Ágata,6.06525,5.0,7.3,7.9,0.0,6.26,6.5625,6.265,6.8,7.7,,,,,,,
RA-897,2023,Aluno-897,2014,2014-02-08,9.0,Masculino,2023,Pública,,,ALFA,0.0,ALFA,ALFA D - G2/G3,FASE 1,1.0,Fase 1 (3° e 4° ano),-1,-1.0,False,-1.0,Defasado,1.0,Quartzo,5.48225,5.0,6.5,8.1,0.0,7.52,6.5625,3.32,7.2,5.7,,,,,,,
RA-842,2023,Aluno-842,2014,2014-05-13,9.0,Feminino,2022,Pública,,,ALFA,0.0,ALFA,ALFA E - G2/G3,FASE 1,1.0,Fase 1 (3° e 4° ano),-1,-1.0,False,-1.0,Defasado,1.0,Ametista,7.2117,5.0,7.9,8.5,9.0,3.77,5.625,8.01,8.2,7.5,,,,,,,
RA-898,2023,Aluno-898,2014,2014-03-06,9.0,Masculino,2023,Pública,,,ALFA,0.0,ALFA,ALFA E - G2/G3,FASE 1,1.0,Fase 1 (3° e 4° ano),-1,-1.0,False,-1.0,Defasado,1.0,Topázio,8.4217,5.0,9.4,9.8,9.0,3.77,8.125,10.01,9.7,9.0,,,,,,,
RA-899,2023,Aluno-899,2015,2015-03-27,8.0,Masculino,2023,Pública,,,ALFA,0.0,ALFA,ALFA E - G2/G3,ALFA,0.0,ALFA (1° e 2° ano),0,0.0,False,0.0,Adequado,0.0,Topázio,8.8452,10.0,9.5,9.8,10.0,3.77,7.5,9.34,9.3,9.6,,,,,,,
RA-900,2023,Aluno-900,2015,2015-03-18,8.0,Feminino,2023,Pública,,,ALFA,0.0,ALFA,ALFA E - G2/G3,ALFA,0.0,ALFA (1° e 2° ano),0,0.0,False,0.0,Adequado,0.0,Topázio,8.8947,10.0,7.8,9.8,9.0,9.38,8.125,8.67,8.0,7.5,,,,,,,
RA-846,2023,Aluno-846,2015,2015-05-15,8.0,Feminino,2022,Pública,,,ALFA,0.0,ALFA,ALFA E - G2/G3,ALFA,0.0,ALFA (1° e 2° ano),0,0.0,False,0.0,Adequado,0.0,Ametista,7.4637,10.0,6.0,8.2,9.5,3.77,5.625,8.67,6.3,5.7,,,,,,,
RA-901,2023,Aluno-901,2012,2012-12-30,10.0,Masculino,2023,Pública,,,ALFA,0.0,ALFA,ALFA E - G2/G3,FASE 2,2.0,Fase 2 (5° e 6° ano),-2,-2.0,False,-2.0,Defasado,1.0,Ametista,7.3112,5.0,7.5,8.7,8.5,3.77,6.25,8.595,7.7,7.3,,,,,,,
RA-743,2023,Aluno-743,2013,2013-08-31,10.0,Feminino,2022,Pública,,,ALFA,0.0,ALFA,ALFA E - G2/G3,FASE 2,2.0,Fase 2 (5° e 6° ano),-2,-2.0,False,-2.0,Defasado,1.0,Ágata,6.659,5.0,7.1,9.1,0.0,3.77,7.5,9.01,7.3,6.8,,,,,,,
RA-681,2023,Aluno-681,2012,2012-12-14,10.0,Masculino,2022,Pública,,,ALFA,0.0,ALFA,ALFA E - G2/G3,FASE 2,2.0,Fase 2 (5° e 6° ano),-2,-2.0,False,-2.0,Defasado,1.0,Ágata,6.2955,5.0,8.3,7.8,0.0,3.77,5.625,8.18,8.8,7.8,,,,,,,
RA-902,2023,Aluno-902,2011,2011-10-24,12.0,Masculino,2023,Pública,,,ALFA,0.0,ALFA,ALFA E - G2/G3,FASE 3,3.0,Fase 3 (7° e 8° ano),-3,-3.0,False,-3.0,Defasado,1.0,Quartzo,5.97345,2.5,3.9,9.3,10.0,2.52,5.3125,6.5,4.5,3.3,,,,,,,
RA-903,2023,Aluno-903,2015,2015-04-04,8.0,Feminino,2023,Pública,,,ALFA,0.0,ALFA,ALFA E - G2/G3,ALFA,0.0,ALFA (1° e 2° ano),0,0.0,False,0.0,Adequado,0.0,Topázio,8.5242,10.0,7.8,9.6,10.0,5.02,7.5,9.01,7.7,7.8,,,,,,,
RA-851,2023,Aluno-851,2014,2014-03-03,9.0,Masculino,2022,Pública,,,ALFA,0.0,ALFA,ALFA E - G2/G3,FASE 1,1.0,Fase 1 (3° e 4° ano),-1,-1.0,False,-1.0,Defasado,1.0,Ágata,6.1683,5.0,6.6,7.5,8.4,2.52,5.625,6.01,6.8,6.3,,,,,,,
RA-847,2023,Aluno-847,2013,2013-04-30,10.0,Masculino,2022,Pública,,,ALFA,0.0,ALFA,ALFA E - G2/G3,FASE 2,2.0,Fase 2 (5° e 6° ano),-2,-2.0,False,-2.0,Defasado,1.0,Ágata,6.5418,5.0,7.6,9.1,7.9,2.52,5.0,5.84,7.5,7.6,,,,,,,
RA-904,2023,Aluno-904,2016,2016-12-02,7.0,Feminino,2023,Pública,,,ALFA,0.0,ALFA,ALFA F - G0/G1,ALFA,0.0,ALFA (1° e 2° ano),0,0.0,False,0.0,Adequado,0.0,Topázio,8.140783333,10.0,6.4,9.3,9.0,7.52,7.8125,7.836666667,6.0,6.8,,,,,,,
RA-858,2023,Aluno-858,2015,2015-09-02,8.0,Masculino,2022,Pública,,,ALFA,0.0,ALFA,ALFA F - G0/G1,ALFA,0.0,ALFA (1° e 2° ano),0,0.0,False,0.0,Adequado,0.0,Ametista,7.248833333,10.0,9.3,8.1,0.0,3.77,8.125,7.946666667,9.3,9.2,,,,,,,
RA-905,2023,Aluno-905,2013,2013-11-27,9.0,Masculino,2023,Pública,,,ALFA,0.0,ALFA,ALFA F - G0/G1,FASE 1,1.0,Fase 1 (3° e 4° ano),-1,-1.0,False,-1.0,Defasado,1.0,Ametista,7.831033333,5.0,8.3,9.4,9.5,7.52,6.875,7.056666667,7.5,9.0,,,,,,,
RA-702,2023,Aluno-702,2014,2014-03-02,9.0,Feminino,2022,Pública,,,ALFA,0.0,ALFA,ALFA F - G0/G1,FASE 1,1.0,Fase 1 (3° e 4° ano),-1,-1.0,False,-1.0,Defasado,1.0,Topázio,8.239866667,5.0,9.3,10.0,10.0,5.63,7.5,7.833333333,9.3,9.3,,,,,,,
RA-725,2023,Aluno-725,2014,2014-09-30,9.0,Masculino,2022,Pública,,,ALFA,0.0,ALFA,ALFA F - G0/G1,FASE 1,1.0,Fase 1 (3° e 4° ano),-1,-1.0,False,-1.0,Defasado,1.0,Topázio,8.117366667,5.0,8.4,9.0,9.5,7.52,8.125,8.113333333,8.1,8.7,,,,,,,
RA-906,2023,Aluno-906,2015,2015-10-06,8.0,Masculino,2023,Pública,,,ALFA,0.0,ALFA,ALFA F - G0/G1,ALFA,0.0,ALFA (1° e 2° ano),0,0.0,False,0.0,Adequado,0.0,Topázio,8.1922,10.0,8.6,9.2,7.5,7.52,7.5,6.95,7.7,9.4,,,,,,,
RA-907,2023,Aluno-907,2015,2015-10-23,8.0,Feminino,2023,Privada,,,ALFA,0.0,ALFA,ALFA F - G0/G1,ALFA,0.0,ALFA (1° e 2° ano),0,0.0,False,0.0,Adequado,0.0,Topázio,8.962033333,10.0,9.3,9.6,9.5,7.52,8.125,8.336666667,9.2,9.4,,,,,,,
RA-908,2023,Aluno-908,2015,2015-08-06,8.0,Feminino,2023,Pública,,,ALFA,0.0,ALFA,ALFA F - G0/G1,ALFA,0.0,ALFA (1° e 2° ano),0,0.0,False,0.0,Adequado,0.0,Topázio,8.479366667,10.0,7.9,9.0,9.0,7.52,8.125,8.223333333,6.7,9.0,,,,,,,
RA-909,2023,Aluno-909,2013,2013-10-22,10.0,Feminino,2023,Pública,,,ALFA,0.0,ALFA,ALFA F - G0/G1,FASE 2,2.0,Fase 2 (5° e 6° ano),-2,-2.0,False,-2.0,Defasado,1.0,Topázio,8.486033333,5.0,9.2,9.9,10.0,7.52,8.125,8.056666667,9.1,9.2,,,,,,,
RA-708,2023,Aluno-708,2013,2013-11-30,9.0,Masculino,2022,Pública,,,ALFA,0.0,ALFA,ALFA F - G0/G1,FASE 1,1.0,Fase 1 (3° e 4° ano),-1,-1.0,False,-1.0,Defasado,1.0,Ametista,7.5105,5.0,9.2,9.8,0.0,7.52,8.125,8.28,8.8,9.5,,,,,,,
RA-910,2023,Aluno-910,2015,2015-01-23,8.0,Masculino,2023,Pública,,,ALFA,0.0,ALFA,ALFA F - G0/G1,ALFA,0.0,ALFA (1° e 2° ano),0,0.0,False,0.0,Adequado,0.0,Ametista,7.801,10.0,8.9,8.8,0.0,7.52,8.75,8.17,8.8,9.0,,,,,,,
RA-671,2023,Aluno-671,2013,2013-04-04,10.0,Masculino,2021,Pública,,,ALFA,0.0,ALFA,ALFA G - G2/G3,FASE 2,2.0,Fase 2 (5° e 6° ano),-2,-2.0,False,-2.0,Defasado,1.0,Ágata,6.5143,5.0,7.8,8.3,7.9,3.14,5.625,5.68,8.0,7.5,,,,,,,
RA-836,2023,Aluno-836,2013,2013-10-02,10.0,Masculino,2022,Pública,,,ALFA,0.0,ALFA,ALFA G - G2/G3,FASE 2,2.0,Fase 2 (5° e 6° ano),-2,-2.0,False,-2.0,Defasado,1.0,Ametista,7.6417,5.0,6.7,9.6,9.5,6.27,6.875,8.085,6.7,6.7,,,,,,,
RA-911,2023,Aluno-911,2012,2012-05-19,11.0,Masculino,2023,Pública,,,ALFA,0.0,ALFA,ALFA G - G2/G3,FASE 2,2.0,Fase 2 (5° e 6° ano),-2,-2.0,False,-2.0,Defasado,1.0,Quartzo,5.59545,5.0,3.4,6.7,9.0,2.52,5.3125,7.01,3.7,3.0,,,,,,,
RA-860,2023,Aluno-860,2015,2015-08-01,8.0,Masculino,2022,Pública,,,ALFA,0.0,ALFA,ALFA G - G2/G3,ALFA,0.0,ALFA (1° e 2° ano),0,0.0,False,0.0,Adequado,0.0,Topázio,8.2372,10.0,7.4,9.8,7.0,6.89,7.5,8.34,7.2,7.5,,,,,,,
RA-727,2023,Aluno-727,2014,2014-11-08,9.0,Masculino,2022,Pública,,,ALFA,0.0,ALFA,ALFA G - G2/G3,FASE 1,1.0,Fase 1 (3° e 4° ano),-1,-1.0,False,-1.0,Defasado,1.0,Ametista,7.6802,5.0,8.0,8.8,9.5,2.52,7.5,9.34,8.3,7.7,,,,,,,
RA-739,2023,Aluno-739,2014,2014-01-31,9.0,Masculino,2022,Pública,,,ALFA,0.0,ALFA,ALFA G - G2/G3,FASE 1,1.0,Fase 1 (3° e 4° ano),-1,-1.0,False,-1.0,Defasado,1.0,Ametista,7.5972,5.0,7.6,8.3,9.0,7.52,6.25,8.25,7.3,7.8,,,,,,,
RA-740,2023,Aluno-740,2013,2013-08-18,10.0,Feminino,2022,Privada,,,ALFA,0.0,ALFA,ALFA G - G2/G3,FASE 2,2.0,Fase 2 (5° e 6° ano),-2,-2.0,False,-2.0,Defasado,1.0,Ametista,7.2845,5.0,9.1,8.7,0.0,7.52,6.875,8.925,9.0,9.2,,,,,,,
RA-912,2023,Aluno-912,2014,2014-06-13,9.0,Feminino,2023,Pública,,,ALFA,0.0,ALFA,ALFA G - G2/G3,FASE 1,1.0,Fase 1 (3° e 4° ano),-1,-1.0,False,-1.0,Defasado,1.0,Ametista,7.0797,5.0,6.3,9.4,7.0,7.52,5.625,7.175,6.2,6.3,,,,,,,
RA-706,2023,Aluno-706,2012,2012-10-12,10.0,Feminino,2021,Pública,,,ALFA,0.0,ALFA,ALFA G - G2/G3,FASE 2,2.0,Fase 2 (5° e 6° ano),-2,-2.0,False,-2.0,Defasado,1.0,Ametista,7.1527,5.0,7.3,7.8,9.0,4.39,6.875,8.08,6.7,7.8,,,,,,,
RA-840,2023,Aluno-840,2014,2014-02-02,9.0,Masculino,2022,Pública,,,ALFA,0.0,ALFA,ALFA G - G2/G3,FASE 1,1.0,Fase 1 (3° e 4° ano),-1,-1.0,False,-1.0,Defasado,1.0,Ametista,7.7862,5.0,8.2,9.0,9.5,4.38,7.5,8.59,8.3,8.0,,,,,,,
RA-841,2023,Aluno-841,2011,2011-12-30,11.0,Masculino,2022,Pública,,,ALFA,0.0,ALFA,ALFA G - G2/G3,FASE 2,2.0,Fase 2 (5° e 6° ano),-2,-2.0,False,-2.0,Defasado,1.0,Ágata,6.78,5.0,6.9,7.2,0.0,7.52,7.5,9.84,6.7,7.0,,,,,,,
RA-709,2023,Aluno-709,2012,2012-08-29,11.0,Feminino,2022,Pública,,,ALFA,0.0,ALFA,ALFA G - G2/G3,FASE 2,2.0,Fase 2 (5° e 6° ano),-2,-2.0,False,-2.0,Defasado,1.0,Ágata,6.6927,5.0,4.9,7.9,10.0,7.52,5.625,6.59,5.5,4.3,,,,,,,
RA-913,2023,Aluno-913,2013,2013-02-03,10.0,Feminino,2023,Pública,,,ALFA,0.0,ALFA,ALFA H - G0/G1,FASE 2,2.0,Fase 2 (5° e 6° ano),-2,-2.0,False,-2.0,Defasado,1.0,Ametista,7.7432,5.0,7.9,8.5,8.0,6.89,6.25,9.245,9.5,6.3,,,,,,,
RA-726,2023,Aluno-726,2015,2015-01-31,8.0,Feminino,2022,Pública,,,ALFA,0.0,ALFA,ALFA H - G0/G1,ALFA,0.0,ALFA (1° e 2° ano),0,0.0,False,0.0,Adequado,0.0,Ametista,7.3687,10.0,6.0,6.1,10.0,7.52,5.625,8.17,6.2,5.8,,,,,,,
RA-914,2023,Aluno-914,2015,2015-05-16,8.0,Feminino,2023,Pública,,,ALFA,0.0,ALFA,ALFA H - G0/G1,ALFA,0.0,ALFA (1° e 2° ano),0,0.0,False,0.0,Adequado,0.0,Topázio,8.6912,10.0,8.7,9.2,10.0,7.52,6.25,8.67,9.0,8.4,,,,,,,
RA-915,2023,Aluno-915,2015,2015-05-08,8.0,Feminino,2023,Pública,,,ALFA,0.0,ALFA,ALFA H - G0/G1,ALFA,0.0,ALFA (1° e 2° ano),0,0.0,False,0.0,Adequado,0.0,Topázio,8.5962,10.0,8.4,8.4,10.0,7.52,7.5,8.67,8.1,8.7,,,,,,,
RA-916,2023,Aluno-916,2014,2014-03-18,9.0,Feminino,2023,Pública,,,ALFA,0.0,ALFA,ALFA H - G0/G1,FASE 1,1.0,Fase 1 (3° e 4° ano),-1,-1.0,False,-1.0,Defasado,1.0,Ametista,7.3882,5.0,6.6,9.7,9.5,2.52,6.25,9.005,7.7,5.5,,,,,,,
RA-917,2023,Aluno-917,2015,2015-12-15,7.0,Feminino,2023,Pública,,,ALFA,0.0,ALFA,ALFA H - G0/G1,ALFA,0.0,ALFA (1° e 2° ano),0,0.0,False,0.0,Adequado,0.0,Quartzo,5.987,10.0,7.0,7.2,0.0,2.52,6.25,6.35,5.3,8.7,,,,,,,
RA-918,2023,Aluno-918,2016,2016-03-19,7.0,Feminino,2023,Pública,,,ALFA,0.0,ALFA,ALFA H - G0/G1,ALFA,0.0,ALFA (1° e 2° ano),0,0.0,False,0.0,Adequado,0.0,Ametista,7.4967,10.0,7.7,8.7,10.0,2.52,5.625,7.01,7.1,8.3,,,,,,,
RA-919,2023,Aluno-919,2014,2014-04-16,9.0,Masculino,2023,Pública,,,ALFA,0.0,ALFA,ALFA H - G0/G1,FASE 1,1.0,Fase 1 (3° e 4° ano),-1,-1.0,False,-1.0,Defasado,1.0,Ágata,6.225,5.0,5.3,8.4,0.0,7.52,6.25,8.09,5.5,5.0,,,,,,,
RA-920,2023,Aluno-920,2015,2015-07-20,8.0,Feminino,2023,Pública,,,ALFA,0.0,ALFA,ALFA H - G0/G1,ALFA,0.0,ALFA (1° e 2° ano),0,0.0,False,0.0,Adequado,0.0,Ágata,6.9647,10.0,6.1,6.3,9.0,7.52,5.625,6.35,6.0,6.2,,,,,,,
RA-921,2023,Aluno-921,2016,2016-04-13,7.0,Feminino,2023,Pública,,,ALFA,0.0,ALFA,ALFA I - G2/G3,ALFA,0.0,ALFA (1° e 2° ano),0,0.0,False,0.0,Adequado,0.0,Ametista,7.7407,10.0,6.3,9.7,9.0,7.52,5.625,6.68,6.5,6.0,,,,,,,
RA-922,2023,Aluno-922,2014,2014-03-12,8.0,Feminino,2023,Pública,,,ALFA,0.0,ALFA,ALFA I - G2/G3,ALFA,0.0,ALFA (1° e 2° ano),0,0.0,False,0.0,Adequado,0.0,Topázio,8.5262,10.0,8.4,9.7,8.5,3.14,7.5,10.01,8.5,8.2,,,,,,,
RA-715,2023,Aluno-715,2013,2013-12-08,10.0,Feminino,2022,Pública,,,ALFA,0.0,ALFA,ALFA I - G2/G3,FASE 2,2.0,Fase 2 (5° e 6° ano),-2,-2.0,False,-2.0,Defasado,1.0,Quartzo,5.8915,5.0,5.4,9.5,0.0,3.14,5.625,7.675,4.5,6.3,,,,,,,
RA-822,2023,Aluno-822,2012,2012-03-02,11.0,Masculino,2022,Pública,,,ALFA,0.0,ALFA,ALFA I - G2/G3,FASE 2,2.0,Fase 2 (5° e 6° ano),-2,-2.0,False,-2.0,Defasado,1.0,Ágata,6.4497,5.0,7.1,8.4,8.5,2.52,5.625,5.925,8.0,6.2,,,,,,,
RA-923,2023,Aluno-923,2015,2015-01-04,8.0,Feminino,2023,Pública,,,ALFA,0.0,ALFA,ALFA I - G2/G3,ALFA,0.0,ALFA (1° e 2° ano),0,0.0,False,0.0,Adequado,0.0,Topázio,8.8842,10.0,7.3,9.9,9.5,7.52,7.5,10.01,7.5,7.0,,,,,,,
RA-742,2023,Aluno-742,2013,2013-08-15,10.0,Feminino,2022,Pública,,,ALFA,0.0,ALFA,ALFA I - G2/G3,FASE 2,2.0,Fase 2 (5° e 6° ano),-2,-2.0,False,-2.0,Defasado,1.0,Ametista,7.024,5.0,7.5,7.6,0.0,7.52,7.5,10.01,6.2,8.8,,,,,,,
RA-924,2023,Aluno-924,2015,2015-02-08,8.0,Masculino,2023,Pública,,,ALFA,0.0,ALFA,ALFA I - G2/G3,ALFA,0.0,ALFA (1° e 2° ano),0,0.0,False,0.0,Adequado,0.0,Ágata,6.5207,10.0,5.0,5.6,9.0,7.52,5.625,5.93,5.0,5.0,,,,,,,
RA-925,2023,Aluno-925,2015,2015-01-12,7.0,Masculino,2023,Pública,,,ALFA,0.0,ALFA,ALFA I - G2/G3,ALFA,0.0,ALFA (1° e 2° ano),0,0.0,False,0.0,Adequado,0.0,Ametista,7.1837,10.0,5.4,8.9,9.0,7.52,5.625,5.595,5.2,5.5,,,,,,,
RA-853,2023,Aluno-853,2014,2014-07-19,9.0,Feminino,2022,Pública,,,ALFA,0.0,ALFA,ALFA J - G2/G3,FASE 1,1.0,Fase 1 (3° e 4° ano),-1,-1.0,False,-1.0,Defasado,1.0,Ametista,7.8402,5.0,7.4,9.5,10.0,3.77,6.25,9.84,7.2,7.5,,,,,,,
RA-854,2023,Aluno-854,2014,2014-08-11,8.0,Feminino,2022,Pública,,,ALFA,0.0,ALFA,ALFA J - G2/G3,ALFA,0.0,ALFA (1° e 2° ano),0,0.0,False,0.0,Adequado,0.0,Ágata,6.6415,10.0,6.0,9.5,0.0,3.77,5.625,8.01,7.5,4.5,,,,,,,
RA-700,2023,Aluno-700,2013,2013-10-29,9.0,Feminino,2022,Pública,,,ALFA,0.0,ALFA,ALFA J - G2/G3,FASE 1,1.0,Fase 1 (3° e 4° ano),-1,-1.0,False,-1.0,Defasado,1.0,Topázio,8.2852,5.0,7.8,9.7,9.5,7.52,6.25,9.84,7.5,8.0,,,,,,,
RA-701,2023,Aluno-701,2012,2012-10-09,11.0,Masculino,2021,Pública,,,ALFA,0.0,ALFA,ALFA J - G2/G3,FASE 2,2.0,Fase 2 (5° e 6° ano),-2,-2.0,False,-2.0,Defasado,1.0,Ametista,7.3982,5.0,7.2,9.9,9.5,3.77,6.25,7.68,7.3,7.0,,,,,,,
RA-856,2023,Aluno-856,2015,2015-07-02,8.0,Masculino,2022,Pública,,,ALFA,0.0,ALFA,ALFA J - G2/G3,ALFA,0.0,ALFA (1° e 2° ano),0,0.0,False,0.0,Adequado,0.0,Ametista,7.3355,10.0,7.3,9.6,0.0,7.52,5.625,8.255,7.5,7.0,,,,,,,
RA-672,2023,Aluno-672,2013,2013-08-26,10.0,Feminino,2021,Pública,,,ALFA,0.0,ALFA,ALFA J - G2/G3,FASE 2,2.0,Fase 2 (5° e 6° ano),-2,-2.0,False,-2.0,Defasado,1.0,Ágata,6.5623,5.0,6.4,9.5,7.9,2.52,5.625,6.43,6.0,6.7,,,,,,,
RA-859,2023,Aluno-859,2015,2015-03-20,8.0,Feminino,2022,Pública,,,ALFA,0.0,ALFA,ALFA J - G2/G3,ALFA,0.0,ALFA (1° e 2° ano),0,0.0,False,0.0,Adequado,0.0,Topázio,8.6042,10.0,7.3,9.2,8.0,7.52,7.5,10.01,6.8,7.8,,,,,,,
RA-704,2023,Aluno-704,2012,2012-11-08,11.0,Masculino,2022,Pública,,,ALFA,0.0,ALFA,ALFA J - G2/G3,FASE 2,2.0,Fase 2 (5° e 6° ano),-2,-2.0,False,-2.0,Defasado,1.0,Ágata,6.8297,5.0,6.1,9.9,10.0,3.14,5.625,6.265,6.5,5.7,,,,,,,
RA-741,2023,Aluno-741,2012,2012-09-24,11.0,Feminino,2022,Pública,,,ALFA,0.0,ALFA,ALFA J - G2/G3,FASE 2,2.0,Fase 2 (5° e 6° ano),-2,-2.0,False,-2.0,Defasado,1.0,Ágata,6.2707,5.0,5.1,6.9,9.5,4.39,5.625,7.095,4.2,6.0,,,,,,,
RA-719,2023,Aluno-719,2012,2012-03-10,11.0,Masculino,2021,Pública,,,ALFA,0.0,ALFA,ALFA J - G2/G3,FASE 2,2.0,Fase 2 (5° e 6° ano),-2,-2.0,False,-2.0,Defasado,1.0,Ágata,6.4137,5.0,5.9,5.3,9.5,7.52,5.625,7.095,7.0,4.7,,,,,,,
RA-926,2023,Aluno-926,2014,2014-06-15,9.0,Feminino,2023,Pública,,,ALFA,0.0,ALFA,ALFA J - G2/G3,FASE 1,1.0,Fase 1 (3° e 4° ano),-1,-1.0,False,-1.0,Defasado,1.0,Ametista,7.7792,5.0,6.8,10.0,9.0,3.77,7.5,9.51,6.5,7.0,,,,,,,
RA-927,2023,Aluno-927,2014,2014-11-06,9.0,Feminino,2023,Pública,,,ALFA,0.0,ALFA,ALFA J - G2/G3,FASE 1,1.0,Fase 1 (3° e 4° ano),-1,-1.0,False,-1.0,Defasado,1.0,Ametista,7.5982,5.0,6.4,9.7,9.0,3.77,7.5,9.255,7.0,5.8,,,,,,,
RA-928,2023,Aluno-928,2015,2015-04-14,8.0,Feminino,2023,Pública,,,ALFA,0.0,ALFA,ALFA K - G0/G1,ALFA,0.0,ALFA (1° e 2° ano),0,0.0,False,0.0,Adequado,0.0,Topázio,9.3712,10.0,9.8,10.0,8.5,7.52,8.75,9.67,9.8,9.8,,,,,,,
RA-929,2023,Aluno-929,2015,2015-10-22,8.0,Feminino,2023,Pública,,,ALFA,0.0,ALFA,ALFA K - G0/G1,ALFA,0.0,ALFA (1° e 2° ano),0,0.0,False,0.0,Adequado,0.0,Topázio,9.1312,10.0,8.8,9.8,8.5,7.52,8.75,9.67,8.7,8.9,,,,,,,
RA-930,2023,Aluno-930,2015,2015-10-13,8.0,Masculino,2023,Pública,,,ALFA,0.0,ALFA,ALFA K - G0/G1,ALFA,0.0,ALFA (1° e 2° ano),0,0.0,False,0.0,Adequado,0.0,Topázio,8.8872,10.0,9.0,8.8,9.0,7.52,8.75,9.0,8.7,9.3,,,,,,,
RA-931,2023,Aluno-931,2015,2015-08-04,8.0,Masculino,2023,Pública,,,ALFA,0.0,ALFA,ALFA K - G0/G1,ALFA,0.0,ALFA (1° e 2° ano),0,0.0,False,0.0,Adequado,0.0,Ametista,7.3747,10.0,7.8,8.2,8.5,2.52,5.625,7.6,7.0,8.5,,,,,,,
RA-932,2023,Aluno-932,2015,2015-12-22,7.0,Feminino,2023,Pública,,,ALFA,0.0,ALFA,ALFA K - G0/G1,ALFA,0.0,ALFA (1° e 2° ano),0,0.0,False,0.0,Adequado,0.0,Topázio,8.3847,10.0,7.5,7.9,9.5,7.52,8.125,9.0,6.5,8.4,,,,,,,
RA-933,2023,Aluno-933,2015,2015-09-26,8.0,Feminino,2023,Pública,,,ALFA,0.0,ALFA,ALFA K - G0/G1,ALFA,0.0,ALFA (1° e 2° ano),0,0.0,False,0.0,Adequado,0.0,Topázio,8.6712,10.0,7.7,8.4,9.0,7.52,8.75,9.67,8.0,7.3,,,,,,,
RA-934,2023,Aluno-934,2015,2015-09-15,8.0,Feminino,2023,Pública,,,ALFA,0.0,ALFA,ALFA K - G0/G1,ALFA,0.0,ALFA (1° e 2° ano),0,0.0,False,0.0,Adequado,0.0,Topázio,9.1737,10.0,8.7,9.6,9.0,7.52,9.375,9.67,8.3,9.0,,,,,,,
RA-935,2023,Aluno-935,2014,2014-09-23,9.0,Masculino,2023,Pública,,,ALFA,0.0,ALFA,ALFA K - G0/G1,FASE 1,1.0,Fase 1 (3° e 4° ano),-1,-1.0,False,-1.0,Defasado,1.0,Ametista,7.9535,5.0,9.4,9.8,0.0,7.52,9.375,9.67,9.2,9.5,,,,,,,
RA-936,2023,Aluno-936,2015,2015-11-08,8.0,Feminino,2023,Pública,,,ALFA,0.0,ALFA,ALFA K - G0/G1,ALFA,0.0,ALFA (1° e 2° ano),0,0.0,False,0.0,Adequado,0.0,Topázio,8.5477,10.0,6.5,10.0,9.0,7.52,8.125,8.915,5.0,8.0,,,,,,,
RA-937,2023,Aluno-937,2015,2015-03-03,8.0,Feminino,2023,Pública,,,ALFA,0.0,ALFA,ALFA K - G0/G1,ALFA,0.0,ALFA (1° e 2° ano),0,0.0,False,0.0,Adequado,0.0,Topázio,9.3237,10.0,9.2,9.6,9.5,7.52,9.375,9.67,9.0,9.3,,,,,,,
RA-756,2023,Aluno-756,2013,2013-09-09,10.0,Masculino,2022,Pública,,,ALFA,0.0,ALFA,ALFA K - G0/G1,FASE 2,2.0,Fase 2 (5° e 6° ano),-2,-2.0,False,-2.0,Defasado,1.0,Ametista,7.0927,5.0,6.1,8.7,10.0,7.52,5.625,6.59,5.4,6.8,,,,,,,
RA-938,2023,Aluno-938,2014,2014-01-06,9.0,Masculino,2023,Pública,,,ALFA,0.0,ALFA,ALFA K - G0/G1,FASE 1,1.0,Fase 1 (3° e 4° ano),-1,-1.0,False,-1.0,Defasado,1.0,Ágata,6.7372,5.0,4.2,8.4,8.5,7.52,6.25,7.5,0.0,8.3,,,,,,,
RA-939,2023,Aluno-939,2012,2012-04-10,11.0,Feminino,2023,Pública,,,ALFA,0.0,ALFA,ALFA L - G2/G3,FASE 2,2.0,Fase 2 (5° e 6° ano),-2,-2.0,False,-2.0,Defasado,1.0,Ametista,7.9742,5.0,5.4,10.0,9.0,7.52,7.5,10.01,5.0,5.7,,,,,,,
RA-789,2023,Aluno-789,2015,2015-01-14,8.0,Feminino,2022,Pública,,,ALFA,0.0,ALFA,ALFA L - G2/G3,ALFA,0.0,ALFA (1° e 2° ano),0,0.0,False,0.0,Adequado,0.0,Ametista,7.974,10.0,7.9,9.5,0.0,7.52,7.5,10.01,8.5,7.2,,,,,,,
RA-792,2023,Aluno-792,2013,2013-03-19,10.0,Feminino,2022,Pública,,,ALFA,0.0,ALFA,ALFA L - G2/G3,FASE 2,2.0,Fase 2 (5° e 6° ano),-2,-2.0,False,-2.0,Defasado,1.0,Ametista,7.6267,5.0,7.2,7.7,9.0,7.52,6.875,9.085,6.8,7.5,,,,,,,
RA-940,2023,Aluno-940,2012,2012-03-07,11.0,Masculino,2023,Pública,,,ALFA,0.0,ALFA,ALFA L - G2/G3,FASE 2,2.0,Fase 2 (5° e 6° ano),-2,-2.0,False,-2.0,Defasado,1.0,Ágata,6.6112,5.0,6.3,8.4,9.0,2.52,6.25,7.02,6.8,5.7,,,,,,,
RA-941,2023,Aluno-941,2015,2015-02-03,8.0,Feminino,2023,Pública,,,ALFA,0.0,ALFA,ALFA L - G2/G3,ALFA,0.0,ALFA (1° e 2° ano),0,0.0,False,0.0,Adequado,0.0,Ametista,7.6872,10.0,5.0,10.0,8.0,7.52,5.0,8.175,5.0,5.0,,,,,,,
RA-942,2023,Aluno-942,2013,2013-04-14,10.0,Feminino,2023,Pública,,,ALFA,0.0,ALFA,ALFA L - G2/G3,FASE 2,2.0,Fase 2 (5° e 6° ano),-2,-2.0,False,-2.0,Defasado,1.0,Ágata,6.8547,5.0,7.1,8.9,9.5,2.52,5.625,7.0,7.3,6.8,,,,,,,
RA-943,2023,Aluno-943,2015,2015-12-01,8.0,Feminino,2023,Pública,,,ALFA,0.0,ALFA,ALFA L - G2/G3,ALFA,0.0,ALFA (1° e 2° ano),0,0.0,False,0.0,Adequado,0.0,Topázio,8.9172,10.0,8.0,9.4,9.5,7.52,7.5,9.925,8.0,8.0,,,,,,,
RA-782,2023,Aluno-782,2014,2014-07-31,9.0,Masculino,2022,Pública,,,ALFA,0.0,ALFA,ALFA L - G2/G3,FASE 1,1.0,Fase 1 (3° e 4° ano),-1,-1.0,False,-1.0,Defasado,1.0,Ametista,7.6812,5.0,7.5,9.8,8.5,2.52,7.5,9.345,8.3,6.7,,,,,,,
RA-768,2023,Aluno-768,2012,2012-07-09,11.0,Feminino,2021,Pública,,,ALFA,0.0,ALFA,ALFA L - G2/G3,FASE 2,2.0,Fase 2 (5° e 6° ano),-2,-2.0,False,-2.0,Defasado,1.0,Topázio,8.4042,5.0,7.9,9.1,10.0,7.52,7.5,10.01,8.0,7.8,,,,,,,
RA-794,2023,Aluno-794,2014,2014-08-10,9.0,Feminino,2022,Pública,,,ALFA,0.0,ALFA,ALFA L - G2/G3,FASE 1,1.0,Fase 1 (3° e 4° ano),-1,-1.0,False,-1.0,Defasado,1.0,Ametista,7.9842,5.0,6.2,9.2,9.0,7.52,7.5,10.01,5.2,7.2,,,,,,,
RA-795,2023,Aluno-795,2014,2014-02-17,9.0,Feminino,2022,Pública,,,ALFA,0.0,ALFA,ALFA L - G2/G3,FASE 1,1.0,Fase 1 (3° e 4° ano),-1,-1.0,False,-1.0,Defasado,1.0,Topázio,8.4642,5.0,8.2,9.6,9.0,7.52,7.5,10.01,8.7,7.7,,,,,,,
RA-944,2023,Aluno-944,2014,2014-01-20,9.0,Feminino,2023,Pública,,,ALFA,0.0,ALFA,ALFA M - G0/G1,FASE 1,1.0,Fase 1 (3° e 4° ano),-1,-1.0,False,-1.0,Defasado,1.0,Ametista,7.0687,5.0,7.5,7.6,9.0,7.52,5.625,6.67,9.2,5.8,,,,,,,
RA-945,2023,Aluno-945,2015,2015-02-04,8.0,Masculino,2023,Pública,,,ALFA,0.0,ALFA,ALFA M - G0/G1,ALFA,0.0,ALFA (1° e 2° ano),0,0.0,False,0.0,Adequado,0.0,Topázio,8.0777,10.0,7.9,9.2,8.5,7.52,6.875,6.84,8.0,7.8,,,,,,,
RA-946,2023,Aluno-946,2016,2016-11-01,7.0,Masculino,2023,Pública,,,ALFA,0.0,ALFA,ALFA M - G0/G1,ALFA,0.0,ALFA (1° e 2° ano),0,0.0,False,0.0,Adequado,0.0,Topázio,8.5822,10.0,9.3,9.4,9.5,7.52,7.5,7.0,9.0,9.5,,,,,,,
RA-754,2023,Aluno-754,2013,2013-05-09,10.0,Masculino,2022,Pública,,,ALFA,0.0,ALFA,ALFA M - G0/G1,FASE 2,2.0,Fase 2 (5° e 6° ano),-2,-2.0,False,-2.0,Defasado,1.0,Ágata,6.0537,5.0,5.6,6.1,9.5,2.52,6.875,6.67,5.7,5.4,,,,,,,
RA-947,2023,Aluno-947,2015,2015-02-03,8.0,Masculino,2023,Pública,,,ALFA,0.0,ALFA,ALFA M - G0/G1,ALFA,0.0,ALFA (1° e 2° ano),0,0.0,False,0.0,Adequado,0.0,Ágata,6.3457,10.0,3.3,7.9,9.0,7.52,4.375,5.08,1.7,4.9,,,,,,,
RA-948,2023,Aluno-948,2015,2015-04-26,8.0,Feminino,2023,Pública,,,ALFA,0.0,ALFA,ALFA M - G0/G1,ALFA,0.0,ALFA (1° e 2° ano),0,0.0,False,0.0,Adequado,0.0,Ágata,6.5277,10.0,0.0,7.6,9.0,7.52,6.875,8.34,0.0,0.0,,,,,,,
RA-949,2023,Aluno-949,2015,2015-03-08,8.0,Feminino,2023,Pública,,,ALFA,0.0,ALFA,ALFA M - G0/G1,ALFA,0.0,ALFA (1° e 2° ano),0,0.0,False,0.0,Adequado,0.0,Topázio,8.0172,10.0,8.9,8.1,9.5,7.52,6.25,6.5,9.1,8.6,,,,,,,
RA-950,2023,Aluno-950,2014,2014-11-17,8.0,Feminino,2023,Pública,,,ALFA,0.0,ALFA,ALFA M - G0/G1,ALFA,0.0,ALFA (1° e 2° ano),0,0.0,False,0.0,Adequado,0.0,Topázio,8.8862,10.0,9.3,10.0,9.0,7.52,7.5,8.17,9.5,9.0,,,,,,,
RA-773,2023,Aluno-773,2013,2013-12-31,9.0,Feminino,2022,Pública,,,ALFA,0.0,ALFA,ALFA M - G0/G1,FASE 1,1.0,Fase 1 (3° e 4° ano),-1,-1.0,False,-1.0,Defasado,1.0,Ágata,6.9287,5.0,7.9,7.5,10.0,2.52,5.625,7.67,8.0,7.8,,,,,,,
RA-951,2023,Aluno-951,2016,2016-05-23,7.0,Feminino,2023,Pública,,,ALFA,0.0,ALFA,ALFA M - G0/G1,ALFA,0.0,ALFA (1° e 2° ano),0,0.0,False,0.0,Adequado,0.0,Topázio,8.8902,10.0,8.4,9.7,9.5,7.52,7.5,9.09,8.5,8.3,,,,,,,
RA-769,2023,Aluno-769,2013,2013-08-23,10.0,Feminino,2022,Pública,,,ALFA,0.0,ALFA,ALFA N - G2/G3,FASE 2,2.0,Fase 2 (5° e 6° ano),-2,-2.0,False,-2.0,Defasado,1.0,Ametista,7.85345,5.0,8.0,9.3,10.0,3.77,7.8125,8.675,8.2,7.8,,,,,,,
RA-952,2023,Aluno-952,2015,2015-09-22,8.0,Masculino,2023,Pública,,,ALFA,0.0,ALFA,ALFA N - G2/G3,ALFA,0.0,ALFA (1° e 2° ano),0,0.0,False,0.0,Adequado,0.0,Topázio,8.37095,10.0,9.0,9.2,9.5,3.77,7.1875,8.425,8.8,9.2,,,,,,,
RA-826,2023,Aluno-826,2014,2014-06-03,9.0,Masculino,2022,Pública,,,ALFA,0.0,ALFA,ALFA N - G2/G3,FASE 1,1.0,Fase 1 (3° e 4° ano),-1,-1.0,False,-1.0,Defasado,1.0,Ametista,7.77645,5.0,7.3,10.0,10.0,3.77,7.8125,8.34,7.0,7.5,,,,,,,
RA-953,2023,Aluno-953,2015,2015-04-02,8.0,Feminino,2023,Pública,,,ALFA,0.0,ALFA,ALFA N - G2/G3,ALFA,0.0,ALFA (1° e 2° ano),0,0.0,False,0.0,Adequado,0.0,Ametista,7.54005,10.0,8.3,8.8,7.4,3.14,6.5625,7.09,8.5,8.0,,,,,,,
RA-954,2023,Aluno-954,2015,2015-04-13,8.0,Feminino,2023,Pública,,,ALFA,0.0,ALFA,ALFA N - G2/G3,ALFA,0.0,ALFA (1° e 2° ano),0,0.0,False,0.0,Adequado,0.0,Ágata,6.82375,10.0,7.7,8.3,0.0,3.14,7.1875,8.005,7.8,7.5,,,,,,,
RA-780,2023,Aluno-780,2013,2013-08-22,10.0,Feminino,2022,Pública,,,ALFA,0.0,ALFA,ALFA N - G2/G3,FASE 2,2.0,Fase 2 (5° e 6° ano),-2,-2.0,False,-2.0,Defasado,1.0,Ametista,7.7842,5.0,8.3,8.8,9.5,3.14,8.75,8.675,8.0,8.5,,,,,,,
RA-955,2023,Aluno-955,2013,2013-04-28,10.0,Feminino,2023,Pública,,,ALFA,0.0,ALFA,ALFA N - G2/G3,FASE 2,2.0,Fase 2 (5° e 6° ano),-2,-2.0,False,-2.0,Defasado,1.0,Ametista,7.1297,5.0,7.8,8.8,9.0,3.14,6.875,7.09,8.0,7.5,,,,,,,
RA-831,2023,Aluno-831,2013,2013-12-19,9.0,Masculino,2022,Pública,,,ALFA,0.0,ALFA,ALFA N - G2/G3,FASE 1,1.0,Fase 1 (3° e 4° ano),-1,-1.0,False,-1.0,Defasado,1.0,Ametista,7.71645,5.0,8.3,9.4,8.0,3.77,7.8125,8.59,8.8,7.8,,,,,,,
RA-783,2023,Aluno-783,2014,2014-12-04,9.0,Masculino,2021,Pública,,,ALFA,0.0,ALFA,ALFA N - G2/G3,FASE 1,1.0,Fase 1 (3° e 4° ano),-1,-1.0,False,-1.0,Defasado,1.0,Ametista,7.2922,5.0,8.9,6.8,9.5,3.77,7.5,7.925,9.0,8.7,,,,,,,
RA-774,2023,Aluno-774,2014,2014-09-09,9.0,Feminino,2022,Pública,,,ALFA,0.0,ALFA,ALFA N - G2/G3,FASE 1,1.0,Fase 1 (3° e 4° ano),-1,-1.0,False,-1.0,Defasado,1.0,Quartzo,5.852,5.0,6.9,9.5,0.0,3.14,5.0,6.34,7.7,6.0,,,,,,,
RA-748,2023,Aluno-748,2013,2013-08-06,10.0,Masculino,2022,Pública,,,ALFA,0.0,ALFA,ALFA O - G2/G3,FASE 2,2.0,Fase 2 (5° e 6° ano),-2,-2.0,False,-2.0,Defasado,1.0,Topázio,8.7142,5.0,9.1,9.7,9.5,7.52,7.5,10.01,9.0,9.2,,,,,,,
RA-749,2023,Aluno-749,2013,2013-12-23,9.0,Masculino,2022,Pública,,,ALFA,0.0,ALFA,ALFA O - G2/G3,FASE 1,1.0,Fase 1 (3° e 4° ano),-1,-1.0,False,-1.0,Defasado,1.0,Ametista,7.7597,5.0,7.3,9.0,10.0,7.52,5.625,8.425,7.3,7.3,,,,,,,
RA-956,2023,Aluno-956,2012,2012-10-18,11.0,Masculino,2023,Pública,,,ALFA,0.0,ALFA,ALFA O - G2/G3,FASE 2,2.0,Fase 2 (5° e 6° ano),-2,-2.0,False,-2.0,Defasado,1.0,Ametista,7.7312,5.0,7.8,7.5,8.0,7.52,7.5,9.345,7.8,7.8,,,,,,,
RA-787,2023,Aluno-787,2014,2014-01-08,9.0,Masculino,2022,Pública,,,ALFA,0.0,ALFA,ALFA O - G2/G3,FASE 1,1.0,Fase 1 (3° e 4° ano),-1,-1.0,False,-1.0,Defasado,1.0,Ametista,7.5227,5.0,5.9,9.8,9.0,7.52,5.625,8.34,6.0,5.8,,,,,,,
RA-957,2023,Aluno-957,2014,2014-01-12,8.0,Feminino,2023,Pública,,,ALFA,0.0,ALFA,ALFA O - G2/G3,ALFA,0.0,ALFA (1° e 2° ano),0,0.0,False,0.0,Adequado,0.0,Topázio,9.1672,10.0,9.1,9.3,10.0,7.52,7.5,9.925,9.0,9.2,,,,,,,
RA-753,2023,Aluno-753,2014,2014-11-06,9.0,Feminino,2022,Pública,,,ALFA,0.0,ALFA,ALFA O - G2/G3,FASE 1,1.0,Fase 1 (3° e 4° ano),-1,-1.0,False,-1.0,Defasado,1.0,Topázio,8.6672,5.0,9.0,9.9,9.0,7.52,7.5,9.925,9.0,9.0,,,,,,,
RA-958,2023,Aluno-958,2015,2015-11-03,8.0,Feminino,2023,Pública,,,ALFA,0.0,ALFA,ALFA O - G2/G3,ALFA,0.0,ALFA (1° e 2° ano),0,0.0,False,0.0,Adequado,0.0,Topázio,9.2902,10.0,9.3,9.8,10.0,7.52,7.5,9.84,9.3,9.3,,,,,,,
RA-755,2023,Aluno-755,2014,2014-03-22,9.0,Masculino,2022,Pública,,,ALFA,0.0,ALFA,ALFA O - G2/G3,FASE 1,1.0,Fase 1 (3° e 4° ano),-1,-1.0,False,-1.0,Defasado,1.0,Topázio,8.7442,5.0,9.2,9.5,10.0,7.52,7.5,10.01,9.2,9.2,,,,,,,
RA-763,2023,Aluno-763,2012,2012-12-19,10.0,Feminino,2021,Pública,,,ALFA,0.0,ALFA,ALFA O - G2/G3,FASE 2,2.0,Fase 2 (5° e 6° ano),-2,-2.0,False,-2.0,Defasado,1.0,Ágata,6.7215,5.0,7.9,9.2,0.0,3.14,6.875,9.0,7.8,8.0,,,,,,,
RA-757,2023,Aluno-757,2013,2013-02-28,10.0,Feminino,2022,Pública,,,ALFA,0.0,ALFA,ALFA O - G2/G3,FASE 2,2.0,Fase 2 (5° e 6° ano),-2,-2.0,False,-2.0,Defasado,1.0,Topázio,8.6742,5.0,9.3,9.6,9.0,7.52,7.5,10.01,9.5,9.0,,,,,,,
RA-959,2023,Aluno-959,2015,2015-08-17,8.0,Masculino,2023,Pública,,,ALFA,0.0,ALFA,ALFA O - G2/G3,ALFA,0.0,ALFA (1° e 2° ano),0,0.0,False,0.0,Adequado,0.0,Topázio,8.6677,10.0,7.7,9.6,10.0,7.52,6.875,8.84,7.7,7.7,,,,,,,
RA-960,2023,Aluno-960,2013,2013-05-17,10.0,Masculino,2023,Pública,,,ALFA,0.0,ALFA,ALFA O - G2/G3,FASE 2,2.0,Fase 2 (5° e 6° ano),-2,-2.0,False,-2.0,Defasado,1.0,Ametista,7.0847,5.0,6.3,10.0,8.5,7.52,5.625,5.85,6.5,6.0,,,,,,,
RA-961,2023,Aluno-961,2014,2014-01-21,9.0,Masculino,2023,Pública,,,ALFA,0.0,ALFA,ALFA O - G2/G3,FASE 1,1.0,Fase 1 (3° e 4° ano),-1,-1.0,False,-1.0,Defasado,1.0,Quartzo,5.99625,5.0,6.2,8.7,0.0,2.52,5.3125,8.665,6.2,6.2,,,,,,,
RA-962,2023,Aluno-962,2014,2014-02-01,9.0,Feminino,2023,Pública,,,ALFA,0.0,ALFA,ALFA Q - G2/G3,FASE 1,1.0,Fase 1 (3° e 4° ano),-1,-1.0,False,-1.0,Defasado,1.0,Topázio,8.4742,5.0,8.7,9.2,9.0,7.52,7.5,10.01,9.5,7.8,,,,,,,
RA-805,2023,Aluno-805,2014,2014-06-14,9.0,Masculino,2021,Pública,,,ALFA,0.0,ALFA,ALFA Q - G2/G3,FASE 1,1.0,Fase 1 (3° e 4° ano),-1,-1.0,False,-1.0,Defasado,1.0,Ágata,6.492,5.0,6.8,9.1,0.0,7.52,6.25,7.175,6.8,6.8,,,,,,,
RA-806,2023,Aluno-806,2014,2014-02-28,9.0,Masculino,2022,Pública,,,ALFA,0.0,ALFA,ALFA Q - G2/G3,FASE 1,1.0,Fase 1 (3° e 4° ano),-1,-1.0,False,-1.0,Defasado,1.0,Ametista,7.2937,5.0,7.8,8.3,8.5,6.27,6.875,7.095,7.8,7.7,,,,,,,
RA-807,2023,Aluno-807,2014,2014-07-22,9.0,Masculino,2022,Pública,,,ALFA,0.0,ALFA,ALFA Q - G2/G3,FASE 1,1.0,Fase 1 (3° e 4° ano),-1,-1.0,False,-1.0,Defasado,1.0,Ametista,7.8632,5.0,8.0,9.1,9.5,7.52,6.25,8.08,8.3,7.7,,,,,,,
RA-963,2023,Aluno-963,2014,2014-05-09,9.0,Feminino,2023,Pública,,,ALFA,0.0,ALFA,ALFA Q - G2/G3,FASE 1,1.0,Fase 1 (3° e 4° ano),-1,-1.0,False,-1.0,Defasado,1.0,Topázio,8.6142,5.0,8.5,9.8,9.5,7.52,7.5,10.01,8.3,8.7,,,,,,,
RA-964,2023,Aluno-964,2014,2014-04-30,9.0,Masculino,2023,Pública,,,ALFA,0.0,ALFA,ALFA Q - G2/G3,FASE 1,1.0,Fase 1 (3° e 4° ano),-1,-1.0,False,-1.0,Defasado,1.0,Ametista,7.7997,5.0,7.2,9.4,8.5,7.52,6.875,8.5,7.3,7.0,,,,,,,
RA-965,2023,Aluno-965,2014,2014-03-26,9.0,Feminino,2023,Pública,,,ALFA,0.0,ALFA,ALFA Q - G2/G3,FASE 1,1.0,Fase 1 (3° e 4° ano),-1,-1.0,False,-1.0,Defasado,1.0,Ágata,6.4832,5.0,4.7,8.2,8.5,6.27,5.0,7.18,5.3,4.0,,,,,,,
RA-966,2023,Aluno-966,2014,2014-05-06,9.0,Masculino,2023,Pública,,,ALFA,0.0,ALFA,ALFA Q - G2/G3,FASE 1,1.0,Fase 1 (3° e 4° ano),-1,-1.0,False,-1.0,Defasado,1.0,Ametista,7.44345,5.0,5.0,10.0,10.0,7.52,6.5625,7.675,5.0,5.0,,,,,,,
RA-967,2023,Aluno-967,2013,2013-09-09,10.0,Masculino,2023,Pública,,,ALFA,0.0,ALFA,ALFA Q - G2/G3,FASE 2,2.0,Fase 2 (5° e 6° ano),-2,-2.0,False,-2.0,Defasado,1.0,Ametista,7.1347,5.0,6.5,8.0,9.5,7.52,5.625,7.35,6.5,6.5,,,,,,,
RA-968,2023,Aluno-968,2014,2014-08-05,9.0,Feminino,2023,Pública,,,ALFA,0.0,ALFA,ALFA Q - G2/G3,FASE 1,1.0,Fase 1 (3° e 4° ano),-1,-1.0,False,-1.0,Defasado,1.0,Topázio,8.4942,5.0,8.3,9.7,9.0,7.52,7.5,10.01,8.0,8.5,,,,,,,
RA-812,2023,Aluno-812,2014,2014-11-30,8.0,Masculino,2022,Pública,,,ALFA,0.0,ALFA,ALFA Q - G2/G3,ALFA,0.0,ALFA (1° e 2° ano),0,0.0,False,0.0,Adequado,0.0,Topázio,8.0357,10.0,5.8,9.1,9.5,7.52,6.875,8.33,6.3,5.3,,,,,,,
RA-969,2023,Aluno-969,2015,2015-08-17,8.0,Masculino,2023,Pública,,,ALFA,0.0,ALFA,ALFA Q - G2/G3,ALFA,0.0,ALFA (1° e 2° ano),0,0.0,False,0.0,Adequado,0.0,Ametista,7.7692,10.0,5.5,9.7,8.5,7.52,6.25,7.51,6.0,5.0,,,,,,,
RA-970,2023,Aluno-970,2015,2015-02-06,8.0,Feminino,2023,Pública,,,ALFA,0.0,ALFA,ALFA R - G0/G1,ALFA,0.0,ALFA (1° e 2° ano),0,0.0,False,0.0,Adequado,0.0,Topázio,8.9977,10.0,9.4,8.1,8.5,7.52,9.375,9.84,9.2,9.5,,,,,,,
RA-971,2023,Aluno-971,2015,2015-04-03,8.0,Masculino,2023,Pública,,,ALFA,0.0,ALFA,ALFA R - G0/G1,ALFA,0.0,ALFA (1° e 2° ano),0,0.0,False,0.0,Adequado,0.0,Ametista,7.0169,10.0,6.9,6.4,7.8,3.77,5.625,8.17,5.5,8.3,,,,,,,
RA-972,2023,Aluno-972,2015,2015-09-24,8.0,Masculino,2023,Pública,,,ALFA,0.0,ALFA,ALFA R - G0/G1,ALFA,0.0,ALFA (1° e 2° ano),0,0.0,False,0.0,Adequado,0.0,Ametista,7.5427,10.0,6.0,9.1,9.0,3.77,6.875,7.84,6.2,5.7,,,,,,,
RA-973,2023,Aluno-973,2014,2014-12-02,9.0,Masculino,2023,Pública,,,ALFA,0.0,ALFA,ALFA R - G0/G1,FASE 1,1.0,Fase 1 (3° e 4° ano),-1,-1.0,False,-1.0,Defasado,1.0,Quartzo,5.82875,5.0,5.2,8.6,0.0,3.77,7.1875,7.415,6.2,4.1,,,,,,,
RA-974,2023,Aluno-974,2015,2015-09-12,7.0,Masculino,2023,Pública,,,ALFA,0.0,ALFA,ALFA R - G0/G1,ALFA,0.0,ALFA (1° e 2° ano),0,0.0,False,0.0,Adequado,0.0,Topázio,8.4752,10.0,8.8,9.1,9.0,3.77,7.5,9.34,8.8,8.8,,,,,,,
RA-975,2023,Aluno-975,2015,2015-04-12,7.0,Feminino,2023,Pública,,,ALFA,0.0,ALFA,ALFA R - G0/G1,ALFA,0.0,ALFA (1° e 2° ano),0,0.0,False,0.0,Adequado,0.0,Ametista,7.7803,10.0,6.5,9.2,7.9,7.52,5.625,7.67,7.2,5.8,,,,,,,
RA-976,2023,Aluno-976,2015,2015-04-04,8.0,Masculino,2023,Pública,,,ALFA,0.0,ALFA,ALFA R - G0/G1,ALFA,0.0,ALFA (1° e 2° ano),0,0.0,False,0.0,Adequado,0.0,Topázio,8.39895,10.0,8.6,9.2,9.5,6.27,5.9375,8.34,9.0,8.2,,,,,,,
RA-977,2023,Aluno-977,2015,2015-12-30,7.0,Feminino,2023,Pública,,,ALFA,0.0,ALFA,ALFA R - G0/G1,ALFA,0.0,ALFA (1° e 2° ano),0,0.0,False,0.0,Adequado,0.0,Ametista,7.1717,10.0,5.8,7.4,8.5,5.02,5.625,8.085,5.7,5.9,,,,,,,
RA-978,2023,Aluno-978,2015,2015-10-11,7.0,Feminino,2023,Pública,,,ALFA,0.0,ALFA,ALFA R - G0/G1,ALFA,0.0,ALFA (1° e 2° ano),0,0.0,False,0.0,Adequado,0.0,Topázio,8.3877,10.0,8.6,9.8,9.0,3.77,5.625,9.34,8.7,8.5,,,,,,,
RA-979,2023,Aluno-979,2015,2015-07-19,8.0,Masculino,2023,Pública,,,ALFA,0.0,ALFA,ALFA S - G2/G3,ALFA,0.0,ALFA (1° e 2° ano),0,0.0,False,0.0,Adequado,0.0,Topázio,8.1617,10.0,6.0,9.6,9.5,6.27,5.625,9.51,6.0,6.0,,,,,,,
RA-980,2023,Aluno-980,2015,2015-09-19,8.0,Feminino,2023,Pública,,,ALFA,0.0,ALFA,ALFA S - G2/G3,ALFA,0.0,ALFA (1° e 2° ano),0,0.0,False,0.0,Adequado,0.0,Ametista,7.1425,10.0,6.3,9.8,0.0,5.02,5.625,9.34,6.5,6.0,,,,,,,
RA-808,2023,Aluno-808,2014,2014-09-27,9.0,Masculino,2022,Pública,,,ALFA,0.0,ALFA,ALFA S - G2/G3,FASE 1,1.0,Fase 1 (3° e 4° ano),-1,-1.0,False,-1.0,Defasado,1.0,Topázio,8.1932,5.0,8.7,10.0,10.0,2.52,7.5,9.755,8.7,8.7,,,,,,,
RA-981,2023,Aluno-981,2016,2016-01-20,7.0,Feminino,2023,Pública,,,ALFA,0.0,ALFA,ALFA S - G2/G3,ALFA,0.0,ALFA (1° e 2° ano),0,0.0,False,0.0,Adequado,0.0,Ametista,7.5367,10.0,5.8,9.1,9.5,2.52,5.625,9.01,5.7,5.8,,,,,,,
RA-982,2023,Aluno-982,2015,2015-11-19,7.0,Masculino,2023,Pública,,,ALFA,0.0,ALFA,ALFA S - G2/G3,ALFA,0.0,ALFA (1° e 2° ano),0,0.0,False,0.0,Adequado,0.0,Ametista,7.1215,10.0,8.6,9.1,0.0,2.52,5.625,8.835,8.7,8.5,,,,,,,
RA-983,2023,Aluno-983,2014,2014-10-28,8.0,Masculino,2023,Pública,,,ALFA,0.0,ALFA,ALFA S - G2/G3,ALFA,0.0,ALFA (1° e 2° ano),0,0.0,False,0.0,Adequado,0.0,Topázio,8.3502,10.0,8.8,9.9,8.5,2.52,6.25,9.415,8.8,8.8,,,,,,,
RA-984,2023,Aluno-984,2014,2014-12-21,8.0,Feminino,2023,Pública,,,ALFA,0.0,ALFA,ALFA S - G2/G3,ALFA,0.0,ALFA (1° e 2° ano),0,0.0,False,0.0,Adequado,0.0,Topázio,8.8177,10.0,8.3,9.8,8.0,7.52,6.875,9.84,8.3,8.2,,,,,,,
RA-985,2023,Aluno-985,2015,2015-08-23,8.0,Masculino,2023,Pública,,,ALFA,0.0,ALFA,ALFA S - G2/G3,ALFA,0.0,ALFA (1° e 2° ano),0,0.0,False,0.0,Adequado,0.0,Ametista,7.6247,10.0,6.8,9.3,9.0,2.52,5.625,8.5,7.3,6.2,,,,,,,
RA-986,2023,Aluno-986,2015,2015-06-15,8.0,Feminino,2023,Pública,,,ALFA,0.0,ALFA,ALFA S - G2/G3,ALFA,0.0,ALFA (1° e 2° ano),0,0.0,False,0.0,Adequado,0.0,Topázio,8.0107,10.0,8.3,9.1,9.5,2.52,5.625,8.83,8.3,8.3,,,,,,,
RA-987,2023,Aluno-987,2015,2015-07-26,8.0,Masculino,2023,Pública,,,ALFA,0.0,ALFA,ALFA S - G2/G3,ALFA,0.0,ALFA (1° e 2° ano),0,0.0,False,0.0,Adequado,0.0,Ametista,7.6765,10.0,7.3,9.8,0.0,6.27,6.875,9.76,7.5,7.0,,,,,,,
RA-988,2023,Aluno-988,2014,2014-02-05,9.0,Feminino,2023,Pública,,,ALFA,0.0,ALFA,ALFA S - G2/G3,FASE 1,1.0,Fase 1 (3° e 4° ano),-1,-1.0,False,-1.0,Defasado,1.0,Ametista,7.9568,5.0,8.5,8.1,7.9,7.52,6.25,9.84,8.5,8.5,,,,,,,
RA-989,2023,Aluno-989,2014,2014-09-18,9.0,Masculino,2023,Pública,,,ALFA,0.0,ALFA,ALFA S - G2/G3,FASE 1,1.0,Fase 1 (3° e 4° ano),-1,-1.0,False,-1.0,Defasado,1.0,Ametista,7.7242,5.0,8.3,8.1,9.5,2.52,7.5,10.01,8.7,7.8,,,,,,,
RA-677,2023,Aluno-677,2014,2014-04-28,9.0,Feminino,2021,Pública,,,ALFA,0.0,ALFA,ALFA T - G2/G3,FASE 1,1.0,Fase 1 (3° e 4° ano),-1,-1.0,False,-1.0,Defasado,1.0,Topázio,8.5257,5.0,8.7,8.2,10.0,10.0,6.875,9.84,9.0,8.3,,,,,,,
RA-990,2023,Aluno-990,2014,2014-12-06,9.0,Masculino,2023,Pública,,,ALFA,0.0,ALFA,ALFA T - G2/G3,FASE 1,1.0,Fase 1 (3° e 4° ano),-1,-1.0,False,-1.0,Defasado,1.0,Ametista,7.254,5.0,7.8,8.5,0.0,7.52,7.5,10.01,8.3,7.2,,,,,,,
RA-991,2023,Aluno-991,2014,2014-04-30,9.0,Feminino,2023,Pública,,,ALFA,0.0,ALFA,ALFA T - G2/G3,FASE 1,1.0,Fase 1 (3° e 4° ano),-1,-1.0,False,-1.0,Defasado,1.0,Ametista,7.7687,5.0,7.7,9.1,10.0,3.14,6.875,9.585,8.0,7.3,,,,,,,
RA-992,2023,Aluno-992,2012,2012-12-13,10.0,Masculino,2023,Pública,,,ALFA,0.0,ALFA,ALFA T - G2/G3,FASE 2,2.0,Fase 2 (5° e 6° ano),-2,-2.0,False,-2.0,Defasado,1.0,Ametista,7.2722,5.0,8.0,8.2,9.5,3.14,5.0,8.84,8.2,7.8,,,,,,,
RA-703,2023,Aluno-703,2012,2012-06-25,11.0,Masculino,2021,Pública,,,ALFA,0.0,ALFA,ALFA T - G2/G3,FASE 2,2.0,Fase 2 (5° e 6° ano),-2,-2.0,False,-2.0,Defasado,1.0,Ágata,6.2737,5.0,4.6,8.4,9.5,3.14,6.875,6.16,4.8,4.3,,,,,,,
RA-993,2023,Aluno-993,2015,2015-10-13,8.0,Feminino,2023,Pública,,,ALFA,0.0,ALFA,ALFA T - G2/G3,ALFA,0.0,ALFA (1° e 2° ano),0,0.0,False,0.0,Adequado,0.0,Topázio,8.7592,10.0,8.6,9.8,9.5,3.77,7.5,10.01,8.5,8.7,,,,,,,
RA-674,2023,Aluno-674,2014,2014-09-24,9.0,Masculino,2022,Pública,,,ALFA,0.0,ALFA,ALFA T - G2/G3,FASE 1,1.0,Fase 1 (3° e 4° ano),-1,-1.0,False,-1.0,Defasado,1.0,Ágata,6.6328,5.0,5.2,8.5,7.9,3.77,5.0,8.67,5.3,5.0,,,,,,,
RA-994,2023,Aluno-994,2014,2014-12-18,8.0,Feminino,2023,Pública,,,ALFA,0.0,ALFA,ALFA T - G2/G3,ALFA,0.0,ALFA (1° e 2° ano),0,0.0,False,0.0,Adequado,0.0,Ametista,7.4127,10.0,6.0,9.4,9.5,3.77,5.625,7.265,6.2,5.7,,,,,,,
RA-995,2023,Aluno-995,2012,2012-02-04,11.0,Feminino,2023,Pública,,,ALFA,0.0,ALFA,ALFA T - G2/G3,FASE 2,2.0,Fase 2 (5° e 6° ano),-2,-2.0,False,-2.0,Defasado,1.0,Ágata,6.4782,5.0,5.1,7.9,9.5,3.77,6.25,7.18,5.3,4.8,,,,,,,
RA-996,2023,Aluno-996,2014,2014-02-21,9.0,Masculino,2023,Pública,,,ALFA,0.0,ALFA,ALFA T - G2/G3,FASE 1,1.0,Fase 1 (3° e 4° ano),-1,-1.0,False,-1.0,Defasado,1.0,Topázio,8.1892,5.0,8.6,9.2,10.0,3.77,7.5,10.01,8.7,8.5,,,,,,,
RA-997,2023,Aluno-997,2015,2015-04-25,8.0,Masculino,2023,Pública,,,ALFA,0.0,ALFA,ALFA T - G2/G3,ALFA,0.0,ALFA (1° e 2° ano),0,0.0,False,0.0,Adequado,0.0,Ametista,7.5687,10.0,7.1,8.7,7.5,3.77,5.625,8.595,7.2,7.0,,,,,,,
RA-998,2023,Aluno-998,2012,2012-10-20,11.0,Feminino,2023,Pública,,,ALFA,0.0,ALFA,ALFA U - G2/G3,FASE 2,2.0,Fase 2 (5° e 6° ano),-2,-2.0,False,-2.0,Defasado,1.0,Ametista,7.9752,5.0,7.9,9.3,9.5,3.77,7.5,9.84,8.0,7.7,,,,,,,
RA-999,2023,Aluno-999,2014,2014-04-07,9.0,Masculino,2023,Pública,,,ALFA,0.0,ALFA,ALFA U - G2/G3,FASE 1,1.0,Fase 1 (3° e 4° ano),-1,-1.0,False,-1.0,Defasado,1.0,Topázio,8.0352,5.0,8.3,9.4,9.0,3.77,7.5,9.84,8.3,8.3,,,,,,,
RA-750,2023,Aluno-750,2012,2012-06-03,11.0,Masculino,2019,Pública,,,ALFA,0.0,ALFA,ALFA U - G2/G3,FASE 2,2.0,Fase 2 (5° e 6° ano),-2,-2.0,False,-2.0,Defasado,1.0,Quartzo,5.6857,5.0,3.4,7.7,9.5,3.14,4.375,6.32,3.3,3.5,,,,,,,
RA-770,2023,Aluno-770,2015,2015-07-06,8.0,Masculino,2022,Pública,,,ALFA,0.0,ALFA,ALFA U - G2/G3,ALFA,0.0,ALFA (1° e 2° ano),0,0.0,False,0.0,Adequado,0.0,Ágata,6.6785,10.0,5.9,8.3,0.0,3.77,6.875,8.92,6.0,5.7,,,,,,,
RA-771,2023,Aluno-771,2015,2015-05-11,7.0,Feminino,2022,Pública,,,ALFA,0.0,ALFA,ALFA U - G2/G3,ALFA,0.0,ALFA (1° e 2° ano),0,0.0,False,0.0,Adequado,0.0,Ametista,7.056,10.0,8.2,8.8,0.0,3.14,6.25,8.585,8.2,8.2,,,,,,,
RA-1000,2023,Aluno-1000,2015,2015-04-20,8.0,Feminino,2023,Pública,,,ALFA,0.0,ALFA,ALFA U - G2/G3,ALFA,0.0,ALFA (1° e 2° ano),0,0.0,False,0.0,Adequado,0.0,Ametista,7.9162,10.0,7.0,9.4,8.5,3.77,6.25,8.92,7.0,7.0,,,,,,,
RA-830,2023,Aluno-830,2013,2013-10-30,9.0,Feminino,2022,Pública,,,ALFA,0.0,ALFA,ALFA U - G2/G3,FASE 1,1.0,Fase 1 (3° e 4° ano),-1,-1.0,False,-1.0,Defasado,1.0,Ágata,6.78,5.0,8.3,8.9,0.0,3.14,6.25,9.505,8.3,8.3,,,,,,,
RA-1001,2023,Aluno-1001,2014,2014-03-13,9.0,Feminino,2023,Pública,,,ALFA,0.0,ALFA,ALFA U - G2/G3,FASE 1,1.0,Fase 1 (3° e 4° ano),-1,-1.0,False,-1.0,Defasado,1.0,Topázio,8.1162,5.0,7.8,9.1,9.0,7.52,7.5,9.17,8.3,7.3,,,,,,,
RA-1002,2023,Aluno-1002,2014,2014-07-13,9.0,Feminino,2023,Pública,,,ALFA,0.0,ALFA,ALFA U - G2/G3,FASE 1,1.0,Fase 1 (3° e 4° ano),-1,-1.0,False,-1.0,Defasado,1.0,Ametista,7.9012,5.0,7.0,9.7,9.0,7.52,6.25,8.92,7.0,7.0,,,,,,,
RA-1003,2023,Aluno-1003,2015,2015-01-22,8.0,Masculino,2023,Pública,,,ALFA,0.0,ALFA,ALFA V - G0/G1,ALFA,0.0,ALFA (1° e 2° ano),0,0.0,False,0.0,Adequado,0.0,Ametista,7.6522,10.0,4.0,8.5,9.0,7.52,7.5,8.75,8.0,0.0,,,,,,,
RA-835,2023,Aluno-835,2014,2014-12-26,8.0,Masculino,2022,Pública,,,ALFA,0.0,ALFA,ALFA V - G0/G1,ALFA,0.0,ALFA (1° e 2° ano),0,0.0,False,0.0,Adequado,0.0,Topázio,8.2467,10.0,8.7,8.5,8.0,7.52,6.875,7.835,8.5,8.9,,,,,,,
RA-1004,2023,Aluno-1004,2014,2014-12-29,8.0,Feminino,2023,Pública,,,ALFA,0.0,ALFA,ALFA V - G0/G1,ALFA,0.0,ALFA (1° e 2° ano),0,0.0,False,0.0,Adequado,0.0,Topázio,8.3137,10.0,7.9,9.6,9.0,7.52,6.875,7.42,6.5,9.2,,,,,,,
RA-1005,2023,Aluno-1005,2015,2015-07-16,8.0,Masculino,2023,Pública,,,ALFA,0.0,ALFA,ALFA V - G0/G1,ALFA,0.0,ALFA (1° e 2° ano),0,0.0,False,0.0,Adequado,0.0,Topázio,8.4252,10.0,8.8,7.9,9.5,7.52,7.5,8.165,8.4,9.2,,,,,,,
RA-1006,2023,Aluno-1006,2015,2015-05-24,8.0,Feminino,2023,Pública,,,ALFA,0.0,ALFA,ALFA V - G0/G1,ALFA,0.0,ALFA (1° e 2° ano),0,0.0,False,0.0,Adequado,0.0,Topázio,8.5922,10.0,8.7,9.3,9.0,7.52,7.5,8.0,8.7,8.6,,,,,,,
RA-705,2023,Aluno-705,2012,2012-10-29,10.0,Masculino,2022,Pública,,,ALFA,0.0,ALFA,ALFA V - G0/G1,FASE 2,2.0,Fase 2 (5° e 6° ano),-2,-2.0,False,-2.0,Defasado,1.0,Ágata,6.982,5.0,8.8,8.3,0.0,6.89,7.5,8.165,8.9,8.6,,,,,,,
RA-1007,2023,Aluno-1007,2015,2015-06-01,8.0,Masculino,2023,Pública,,,ALFA,0.0,ALFA,ALFA V - G0/G1,ALFA,0.0,ALFA (1° e 2° ano),0,0.0,False,0.0,Adequado,0.0,Topázio,8.0782,10.0,8.3,7.4,9.0,7.52,7.5,7.68,8.1,8.5,,,,,,,
RA-1008,2023,Aluno-1008,2015,2015-05-22,8.0,Masculino,2023,Pública,,,ALFA,0.0,ALFA,ALFA V - G0/G1,ALFA,0.0,ALFA (1° e 2° ano),0,0.0,False,0.0,Adequado,0.0,Topázio,8.13595,10.0,8.4,8.6,9.0,7.52,5.9375,7.5,7.5,9.2,,,,,,,
RA-729,2023,Aluno-729,2014,2014-03-09,9.0,Feminino,2022,Pública,,,ALFA,0.0,ALFA,ALFA V - G0/G1,FASE 1,1.0,Fase 1 (3° e 4° ano),-1,-1.0,False,-1.0,Defasado,1.0,Ametista,7.26545,5.0,8.6,9.1,8.0,3.77,6.5625,7.01,8.2,8.9,,,,,,,
RA-1009,2023,Aluno-1009,2015,2015-03-27,8.0,Masculino,2023,Pública,,,ALFA,0.0,ALFA,ALFA Y - G0/G1,ALFA,0.0,ALFA (1° e 2° ano),0,0.0,False,0.0,Adequado,0.0,Ametista,7.245,10.0,8.8,9.0,0.0,3.77,7.5,7.84,8.3,9.2,,,,,,,
RA-1010,2023,Aluno-1010,2015,2015-01-14,8.0,Masculino,2023,Pública,,,ALFA,0.0,ALFA,ALFA Y - G0/G1,ALFA,0.0,ALFA (1° e 2° ano),0,0.0,False,0.0,Adequado,0.0,Topázio,8.70645,10.0,9.4,10.0,9.5,3.77,7.8125,8.59,9.0,9.8,,,,,,,
RA-1011,2023,Aluno-1011,2015,2015-03-11,7.0,Masculino,2023,Pública,,,ALFA,0.0,ALFA,ALFA Y - G0/G1,ALFA,0.0,ALFA (1° e 2° ano),0,0.0,False,0.0,Adequado,0.0,Ametista,7.33095,10.0,5.2,8.6,9.5,3.77,7.1875,7.675,5.5,4.8,,,,,,,
RA-1012,2023,Aluno-1012,2015,2015-05-18,8.0,Feminino,2023,Pública,,,ALFA,0.0,ALFA,ALFA Y - G0/G1,ALFA,0.0,ALFA (1° e 2° ano),0,0.0,False,0.0,Adequado,0.0,Ametista,7.96495,10.0,6.6,9.9,10.0,3.77,7.1875,7.845,7.0,6.2,,,,,,,
RA-1013,2023,Aluno-1013,2015,2015-12-25,7.0,Masculino,2023,Pública,,,ALFA,0.0,ALFA,ALFA Y - G0/G1,ALFA,0.0,ALFA (1° e 2° ano),0,0.0,False,0.0,Adequado,0.0,Ametista,7.6237,10.0,8.3,9.6,9.0,4.39,5.625,5.76,7.0,9.5,,,,,,,
RA-1014,2023,Aluno-1014,2016,2016-05-02,7.0,Feminino,2023,Pública,,,ALFA,0.0,ALFA,ALFA Y - G0/G1,ALFA,0.0,ALFA (1° e 2° ano),0,0.0,False,0.0,Adequado,0.0,Topázio,8.2582,10.0,8.2,9.7,9.0,3.77,7.5,8.255,7.7,8.7,,,,,,,
RA-1015,2023,Aluno-1015,2013,2013-06-24,10.0,Feminino,2023,Pública,,,FASE 1,1.0,FASE 1,1A,FASE 2,2.0,Fase 2 (5° e 6° ano),-1,-1.0,False,-1.0,Defasado,1.0,Ametista,7.538908333,5.0,6.3,9.3,10.0,6.27,7.34375,7.786666667,5.0,7.6,,,,,,,
RA-734,2023,Aluno-734,2012,2012-10-14,11.0,Feminino,2022,Pública,,,FASE 1,1.0,FASE 1,1A,FASE 2,2.0,Fase 2 (5° e 6° ano),-1,-1.0,False,-1.0,Defasado,1.0,Ametista,7.305908333,5.0,6.9,8.0,8.5,7.52,7.34375,7.446666667,6.8,7.0,,,,,,,
RA-687,2023,Aluno-687,2013,2013-01-26,10.0,Masculino,2022,Pública,,,FASE 1,1.0,FASE 1,1A,FASE 2,2.0,Fase 2 (5° e 6° ano),-1,-1.0,False,-1.0,Defasado,1.0,Ametista,7.617533333,5.0,6.9,9.0,8.0,7.52,7.5,8.226666667,6.7,7.0,,,,,,,
RA-1016,2023,Aluno-1016,2013,2013-03-14,10.0,Feminino,2023,Pública,,,FASE 1,1.0,FASE 1,1A,FASE 2,2.0,Fase 2 (5° e 6° ano),-1,-1.0,False,-1.0,Defasado,1.0,Ametista,7.762575,5.0,6.7,9.5,10.0,7.52,7.34375,7.73,5.8,7.5,,,,,,,
RA-1017,2023,Aluno-1017,2012,2012-01-10,11.0,Masculino,2023,Pública,,,FASE 1,1.0,FASE 1,1A,FASE 2,2.0,Fase 2 (5° e 6° ano),-1,-1.0,False,-1.0,Defasado,1.0,Ágata,6.505333333,5.0,7.7,8.0,0.0,5.02,7.5,8.116666667,7.0,8.3,,,,,,,
RA-688,2023,Aluno-688,2013,2013-08-20,10.0,Masculino,2022,Pública,,,FASE 1,1.0,FASE 1,1A,FASE 2,2.0,Fase 2 (5° e 6° ano),-1,-1.0,False,-1.0,Defasado,1.0,Topázio,8.0442,5.0,8.6,9.3,8.5,7.52,7.5,8.06,8.2,9.0,,,,,,,
RA-1018,2023,Aluno-1018,2013,2013-10-12,9.0,Masculino,2023,Pública,,,FASE 1,1.0,FASE 1,1A,FASE 1,1.0,Fase 1 (3° e 4° ano),0,0.0,False,0.0,Adequado,0.0,Ágata,6.824,10.0,6.3,8.5,0.0,5.02,7.5,8.06,5.8,6.8,,,,,,,
RA-696,2023,Aluno-696,2013,2013-05-12,9.0,Feminino,2021,Pública,,,FASE 1,1.0,FASE 1,1A,FASE 1,1.0,Fase 1 (3° e 4° ano),0,0.0,False,0.0,Adequado,0.0,Ametista,7.172666667,10.0,6.7,9.4,0.0,5.02,7.5,8.503333333,5.2,8.2,,,,,,,
RA-1019,2023,Aluno-1019,2015,2015-03-23,8.0,Feminino,2023,Pública,,,FASE 1,1.0,FASE 1,1A,ALFA,0.0,ALFA (1° e 2° ano),1,1.0,False,1.0,Adiantado,0.0,Ametista,7.177033333,10.0,4.3,9.1,7.5,5.02,6.875,7.836666667,0.5,8.0,,,,,,,
RA-514,2023,Aluno-514,2013,2013-05-05,10.0,Feminino,2022,Pública,,,FASE 1,1.0,FASE 1,1A,FASE 2,2.0,Fase 2 (5° e 6° ano),-1,-1.0,False,-1.0,Defasado,1.0,Quartzo,5.823133333,5.0,5.5,7.5,7.9,2.52,5.0,5.896666667,4.2,6.8,,,,,,,
RA-1020,2023,Aluno-1020,2014,2014-07-25,9.0,Feminino,2023,Pública,,,FASE 1,1.0,FASE 1,1A,FASE 1,1.0,Fase 1 (3° e 4° ano),0,0.0,False,0.0,Adequado,0.0,Ametista,7.612283333,10.0,6.1,9.1,10.0,2.52,7.1875,8.056666667,4.3,7.8,,,,,,,
RA-1021,2023,Aluno-1021,2014,2014-10-03,9.0,Masculino,2023,Pública,,,FASE 1,1.0,FASE 1,1A,FASE 1,1.0,Fase 1 (3° e 4° ano),0,0.0,False,0.0,Adequado,0.0,Ágata,6.964616667,10.0,3.3,9.2,8.0,3.77,7.1875,7.893333333,2.5,4.0,,,,,,,
RA-1022,2023,Aluno-1022,2014,2014-02-25,9.0,Masculino,2023,Pública,,,FASE 1,1.0,FASE 1,1A,FASE 1,1.0,Fase 1 (3° e 4° ano),0,0.0,False,0.0,Adequado,0.0,Ametista,7.164616667,10.0,4.7,8.5,8.5,3.77,7.1875,7.893333333,4.7,4.7,,,,,,,
RA-1023,2023,Aluno-1023,2014,2014-06-05,9.0,Feminino,2023,Pública,,,FASE 1,1.0,FASE 1,1A,FASE 1,1.0,Fase 1 (3° e 4° ano),0,0.0,False,0.0,Adequado,0.0,Topázio,9.1342,10.0,9.1,10.0,10.0,6.27,8.75,9.06,8.5,9.7,,,,,,,
RA-699,2023,Aluno-699,2013,2013-07-13,10.0,Masculino,2022,Pública,,,FASE 1,1.0,FASE 1,1A,FASE 2,2.0,Fase 2 (5° e 6° ano),-1,-1.0,False,-1.0,Defasado,1.0,Ágata,6.389991667,5.0,6.0,8.3,8.5,3.77,5.78125,6.173333333,5.7,6.2,,,,,,,
RA-480,2023,Aluno-480,2012,2012-10-20,11.0,Feminino,2021,Pública,,,FASE 1,1.0,FASE 1,1B,FASE 2,2.0,Fase 2 (5° e 6° ano),-1,-1.0,False,-1.0,Defasado,1.0,Topázio,8.226408333,5.0,7.9,9.7,10.0,7.52,7.96875,8.336666667,7.2,8.5,,,,,,,
RA-678,2023,Aluno-678,2013,2013-03-20,10.0,Masculino,2022,Pública,,,FASE 1,1.0,FASE 1,1B,FASE 2,2.0,Fase 2 (5° e 6° ano),-1,-1.0,False,-1.0,Defasado,1.0,Ametista,7.570158333,5.0,7.3,8.8,8.0,6.27,7.65625,8.336666667,6.8,7.7,,,,,,,
RA-1024,2023,Aluno-1024,2013,2013-05-17,10.0,Feminino,2023,Pública,,,FASE 1,1.0,FASE 1,1B,FASE 2,2.0,Fase 2 (5° e 6° ano),-1,-1.0,False,-1.0,Defasado,1.0,Ametista,7.788875,5.0,9.8,10.0,0.0,6.27,9.21875,8.95,10.0,9.5,,,,,,,
RA-502,2023,Aluno-502,2014,2014-05-24,9.0,Feminino,2021,Privada - Programa de Apadrinhamento,,,FASE 1,1.0,FASE 1,1B,FASE 1,1.0,Fase 1 (3° e 4° ano),0,0.0,False,0.0,Adequado,0.0,Topázio,8.749075,10.0,8.0,9.8,8.5,7.52,7.96875,8.95,6.7,9.3,,,,,,,
RA-1025,2023,Aluno-1025,2013,2013-12-18,9.0,Masculino,2023,Pública,,,FASE 1,1.0,FASE 1,1B,FASE 1,1.0,Fase 1 (3° e 4° ano),0,0.0,False,0.0,Adequado,0.0,Topázio,8.215158333,10.0,7.5,8.9,8.5,7.52,7.65625,7.836666667,7.5,7.5,,,,,,,
RA-680,2023,Aluno-680,2012,2012-05-02,11.0,Feminino,2019,Pública,,,FASE 1,1.0,FASE 1,1B,FASE 2,2.0,Fase 2 (5° e 6° ano),-1,-1.0,False,-1.0,Defasado,1.0,Ágata,6.5855,5.0,6.4,9.1,0.0,7.52,6.875,7.78,5.2,7.5,,,,,,,
RA-1026,2023,Aluno-1026,2009,2009-11-06,14.0,Feminino,2023,Pública,,,FASE 1,1.0,FASE 1,1B,FASE 4,4.0,Fase 4 (9° ano),-3,-3.0,False,-3.0,Defasado,1.0,Ágata,6.494825,2.5,3.2,9.8,8.5,7.52,6.40625,7.06,2.3,4.0,,,,,,,
RA-698,2023,Aluno-698,2013,2013-12-20,9.0,Masculino,2021,Pública,,,FASE 1,1.0,FASE 1,1B,FASE 1,1.0,Fase 1 (3° e 4° ano),0,0.0,False,0.0,Adequado,0.0,Ametista,7.553616667,10.0,5.7,9.9,8.5,2.52,7.1875,8.113333333,4.3,7.0,,,,,,,
RA-533,2023,Aluno-533,2012,2012-10-03,11.0,Masculino,2022,Pública,,,FASE 1,1.0,FASE 1,1B,FASE 2,2.0,Fase 2 (5° e 6° ano),-1,-1.0,False,-1.0,Defasado,1.0,Ametista,7.434866667,5.0,5.8,9.3,9.0,7.52,7.5,7.613333333,4.8,6.7,,,,,,,
RA-504,2023,Aluno-504,2013,2013-11-18,9.0,Feminino,2021,Pública,,,FASE 1,1.0,FASE 1,1B,FASE 1,1.0,Fase 1 (3° e 4° ano),0,0.0,False,0.0,Adequado,0.0,Topázio,8.299533333,10.0,7.9,8.3,8.0,7.52,7.5,8.836666667,6.5,9.2,,,,,,,
RA-1027,2023,Aluno-1027,2013,2013-04-25,10.0,Feminino,2023,Pública,,,FASE 1,1.0,FASE 1,1B,FASE 2,2.0,Fase 2 (5° e 6° ano),-1,-1.0,False,-1.0,Defasado,1.0,Ametista,7.748866667,5.0,6.0,9.7,9.5,7.52,7.5,8.333333333,4.2,7.7,,,,,,,
RA-529,2023,Aluno-529,2010,2010-01-07,13.0,Masculino,2020,Pública,,,FASE 1,1.0,FASE 1,1B,FASE 3,3.0,Fase 3 (7° e 8° ano),-2,-2.0,False,-2.0,Defasado,1.0,Ametista,7.278991667,5.0,6.8,9.6,8.0,7.52,5.78125,6.893333333,4.8,8.7,,,,,,,
RA-1028,2023,Aluno-1028,2012,2012-02-17,11.0,Masculino,2023,Pública,,,FASE 1,1.0,FASE 1,1B,FASE 2,2.0,Fase 2 (5° e 6° ano),-1,-1.0,False,-1.0,Defasado,1.0,Ágata,6.415708333,5.0,5.0,9.2,0.0,7.52,7.34375,7.946666667,5.0,5.0,,,,,,,
RA-686,2023,Aluno-686,2013,2013-04-19,10.0,Feminino,2022,Pública,,,FASE 1,1.0,FASE 1,1C,FASE 2,2.0,Fase 2 (5° e 6° ano),-1,-1.0,False,-1.0,Defasado,1.0,Ametista,7.9642,5.0,8.0,9.0,8.5,7.52,7.5,8.56,7.3,8.7,,,,,,,
RA-1029,2023,Aluno-1029,2014,2014-02-22,9.0,Feminino,2023,Pública,,,FASE 1,1.0,FASE 1,1C,FASE 1,1.0,Fase 1 (3° e 4° ano),0,0.0,False,0.0,Adequado,0.0,Ametista,7.058533333,10.0,5.4,6.3,10.0,3.77,7.5,8.006666667,3.5,7.2,,,,,,,
RA-1030,2023,Aluno-1030,2012,2012-10-08,11.0,Masculino,2023,Pública,,,FASE 1,1.0,FASE 1,1C,FASE 2,2.0,Fase 2 (5° e 6° ano),-1,-1.0,False,-1.0,Defasado,1.0,Ametista,7.4027,5.0,6.9,9.7,8.5,3.77,6.875,8.39,6.2,7.5,,,,,,,
RA-522,2023,Aluno-522,2013,2013-08-01,10.0,Masculino,2021,Pública,,,FASE 1,1.0,FASE 1,1C,FASE 2,2.0,Fase 2 (5° e 6° ano),-1,-1.0,False,-1.0,Defasado,1.0,Ametista,7.890533333,5.0,8.3,9.2,7.5,7.52,7.083333333,8.45,8.3,8.2,,,,,,,
RA-501,2023,Aluno-501,2013,2013-10-20,10.0,Masculino,2021,Pública,,,FASE 1,1.0,FASE 1,1C,FASE 2,2.0,Fase 2 (5° e 6° ano),-1,-1.0,False,-1.0,Defasado,1.0,Topázio,8.1357,5.0,8.9,8.4,7.0,7.52,8.541666667,9.396666667,9.2,8.5,,,,,,,
RA-692,2023,Aluno-692,2013,2013-02-26,10.0,Feminino,2021,Privada,,,FASE 1,1.0,FASE 1,1C,FASE 2,2.0,Fase 2 (5° e 6° ano),-1,-1.0,False,-1.0,Defasado,1.0,Ágata,6.588466667,5.0,4.6,7.7,7.4,7.52,6.666666667,7.39,2.8,6.3,,,,,,,
RA-527,2023,Aluno-527,2013,2013-03-02,10.0,Feminino,2022,Pública,,,FASE 1,1.0,FASE 1,1C,FASE 2,2.0,Fase 2 (5° e 6° ano),-1,-1.0,False,-1.0,Defasado,1.0,Ametista,7.5682,5.0,6.5,9.1,9.0,7.52,7.5,7.78,5.7,7.2,,,,,,,
RA-1031,2023,Aluno-1031,2013,2013-03-13,10.0,Masculino,2023,Pública,,,FASE 1,1.0,FASE 1,1D,FASE 2,2.0,Fase 2 (5° e 6° ano),-1,-1.0,False,-1.0,Defasado,1.0,Ametista,7.0602,5.0,5.9,8.8,8.0,7.52,6.666666667,7.006666667,4.8,7.0,,,,,,,
RA-1032,2023,Aluno-1032,2013,2013-05-06,10.0,Masculino,2023,Pública,,,FASE 1,1.0,FASE 1,1D,FASE 2,2.0,Fase 2 (5° e 6° ano),-1,-1.0,False,-1.0,Defasado,1.0,Ametista,7.434033333,5.0,6.0,9.5,8.5,7.52,7.291666667,7.563333333,5.7,6.2,,,,,,,
RA-1033,2023,Aluno-1033,2012,2012-09-04,11.0,Feminino,2023,Pública,,,FASE 1,1.0,FASE 1,1D,FASE 2,2.0,Fase 2 (5° e 6° ano),-1,-1.0,False,-1.0,Defasado,1.0,Topázio,8.126033333,5.0,7.9,8.9,9.0,7.52,8.125,9.006666667,7.0,8.8,,,,,,,
RA-1034,2023,Aluno-1034,2013,2013-04-15,10.0,Masculino,2023,Pública,,,FASE 1,1.0,FASE 1,1D,FASE 2,2.0,Fase 2 (5° e 6° ano),-1,-1.0,False,-1.0,Defasado,1.0,Ametista,7.9642,5.0,8.3,9.0,7.5,7.52,8.333333333,8.393333333,7.8,8.7,,,,,,,
RA-1035,2023,Aluno-1035,2014,2014-01-31,9.0,Masculino,2023,Pública,,,FASE 1,1.0,FASE 1,1D,FASE 1,1.0,Fase 1 (3° e 4° ano),0,0.0,False,0.0,Adequado,0.0,Ágata,6.888833333,10.0,5.8,8.3,0.0,7.52,7.708333333,7.78,4.0,7.5,,,,,,,
RA-730,2023,Aluno-730,2012,2012-12-17,10.0,Feminino,2021,Privada,,,FASE 1,1.0,FASE 1,1F,FASE 2,2.0,Fase 2 (5° e 6° ano),-1,-1.0,False,-1.0,Defasado,1.0,Ametista,7.979325,5.0,7.8,8.7,10.0,5.02,9.53125,8.67,7.8,7.7,,,,,,,
RA-855,2023,Aluno-855,2013,2013-11-23,9.0,Feminino,2022,Pública,,,FASE 1,1.0,FASE 1,1F,FASE 1,1.0,Fase 1 (3° e 4° ano),0,0.0,False,0.0,Adequado,0.0,Topázio,8.62995,10.0,6.8,10.0,9.5,7.52,8.4375,8.67,5.2,8.3,,,,,,,
RA-820,2023,Aluno-820,2013,2013-08-26,10.0,Masculino,2022,Pública,,,FASE 1,1.0,FASE 1,1F,FASE 2,2.0,Fase 2 (5° e 6° ano),-1,-1.0,False,-1.0,Defasado,1.0,Ametista,7.85605,5.0,8.9,7.4,7.9,7.52,9.0625,8.28,9.2,8.5,,,,,,,
RA-738,2023,Aluno-738,2014,2014-05-02,9.0,Feminino,2022,Pública,,,FASE 1,1.0,FASE 1,1F,FASE 1,1.0,Fase 1 (3° e 4° ano),0,0.0,False,0.0,Adequado,0.0,Topázio,8.123283333,10.0,6.0,9.3,8.0,7.52,8.4375,8.336666667,4.2,7.8,,,,,,,
RA-1036,2023,Aluno-1036,2012,2012-07-18,11.0,Feminino,2023,Pública,,,FASE 1,1.0,FASE 1,1F,FASE 2,2.0,Fase 2 (5° e 6° ano),-1,-1.0,False,-1.0,Defasado,1.0,Ágata,6.970583333,5.0,8.0,9.6,0.0,3.77,9.0625,8.336666667,9.0,7.0,,,,,,,
RA-1037,2023,Aluno-1037,2012,2012-11-19,10.0,Masculino,2023,Pública,,,FASE 1,1.0,FASE 1,1F,FASE 2,2.0,Fase 2 (5° e 6° ano),-1,-1.0,False,-1.0,Defasado,1.0,Ametista,7.655575,5.0,6.7,8.4,9.0,7.52,8.59375,8.17,5.0,8.3,,,,,,,
RA-576,2023,Aluno-576,2012,2012-08-23,11.0,Feminino,2022,Pública,,,FASE 1,1.0,FASE 1,1F,FASE 2,2.0,Fase 2 (5° e 6° ano),-1,-1.0,False,-1.0,Defasado,1.0,Ametista,7.984741667,5.0,8.0,9.3,9.0,5.02,9.21875,8.503333333,6.5,9.5,,,,,,,
RA-1038,2023,Aluno-1038,2013,2013-07-21,10.0,Feminino,2023,Privada,,,FASE 1,1.0,FASE 1,1F,FASE 2,2.0,Fase 2 (5° e 6° ano),-1,-1.0,False,-1.0,Defasado,1.0,Ametista,7.736825,5.0,6.5,9.3,8.0,7.52,8.90625,8.17,7.5,5.5,,,,,,,
RA-1039,2023,Aluno-1039,2011,2011-05-08,12.0,Masculino,2023,Pública,,,FASE 1,1.0,FASE 1,1F,FASE 3,3.0,Fase 3 (7° e 8° ano),-2,-2.0,False,-2.0,Defasado,1.0,Ametista,7.686033333,5.0,6.2,9.9,8.0,7.52,8.125,8.056666667,6.0,6.3,,,,,,,
RA-1040,2023,Aluno-1040,2011,2011-06-12,11.0,Masculino,2023,Pública,,,FASE 1,1.0,FASE 1,1F,FASE 2,2.0,Fase 2 (5° e 6° ano),-1,-1.0,False,-1.0,Defasado,1.0,Ametista,7.81545,5.0,6.6,9.3,10.0,7.52,7.8125,8.06,5.8,7.3,,,,,,,
RA-1041,2023,Aluno-1041,2013,2013-04-20,10.0,Feminino,2023,Pública,,,FASE 1,1.0,FASE 1,1F,FASE 2,2.0,Fase 2 (5° e 6° ano),-1,-1.0,False,-1.0,Defasado,1.0,Ágata,6.724116667,5.0,3.3,7.2,10.0,7.52,7.8125,8.003333333,1.8,4.7,,,,,,,
RA-733,2023,Aluno-733,2013,2013-12-19,9.0,Feminino,2022,Pública,,,FASE 1,1.0,FASE 1,1G,FASE 1,1.0,Fase 1 (3° e 4° ano),0,0.0,False,0.0,Adequado,0.0,Topázio,8.3342,10.0,6.2,8.7,10.0,7.52,8.333333333,8.893333333,4.3,8.0,,,,,,,
RA-837,2023,Aluno-837,2014,2014-07-04,9.0,Masculino,2022,Pública,,,FASE 1,1.0,FASE 1,1G,FASE 1,1.0,Fase 1 (3° e 4° ano),0,0.0,False,0.0,Adequado,0.0,Topázio,8.2712,10.0,7.0,9.3,9.0,7.52,7.916666667,7.836666667,6.3,7.7,,,,,,,
RA-519,2023,Aluno-519,2013,2013-05-19,10.0,Masculino,2022,Pública,,,FASE 1,1.0,FASE 1,1G,FASE 2,2.0,Fase 2 (5° e 6° ano),-1,-1.0,False,-1.0,Defasado,1.0,Topázio,8.0177,5.0,7.4,9.9,9.0,7.52,7.708333333,8.223333333,7.5,7.2,,,,,,,
RA-521,2023,Aluno-521,2013,2013-12-03,10.0,Masculino,2022,Pública,,,FASE 1,1.0,FASE 1,1G,FASE 2,2.0,Fase 2 (5° e 6° ano),-1,-1.0,False,-1.0,Defasado,1.0,Ágata,6.768666667,5.0,7.9,9.9,0.0,3.77,7.083333333,8.166666667,7.0,8.7,,,,,,,
RA-1042,2023,Aluno-1042,2013,2013-05-07,10.0,Masculino,2023,Pública,,,FASE 1,1.0,FASE 1,1G,FASE 2,2.0,Fase 2 (5° e 6° ano),-1,-1.0,False,-1.0,Defasado,1.0,Quartzo,5.331166667,5.0,4.3,6.5,0.0,3.77,7.708333333,7.666666667,4.0,4.5,,,,,,,
RA-713,2023,Aluno-713,2013,2013-02-26,10.0,Masculino,2021,Pública,,,FASE 1,1.0,FASE 1,1G,FASE 2,2.0,Fase 2 (5° e 6° ano),-1,-1.0,False,-1.0,Defasado,1.0,Ametista,7.408033333,5.0,7.5,9.6,8.0,3.77,6.875,8.166666667,6.7,8.2,,,,,,,
RA-736,2023,Aluno-736,2012,2012-11-19,10.0,Masculino,2022,Pública,,,FASE 1,1.0,FASE 1,1G,FASE 2,2.0,Fase 2 (5° e 6° ano),-1,-1.0,False,-1.0,Defasado,1.0,Ametista,7.600033333,5.0,6.7,9.5,8.5,6.27,7.708333333,8.11,4.8,8.5,,,,,,,
RA-1043,2023,Aluno-1043,2013,2013-06-29,10.0,Masculino,2023,Pública,,,FASE 1,1.0,FASE 1,1G,FASE 2,2.0,Fase 2 (5° e 6° ano),-1,-1.0,False,-1.0,Defasado,1.0,Ágata,6.5447,5.0,2.5,7.9,10.0,6.27,7.708333333,7.833333333,2.0,3.0,,,,,,,
RA-716,2023,Aluno-716,2013,2013-03-23,10.0,Masculino,2022,Pública,,,FASE 1,1.0,FASE 1,1G,FASE 2,2.0,Fase 2 (5° e 6° ano),-1,-1.0,False,-1.0,Defasado,1.0,Ágata,6.813366667,5.0,5.6,8.7,9.0,3.77,6.875,7.443333333,5.0,6.2,,,,,,,
RA-1044,2023,Aluno-1044,2013,2013-04-24,10.0,Feminino,2023,Pública,,,FASE 1,1.0,FASE 1,1G,FASE 2,2.0,Fase 2 (5° e 6° ano),-1,-1.0,False,-1.0,Defasado,1.0,Ametista,7.629533333,5.0,6.1,9.7,8.0,7.52,7.5,8.336666667,4.5,7.7,,,,,,,
RA-745,2023,Aluno-745,2013,2013-04-08,10.0,Masculino,2021,Privada - Programa de Apadrinhamento,,,FASE 1,1.0,FASE 1,1G,FASE 2,2.0,Fase 2 (5° e 6° ano),-1,-1.0,False,-1.0,Defasado,1.0,Ametista,7.668366667,5.0,7.0,9.3,9.5,3.77,8.125,8.893333333,5.7,8.2,,,,,,,
RA-717,2023,Aluno-717,2012,2012-08-17,11.0,Feminino,2021,Pública,,,FASE 1,1.0,FASE 1,1G,FASE 2,2.0,Fase 2 (5° e 6° ano),-1,-1.0,False,-1.0,Defasado,1.0,Ágata,6.633833333,5.0,5.9,8.5,0.0,7.52,8.125,8.446666667,5.5,6.3,,,,,,,
RA-718,2023,Aluno-718,2014,2014-11-08,9.0,Feminino,2022,Pública,,,FASE 1,1.0,FASE 1,1G,FASE 1,1.0,Fase 1 (3° e 4° ano),0,0.0,False,0.0,Adequado,0.0,Topázio,8.166866667,10.0,7.8,9.1,9.5,3.77,7.916666667,8.39,6.3,9.2,,,,,,,
RA-721,2023,Aluno-721,2014,2014-03-20,9.0,Feminino,2021,Pública,,,FASE 1,1.0,FASE 1,1G,FASE 1,1.0,Fase 1 (3° e 4° ano),0,0.0,False,0.0,Adequado,0.0,Topázio,8.683366667,10.0,8.4,9.5,8.5,7.52,8.125,8.443333333,7.5,9.3,,,,,,,
RA-746,2023,Aluno-746,2014,2014-09-04,9.0,Masculino,2022,Pública,,,FASE 1,1.0,FASE 1,1G,FASE 1,1.0,Fase 1 (3° e 4° ano),0,0.0,False,0.0,Adequado,0.0,Ágata,6.517166667,10.0,7.2,8.0,0.0,3.77,6.875,7.113333333,6.0,8.3,,,,,,,
RA-1045,2023,Aluno-1045,2012,2012-08-18,11.0,Feminino,2023,Pública,,,FASE 1,1.0,FASE 1,1H,FASE 2,2.0,Fase 2 (5° e 6° ano),-1,-1.0,False,-1.0,Defasado,1.0,Topázio,8.089033333,5.0,7.9,9.4,9.5,7.52,7.708333333,8.28,6.8,9.0,,,,,,,
RA-483,2023,Aluno-483,2011,2011-09-30,12.0,Feminino,2019,Pública,,,FASE 1,1.0,FASE 1,1H,FASE 3,3.0,Fase 3 (7° e 8° ano),-2,-2.0,False,-2.0,Defasado,1.0,Ágata,6.3972,5.0,5.6,6.0,9.0,2.52,7.916666667,8.166666667,5.0,6.2,,,,,,,
RA-1046,2023,Aluno-1046,2014,2014-01-18,9.0,Masculino,2023,Pública,,,FASE 1,1.0,FASE 1,1H,FASE 1,1.0,Fase 1 (3° e 4° ano),0,0.0,False,0.0,Adequado,0.0,Ágata,6.835833333,10.0,6.3,8.5,0.0,3.77,8.541666667,8.223333333,6.3,6.3,,,,,,,
RA-1047,2023,Aluno-1047,2014,2014-03-17,9.0,Masculino,2023,Pública,,,FASE 1,1.0,FASE 1,1H,FASE 1,1.0,Fase 1 (3° e 4° ano),0,0.0,False,0.0,Adequado,0.0,Ametista,7.848366667,10.0,6.9,8.5,10.0,3.77,8.125,7.893333333,5.8,8.0,,,,,,,
RA-570,2023,Aluno-570,2012,2012-03-01,11.0,Feminino,2019,Pública,,,FASE 1,1.0,FASE 1,1H,FASE 2,2.0,Fase 2 (5° e 6° ano),-1,-1.0,False,-1.0,Defasado,1.0,Ágata,6.781033333,5.0,5.9,7.3,8.5,3.77,8.125,8.056666667,5.7,6.0,,,,,,,
RA-1048,2023,Aluno-1048,2013,2013-07-20,10.0,Feminino,2023,Privada,,,FASE 1,1.0,FASE 1,1H,FASE 2,2.0,Fase 2 (5° e 6° ano),-1,-1.0,False,-1.0,Defasado,1.0,Ametista,7.811366667,5.0,8.2,9.5,8.5,3.77,8.541666667,8.5,7.5,8.8,,,,,,,
RA-1049,2023,Aluno-1049,2013,2013-06-17,10.0,Masculino,2023,Pública,,,FASE 1,1.0,FASE 1,1H,FASE 2,2.0,Fase 2 (5° e 6° ano),-1,-1.0,False,-1.0,Defasado,1.0,Ametista,7.443366667,5.0,6.3,7.7,10.0,7.52,8.125,7.943333333,5.5,7.0,,,,,,,
RA-1050,2023,Aluno-1050,2012,2012-04-15,11.0,Masculino,2023,Pública,,,FASE 1,1.0,FASE 1,1H,FASE 2,2.0,Fase 2 (5° e 6° ano),-1,-1.0,False,-1.0,Defasado,1.0,Ametista,7.764366667,5.0,7.2,9.2,9.0,6.27,8.125,8.223333333,6.2,8.2,,,,,,,
RA-1051,2023,Aluno-1051,2014,2014-01-14,9.0,Feminino,2023,Pública,,,FASE 1,1.0,FASE 1,1H,FASE 1,1.0,Fase 1 (3° e 4° ano),0,0.0,False,0.0,Adequado,0.0,Topázio,8.534866667,10.0,8.4,8.9,8.5,6.27,8.75,8.613333333,7.0,9.8,,,,,,,
RA-707,2023,Aluno-707,2012,2012-01-03,11.0,Feminino,2020,Pública,,,FASE 1,1.0,FASE 1,1H,FASE 2,2.0,Fase 2 (5° e 6° ano),-1,-1.0,False,-1.0,Defasado,1.0,Ágata,6.518,5.0,6.5,9.8,0.0,3.77,7.916666667,7.946666667,5.5,7.5,,,,,,,
RA-1052,2023,Aluno-1052,2014,2014-04-06,9.0,Masculino,2023,Pública,,,FASE 1,1.0,FASE 1,1H,FASE 1,1.0,Fase 1 (3° e 4° ano),0,0.0,False,0.0,Adequado,0.0,Ágata,6.960333333,10.0,5.3,9.0,0.0,7.52,7.916666667,7.833333333,5.0,5.5,,,,,,,
RA-580,2023,Aluno-580,2012,2012-02-15,11.0,Feminino,2020,Pública,,,FASE 1,1.0,FASE 1,1H,FASE 2,2.0,Fase 2 (5° e 6° ano),-1,-1.0,False,-1.0,Defasado,1.0,Topázio,8.4712,5.0,9.0,9.8,8.5,7.52,8.75,8.67,8.7,9.3,,,,,,,
RA-581,2023,Aluno-581,2012,2012-02-24,11.0,Masculino,2019,Pública,,,FASE 1,1.0,FASE 1,1H,FASE 2,2.0,Fase 2 (5° e 6° ano),-1,-1.0,False,-1.0,Defasado,1.0,Ametista,7.7167,5.0,7.9,9.8,8.0,7.52,6.458333333,7.393333333,7.0,8.8,,,,,,,
RA-735,2023,Aluno-735,2012,2012-06-29,11.0,Feminino,2021,Pública,,,FASE 1,1.0,FASE 1,1J,FASE 2,2.0,Fase 2 (5° e 6° ano),-1,-1.0,False,-1.0,Defasado,1.0,Ametista,7.184,5.0,8.1,9.0,0.0,7.52,8.333333333,8.393333333,7.7,8.5,,,,,,,
RA-710,2023,Aluno-710,2012,2012-01-03,11.0,Masculino,2020,Pública,,,FASE 1,1.0,FASE 1,1J,FASE 2,2.0,Fase 2 (5° e 6° ano),-1,-1.0,False,-1.0,Defasado,1.0,Ametista,7.0582,5.0,6.5,9.0,9.5,3.77,7.083333333,7.113333333,5.7,7.3,,,,,,,
RA-712,2023,Aluno-712,2011,2011-03-13,12.0,Masculino,2019,Pública,,,FASE 1,1.0,FASE 1,1J,FASE 3,3.0,Fase 3 (7° e 8° ano),-2,-2.0,False,-2.0,Defasado,1.0,Ágata,6.331533333,5.0,6.7,5.6,9.5,3.14,7.5,6.836666667,5.5,7.8,,,,,,,
RA-549,2023,Aluno-549,2012,2012-07-05,11.0,Masculino,2021,Pública,,,FASE 1,1.0,FASE 1,1J,FASE 2,2.0,Fase 2 (5° e 6° ano),-1,-1.0,False,-1.0,Defasado,1.0,Ametista,7.0297,5.0,6.4,8.1,9.5,5.02,6.875,7.5,5.5,7.2,,,,,,,
RA-679,2023,Aluno-679,2012,2012-03-16,11.0,Masculino,2020,Pública,,,FASE 1,1.0,FASE 1,1J,FASE 2,2.0,Fase 2 (5° e 6° ano),-1,-1.0,False,-1.0,Defasado,1.0,Ágata,6.138366667,5.0,3.6,7.5,7.5,5.02,6.875,7.393333333,2.0,5.2,,,,,,,
RA-571,2023,Aluno-571,2011,2011-09-18,12.0,Feminino,2019,Privada,,,FASE 1,1.0,FASE 1,1J,FASE 3,3.0,Fase 3 (7° e 8° ano),-2,-2.0,False,-2.0,Defasado,1.0,Ágata,6.6097,5.0,5.0,7.9,9.0,3.77,7.291666667,7.616666667,3.8,6.2,,,,,,,
RA-714,2023,Aluno-714,2011,2011-06-30,12.0,Masculino,2019,Pública,,,FASE 1,1.0,FASE 1,1J,FASE 3,3.0,Fase 3 (7° e 8° ano),-2,-2.0,False,-2.0,Defasado,1.0,Ágata,6.078666667,5.0,7.4,8.0,0.0,3.14,7.5,7.223333333,6.7,8.0,,,,,,,
RA-737,2023,Aluno-737,2013,2013-10-29,9.0,Feminino,2022,Pública,,,FASE 1,1.0,FASE 1,1J,FASE 1,1.0,Fase 1 (3° e 4° ano),0,0.0,False,0.0,Adequado,0.0,Topázio,8.048033333,10.0,7.5,7.8,9.5,7.52,7.291666667,7.783333333,7.0,8.0,,,,,,,
RA-577,2023,Aluno-577,2012,2012-03-25,11.0,Feminino,2022,Pública,,,FASE 1,1.0,FASE 1,1J,FASE 2,2.0,Fase 2 (5° e 6° ano),-1,-1.0,False,-1.0,Defasado,1.0,Ametista,7.219366667,5.0,7.4,8.2,10.0,3.77,6.875,7.673333333,6.5,8.3,,,,,,,
RA-1053,2023,Aluno-1053,2014,2014-08-18,9.0,Masculino,2023,Pública,,,FASE 1,1.0,FASE 1,1J,FASE 1,1.0,Fase 1 (3° e 4° ano),0,0.0,False,0.0,Adequado,0.0,Ametista,7.776166667,10.0,8.6,9.1,0.0,6.27,8.958333333,8.616666667,7.8,9.3,,,,,,,
RA-731,2023,Aluno-731,2012,2012-04-24,11.0,Feminino,2019,Pública,,,FASE 1,1.0,FASE 1,1J,FASE 2,2.0,Fase 2 (5° e 6° ano),-1,-1.0,False,-1.0,Defasado,1.0,Ágata,6.7742,5.0,6.8,7.6,8.5,3.14,7.5,7.45,6.2,7.3,,,,,,,
RA-552,2023,Aluno-552,2011,2011-09-02,12.0,Masculino,2022,Pública,,,FASE 1,1.0,FASE 1,1J,FASE 3,3.0,Fase 3 (7° e 8° ano),-2,-2.0,False,-2.0,Defasado,1.0,Quartzo,5.248666667,5.0,6.4,5.6,0.0,3.14,6.666666667,6.89,6.5,6.2,,,,,,,
RA-1054,2023,Aluno-1054,2010,2010-02-12,12.0,Masculino,2023,Pública,,,FASE 1,1.0,FASE 1,1J,FASE 3,3.0,Fase 3 (7° e 8° ano),-2,-2.0,False,-2.0,Defasado,1.0,Ametista,7.459533333,5.0,6.6,8.6,8.5,7.52,7.5,7.836666667,5.0,8.2,,,,,,,
RA-1055,2023,Aluno-1055,2012,2012-02-18,11.0,Masculino,2023,Pública,,,FASE 1,1.0,FASE 1,1J,FASE 2,2.0,Fase 2 (5° e 6° ano),-1,-1.0,False,-1.0,Defasado,1.0,Quartzo,5.9765,5.0,5.5,7.2,0.0,7.52,7.291666667,7.276666667,6.0,5.0,,,,,,,
RA-597,2023,Aluno-597,2013,2013-02-21,10.0,Masculino,2022,Pública,,,FASE 1,1.0,FASE 1,1K,FASE 2,2.0,Fase 2 (5° e 6° ano),-1,-1.0,False,-1.0,Defasado,1.0,Topázio,8.49045,5.0,8.5,9.6,10.0,7.52,9.0625,8.56,7.8,9.2,,,,,,,
RA-624,2023,Aluno-624,2012,2012-02-08,11.0,Masculino,2022,Pública,,,FASE 1,1.0,FASE 1,1K,FASE 2,2.0,Fase 2 (5° e 6° ano),-1,-1.0,False,-1.0,Defasado,1.0,Topázio,8.270825,5.0,8.6,9.2,9.0,7.52,8.90625,8.39,8.3,8.8,,,,,,,
RA-776,2023,Aluno-776,2013,2013-02-06,10.0,Feminino,2022,Privada - Programa de Apadrinhamento,,,FASE 1,1.0,FASE 1,1K,FASE 2,2.0,Fase 2 (5° e 6° ano),-1,-1.0,False,-1.0,Defasado,1.0,Quartzo,5.567916667,5.0,3.5,7.0,0.0,7.52,7.8125,7.223333333,4.2,2.7,,,,,,,
RA-600,2023,Aluno-600,2013,2013-03-15,10.0,Feminino,2021,Pública,,,FASE 1,1.0,FASE 1,1K,FASE 2,2.0,Fase 2 (5° e 6° ano),-1,-1.0,False,-1.0,Defasado,1.0,Ametista,7.651658333,5.0,7.2,8.4,8.5,7.52,8.28125,8.056666667,6.5,7.8,,,,,,,
RA-1056,2023,Aluno-1056,2014,2014-04-30,9.0,Masculino,2023,Pública,,,FASE 1,1.0,FASE 1,1K,FASE 1,1.0,Fase 1 (3° e 4° ano),0,0.0,False,0.0,Adequado,0.0,Topázio,8.551741667,10.0,8.1,9.6,8.5,7.52,7.96875,8.113333333,7.8,8.3,,,,,,,
RA-791,2023,Aluno-791,2011,2011-02-10,12.0,Feminino,2022,Pública,,,FASE 1,1.0,FASE 1,1K,FASE 3,3.0,Fase 3 (7° e 8° ano),-2,-2.0,False,-2.0,Defasado,1.0,Ágata,6.247916667,5.0,5.3,8.1,0.0,7.52,7.8125,7.723333333,6.0,4.5,,,,,,,
RA-601,2023,Aluno-601,2014,2014-06-19,9.0,Masculino,2021,Pública,,,FASE 1,1.0,FASE 1,1K,FASE 1,1.0,Fase 1 (3° e 4° ano),0,0.0,False,0.0,Adequado,0.0,Topázio,8.955783333,10.0,8.7,10.0,9.0,7.52,9.0625,8.336666667,8.0,9.3,,,,,,,
RA-762,2023,Aluno-762,2010,2010-06-28,13.0,Masculino,2022,Pública,,,FASE 1,1.0,FASE 1,1K,FASE 3,3.0,Fase 3 (7° e 8° ano),-2,-2.0,False,-2.0,Defasado,1.0,Ametista,7.09945,5.0,5.8,9.1,10.0,3.14,7.8125,7.67,6.2,5.3,,,,,,,
RA-778,2023,Aluno-778,2013,2013-11-07,10.0,Feminino,2021,Pública,,,FASE 1,1.0,FASE 1,1K,FASE 2,2.0,Fase 2 (5° e 6° ano),-1,-1.0,False,-1.0,Defasado,1.0,Ametista,7.926825,5.0,8.2,7.9,8.5,7.52,8.90625,8.62,7.3,9.0,,,,,,,
RA-628,2023,Aluno-628,2011,2011-10-22,12.0,Masculino,2022,Pública,,,FASE 1,1.0,FASE 1,1K,FASE 3,3.0,Fase 3 (7° e 8° ano),-2,-2.0,False,-2.0,Defasado,1.0,Topázio,8.370325,5.0,9.4,8.9,9.5,7.52,8.28125,8.45,9.0,9.7,,,,,,,
RA-606,2023,Aluno-606,2012,2012-12-18,10.0,Masculino,2022,Pública,,,FASE 1,1.0,FASE 1,1K,FASE 2,2.0,Fase 2 (5° e 6° ano),-1,-1.0,False,-1.0,Defasado,1.0,Ametista,7.402491667,5.0,6.0,8.5,8.5,7.52,7.65625,8.223333333,4.7,7.2,,,,,,,
RA-766,2023,Aluno-766,2012,2012-05-21,11.0,Feminino,2020,Pública,,,FASE 1,1.0,FASE 1,1K,FASE 2,2.0,Fase 2 (5° e 6° ano),-1,-1.0,False,-1.0,Defasado,1.0,Topázio,8.008408333,5.0,8.7,8.7,10.0,4.39,9.21875,8.336666667,9.2,8.2,,,,,,,
RA-607,2023,Aluno-607,2012,2012-08-17,11.0,Masculino,2022,Pública,,,FASE 1,1.0,FASE 1,1K,FASE 2,2.0,Fase 2 (5° e 6° ano),-1,-1.0,False,-1.0,Defasado,1.0,Ametista,7.333075,5.0,6.8,7.5,8.0,7.52,7.96875,8.17,4.8,8.7,,,,,,,
RA-608,2023,Aluno-608,2012,2012-12-20,10.0,Masculino,2022,Pública,,,FASE 1,1.0,FASE 1,1K,FASE 2,2.0,Fase 2 (5° e 6° ano),-1,-1.0,False,-1.0,Defasado,1.0,Ametista,7.401741667,5.0,6.2,7.5,10.0,7.52,7.96875,8.113333333,6.0,6.3,,,,,,,
RA-788,2023,Aluno-788,2014,2014-11-03,9.0,Masculino,2021,Pública,,,FASE 1,1.0,FASE 1,1K,FASE 1,1.0,Fase 1 (3° e 4° ano),0,0.0,False,0.0,Adequado,0.0,Ametista,7.806091667,10.0,6.9,9.8,7.9,2.52,7.65625,8.283333333,6.0,7.8,,,,,,,
RA-784,2023,Aluno-784,2013,2013-04-24,10.0,Feminino,2022,Pública,,,FASE 1,1.0,FASE 1,1L,FASE 2,2.0,Fase 2 (5° e 6° ano),-1,-1.0,False,-1.0,Defasado,1.0,Topázio,8.171366667,5.0,7.3,9.5,10.0,7.52,8.125,8.783333333,6.5,8.0,,,,,,,
RA-785,2023,Aluno-785,2013,2013-07-19,10.0,Feminino,2022,Pública,,,FASE 1,1.0,FASE 1,1L,FASE 2,2.0,Fase 2 (5° e 6° ano),-1,-1.0,False,-1.0,Defasado,1.0,Topázio,8.137866667,5.0,8.8,8.5,9.0,7.52,7.916666667,8.67,8.2,9.4,,,,,,,
RA-587,2023,Aluno-587,2012,2012-04-04,11.0,Masculino,2022,Pública,,,FASE 1,1.0,FASE 1,1L,FASE 2,2.0,Fase 2 (5° e 6° ano),-1,-1.0,False,-1.0,Defasado,1.0,Ágata,6.032033333,5.0,2.7,7.0,8.5,7.52,6.458333333,6.72,2.2,3.2,,,,,,,
RA-790,2023,Aluno-790,2011,2011-08-10,12.0,Masculino,2022,Pública,,,FASE 1,1.0,FASE 1,1L,FASE 3,3.0,Fase 3 (7° e 8° ano),-2,-2.0,False,-2.0,Defasado,1.0,Ágata,6.707666667,5.0,7.4,8.1,0.0,7.52,7.083333333,8.286666667,7.2,7.5,,,,,,,
RA-663,2023,Aluno-663,2012,2012-02-17,11.0,Masculino,2022,Pública,,,FASE 1,1.0,FASE 1,1L,FASE 2,2.0,Fase 2 (5° e 6° ano),-1,-1.0,False,-1.0,Defasado,1.0,Ágata,6.969133333,5.0,7.0,7.4,6.9,7.52,6.666666667,7.393333333,6.7,7.3,,,,,,,
RA-664,2023,Aluno-664,2012,2012-08-29,11.0,Feminino,2022,Pública,,,FASE 1,1.0,FASE 1,1L,FASE 2,2.0,Fase 2 (5° e 6° ano),-1,-1.0,False,-1.0,Defasado,1.0,Topázio,8.0872,5.0,8.0,9.6,9.0,7.52,7.916666667,8.116666667,8.0,8.0,,,,,,,
RA-761,2023,Aluno-761,2013,2013-01-23,10.0,Masculino,2022,Pública,,,FASE 1,1.0,FASE 1,1L,FASE 2,2.0,Fase 2 (5° e 6° ano),-1,-1.0,False,-1.0,Defasado,1.0,Topázio,8.219533333,5.0,8.4,9.7,9.0,7.52,8.333333333,8.12,8.7,8.0,,,,,,,
RA-1057,2023,Aluno-1057,2014,2014-01-17,9.0,Feminino,2023,Pública,,,FASE 1,1.0,FASE 1,1L,FASE 1,1.0,Fase 1 (3° e 4° ano),0,0.0,False,0.0,Adequado,0.0,Topázio,8.4827,10.0,6.3,10.0,10.0,7.52,8.125,8.34,6.5,6.0,,,,,,,
RA-629,2023,Aluno-629,2013,2013-03-21,10.0,Feminino,2022,Pública,,,FASE 1,1.0,FASE 1,1L,FASE 2,2.0,Fase 2 (5° e 6° ano),-1,-1.0,False,-1.0,Defasado,1.0,Topázio,8.013866667,5.0,7.5,9.4,10.0,7.52,7.916666667,7.95,7.0,8.0,,,,,,,
RA-832,2023,Aluno-832,2013,2013-07-21,10.0,Masculino,2022,Pública,,,FASE 1,1.0,FASE 1,1L,FASE 2,2.0,Fase 2 (5° e 6° ano),-1,-1.0,False,-1.0,Defasado,1.0,Topázio,8.2697,5.0,8.5,9.5,10.0,7.52,7.708333333,8.283333333,9.2,7.7,,,,,,,
RA-594,2023,Aluno-594,2012,2012-08-28,11.0,Masculino,2022,Pública,,,FASE 1,1.0,FASE 1,1L,FASE 2,2.0,Fase 2 (5° e 6° ano),-1,-1.0,False,-1.0,Defasado,1.0,Ágata,6.702033333,5.0,5.8,7.1,8.5,6.27,6.875,7.336666667,6.2,5.3,,,,,,,
RA-617,2023,Aluno-617,2011,2011-10-31,11.0,Feminino,2021,Pública,,,FASE 1,1.0,FASE 1,1L,FASE 2,2.0,Fase 2 (5° e 6° ano),-1,-1.0,False,-1.0,Defasado,1.0,Ágata,6.816166667,5.0,6.9,9.0,0.0,7.52,7.708333333,8.116666667,5.5,8.2,,,,,,,
RA-767,2023,Aluno-767,2012,2012-04-19,11.0,Masculino,2021,Pública,,,FASE 1,1.0,FASE 1,1L,FASE 2,2.0,Fase 2 (5° e 6° ano),-1,-1.0,False,-1.0,Defasado,1.0,Ametista,7.3807,5.0,6.3,8.3,10.0,7.52,7.291666667,7.446666667,6.5,6.0,,,,,,,
RA-1058,2023,Aluno-1058,2014,2014-09-04,9.0,Feminino,2023,Pública,,,FASE 1,1.0,FASE 1,1L,FASE 1,1.0,Fase 1 (3° e 4° ano),0,0.0,False,0.0,Adequado,0.0,Ametista,7.356533333,10.0,5.4,8.7,10.0,3.14,7.083333333,7.62,4.0,6.7,,,,,,,
RA-747,2023,Aluno-747,2011,2011-11-30,11.0,Feminino,2022,Pública,,,FASE 1,1.0,FASE 1,1L,FASE 2,2.0,Fase 2 (5° e 6° ano),-1,-1.0,False,-1.0,Defasado,1.0,Ágata,6.026366667,5.0,3.1,8.0,10.0,3.14,6.041666667,6.94,1.2,5.0,,,,,,,
RA-827,2023,Aluno-827,2012,2012-11-10,11.0,Feminino,2022,Pública,,,FASE 1,1.0,FASE 1,1M,FASE 2,2.0,Fase 2 (5° e 6° ano),-1,-1.0,False,-1.0,Defasado,1.0,Ametista,7.419925,5.0,8.1,8.1,7.9,3.14,8.28125,8.73,7.7,8.5,,,,,,,
RA-1059,2023,Aluno-1059,2013,2013-06-07,10.0,Masculino,2023,Pública,,,FASE 1,1.0,FASE 1,1M,FASE 2,2.0,Fase 2 (5° e 6° ano),-1,-1.0,False,-1.0,Defasado,1.0,Ametista,7.763741667,5.0,7.6,9.8,10.0,2.52,7.96875,8.673333333,6.2,9.0,,,,,,,
RA-612,2023,Aluno-612,2012,2012-08-24,11.0,Feminino,2021,Privada - Programa de Apadrinhamento,,,FASE 1,1.0,FASE 1,1M,FASE 2,2.0,Fase 2 (5° e 6° ano),-1,-1.0,False,-1.0,Defasado,1.0,Topázio,8.410783333,5.0,9.7,9.7,9.0,3.77,9.0625,9.286666667,9.3,10.0,,,,,,,
RA-1060,2023,Aluno-1060,2012,2012-06-11,10.0,Masculino,2023,Pública,,,FASE 1,1.0,FASE 1,1M,FASE 2,2.0,Fase 2 (5° e 6° ano),-1,-1.0,False,-1.0,Defasado,1.0,Ametista,7.095741667,5.0,5.7,8.6,9.0,3.14,7.96875,8.673333333,4.3,7.0,,,,,,,
RA-665,2023,Aluno-665,2011,2011-07-12,11.0,Feminino,2022,Pública,,,FASE 1,1.0,FASE 1,1M,FASE 2,2.0,Fase 2 (5° e 6° ano),-1,-1.0,False,-1.0,Defasado,1.0,Ágata,6.185658333,5.0,5.2,4.9,9.5,2.52,8.28125,8.226666667,5.0,5.3,,,,,,,
RA-829,2023,Aluno-829,2014,2014-09-30,9.0,Feminino,2022,Pública,,,FASE 1,1.0,FASE 1,1M,FASE 1,1.0,Fase 1 (3° e 4° ano),0,0.0,False,0.0,Adequado,0.0,Topázio,8.532075,10.0,8.4,9.4,9.0,3.14,9.21875,9.23,7.5,9.2,,,,,,,
RA-1061,2023,Aluno-1061,2013,2013-07-25,10.0,Masculino,2023,Pública,,,FASE 1,1.0,FASE 1,1M,FASE 2,2.0,Fase 2 (5° e 6° ano),-1,-1.0,False,-1.0,Defasado,1.0,Topázio,8.196533333,5.0,9.3,9.7,9.5,3.14,8.75,8.836666667,8.8,9.7,,,,,,,
RA-1062,2023,Aluno-1062,2014,2014-10-01,9.0,Masculino,2023,Pública,,,FASE 1,1.0,FASE 1,1M,FASE 1,1.0,Fase 1 (3° e 4° ano),0,0.0,False,0.0,Adequado,0.0,Ametista,7.448841667,10.0,6.2,7.7,7.4,3.77,8.59375,8.503333333,4.8,7.5,,,,,,,
RA-615,2023,Aluno-615,2013,2013-02-04,10.0,Feminino,2020,Pública,,,FASE 1,1.0,FASE 1,1M,FASE 2,2.0,Fase 2 (5° e 6° ano),-1,-1.0,False,-1.0,Defasado,1.0,Ametista,7.815658333,5.0,7.6,9.7,10.0,3.14,8.28125,8.616666667,6.8,8.3,,,,,,,
RA-833,2023,Aluno-833,2013,2013-01-10,10.0,Masculino,2022,Pública,,,FASE 1,1.0,FASE 1,1M,FASE 2,2.0,Fase 2 (5° e 6° ano),-1,-1.0,False,-1.0,Defasado,1.0,Ametista,7.81295,5.0,7.4,9.5,10.0,3.77,8.4375,8.56,7.3,7.5,,,,,,,
RA-630,2023,Aluno-630,2013,2013-04-22,10.0,Masculino,2022,Pública,,,FASE 1,1.0,FASE 1,1M,FASE 2,2.0,Fase 2 (5° e 6° ano),-1,-1.0,False,-1.0,Defasado,1.0,Ametista,7.199991667,5.0,5.7,8.6,9.0,3.77,8.28125,8.673333333,4.2,7.2,,,,,,,
RA-752,2023,Aluno-752,2011,2011-11-28,11.0,Feminino,2022,Pública,,,FASE 1,1.0,FASE 1,1N,FASE 2,2.0,Fase 2 (5° e 6° ano),-1,-1.0,False,-1.0,Defasado,1.0,Topázio,8.073825,5.0,6.4,9.9,9.5,7.52,7.65625,9.23,4.8,8.0,,,,,,,
RA-777,2023,Aluno-777,2014,2014-07-05,9.0,Feminino,2022,Pública,,,FASE 1,1.0,FASE 1,1N,FASE 1,1.0,Fase 1 (3° e 4° ano),0,0.0,False,0.0,Adequado,0.0,Ametista,7.468125,10.0,6.3,9.3,0.0,7.52,8.28125,8.84,5.3,7.3,,,,,,,
RA-1063,2023,Aluno-1063,2012,2012-04-02,11.0,Masculino,2023,Privada - Programa de Apadrinhamento,,,FASE 1,1.0,FASE 1,1N,FASE 2,2.0,Fase 2 (5° e 6° ano),-1,-1.0,False,-1.0,Defasado,1.0,Ametista,7.490825,5.0,5.9,9.5,9.5,7.52,6.40625,7.89,4.7,7.0,,,,,,,
RA-764,2023,Aluno-764,2014,2014-04-01,9.0,Masculino,2022,Pública,,,FASE 1,1.0,FASE 1,1N,FASE 1,1.0,Fase 1 (3° e 4° ano),0,0.0,False,0.0,Adequado,0.0,Ametista,7.682125,10.0,7.8,9.2,0.0,7.52,8.28125,8.56,6.0,9.5,,,,,,,
RA-1064,2023,Aluno-1064,2013,2013-08-31,10.0,Masculino,2023,Pública,,,FASE 1,1.0,FASE 1,1N,FASE 2,2.0,Fase 2 (5° e 6° ano),-1,-1.0,False,-1.0,Defasado,1.0,Topázio,8.4777,5.0,8.6,9.8,8.5,7.52,9.375,8.84,8.3,8.8,,,,,,,
RA-1065,2023,Aluno-1065,2013,2013-02-07,10.0,Feminino,2023,Pública,,,FASE 1,1.0,FASE 1,1N,FASE 2,2.0,Fase 2 (5° e 6° ano),-1,-1.0,False,-1.0,Defasado,1.0,Topázio,8.03395,5.0,7.0,9.6,8.5,7.52,8.4375,8.84,7.7,6.3,,,,,,,
RA-772,2023,Aluno-772,2011,2011-07-22,12.0,Masculino,2021,Pública,,,FASE 1,1.0,FASE 1,1N,FASE 3,3.0,Fase 3 (7° e 8° ano),-2,-2.0,False,-2.0,Defasado,1.0,Quartzo,5.930166667,5.0,4.8,7.2,0.0,7.52,6.875,8.003333333,5.2,4.3,,,,,,,
RA-781,2023,Aluno-781,2013,2013-09-19,10.0,Feminino,2021,Pública,,,FASE 1,1.0,FASE 1,1N,FASE 2,2.0,Fase 2 (5° e 6° ano),-1,-1.0,False,-1.0,Defasado,1.0,Topázio,8.209283333,5.0,7.9,9.8,7.5,7.52,8.4375,9.116666667,7.0,8.8,,,,,,,
RA-1066,2023,Aluno-1066,2013,2013-09-16,10.0,Feminino,2023,Pública,,,FASE 1,1.0,FASE 1,1N,FASE 2,2.0,Fase 2 (5° e 6° ano),-1,-1.0,False,-1.0,Defasado,1.0,Ametista,7.262616667,5.0,6.2,6.6,8.5,7.52,8.4375,8.783333333,4.2,8.2,,,,,,,
RA-1067,2023,Aluno-1067,2013,2013-08-21,10.0,Masculino,2023,Pública,,,FASE 1,1.0,FASE 1,1N,FASE 2,2.0,Fase 2 (5° e 6° ano),-1,-1.0,False,-1.0,Defasado,1.0,Ágata,6.541458333,5.0,5.4,7.9,0.0,7.52,8.28125,9.006666667,4.5,6.3,,,,,,,
RA-834,2023,Aluno-834,2013,2013-10-01,10.0,Masculino,2022,Pública,,,FASE 1,1.0,FASE 1,1N,FASE 2,2.0,Fase 2 (5° e 6° ano),-1,-1.0,False,-1.0,Defasado,1.0,Topázio,8.662616667,5.0,9.2,9.9,9.0,6.27,9.6875,9.283333333,9.0,9.3,,,,,,,
RA-722,2023,Aluno-722,2013,2013-05-10,10.0,Feminino,2021,Pública,,,FASE 1,1.0,FASE 1,1N,FASE 2,2.0,Fase 2 (5° e 6° ano),-1,-1.0,False,-1.0,Defasado,1.0,Ametista,7.3387,5.0,6.4,9.6,8.5,2.52,8.125,8.67,4.5,8.2,,,,,,,
RA-1068,2023,Aluno-1068,2013,2013-03-01,10.0,Masculino,2023,Pública,,,FASE 1,1.0,FASE 1,1P,FASE 2,2.0,Fase 2 (5° e 6° ano),-1,-1.0,False,-1.0,Defasado,1.0,Topázio,8.472533333,5.0,9.0,9.3,8.5,6.89,9.166666667,9.283333333,8.3,9.7,,,,,,,
RA-796,2023,Aluno-796,2012,2012-06-25,11.0,Feminino,2022,Pública,,,FASE 1,1.0,FASE 1,1P,FASE 2,2.0,Fase 2 (5° e 6° ano),-1,-1.0,False,-1.0,Defasado,1.0,Ametista,7.462866667,5.0,5.5,9.8,9.0,6.27,7.083333333,8.336666667,5.0,6.0,,,,,,,
RA-1069,2023,Aluno-1069,2012,2012-09-18,11.0,Masculino,2023,Pública,,,FASE 1,1.0,FASE 1,1P,FASE 2,2.0,Fase 2 (5° e 6° ano),-1,-1.0,False,-1.0,Defasado,1.0,Ametista,7.590033333,5.0,7.1,7.8,9.0,7.52,8.125,8.226666667,7.5,6.7,,,,,,,
RA-797,2023,Aluno-797,2012,2012-01-24,11.0,Masculino,2021,Pública,,,FASE 1,1.0,FASE 1,1P,FASE 2,2.0,Fase 2 (5° e 6° ano),-1,-1.0,False,-1.0,Defasado,1.0,Ametista,7.373033333,5.0,7.5,8.6,8.5,7.52,6.041666667,7.233333333,7.0,8.0,,,,,,,
RA-647,2023,Aluno-647,2012,2012-02-11,10.0,Feminino,2022,Privada - Programa de Apadrinhamento,,,FASE 1,1.0,FASE 1,1P,FASE 2,2.0,Fase 2 (5° e 6° ano),-1,-1.0,False,-1.0,Defasado,1.0,Ametista,7.100566667,5.0,5.2,8.7,7.3,6.27,7.708333333,8.446666667,4.7,5.7,,,,,,,
RA-814,2023,Aluno-814,2013,2013-05-29,10.0,Masculino,2022,Pública,,,FASE 1,1.0,FASE 1,1P,FASE 2,2.0,Fase 2 (5° e 6° ano),-1,-1.0,False,-1.0,Defasado,1.0,Topázio,8.367866667,5.0,8.2,9.6,9.5,6.89,8.333333333,9.226666667,7.8,8.5,,,,,,,
RA-652,2023,Aluno-652,2013,2013-02-06,10.0,Feminino,2022,Pública,,,FASE 1,1.0,FASE 1,1P,FASE 2,2.0,Fase 2 (5° e 6° ano),-1,-1.0,False,-1.0,Defasado,1.0,Ametista,7.871033333,5.0,7.0,9.4,9.0,6.89,8.125,8.446666667,6.2,7.8,,,,,,,
RA-816,2023,Aluno-816,2013,2013-04-05,10.0,Feminino,2022,Pública,,,FASE 1,1.0,FASE 1,1P,FASE 2,2.0,Fase 2 (5° e 6° ano),-1,-1.0,False,-1.0,Defasado,1.0,Topázio,8.5572,5.0,8.9,9.8,7.5,7.52,9.583333333,9.283333333,7.8,10.0,,,,,,,
RA-640,2023,Aluno-640,2011,2011-10-18,12.0,Feminino,2022,Pública,,,FASE 1,1.0,FASE 1,1P,FASE 3,3.0,Fase 3 (7° e 8° ano),-2,-2.0,False,-2.0,Defasado,1.0,Ágata,6.1105,5.0,4.9,7.3,0.0,7.52,7.291666667,8.446666667,4.0,5.8,,,,,,,
RA-810,2023,Aluno-810,2014,2014-05-31,9.0,Masculino,2021,Pública,,,FASE 1,1.0,FASE 1,1P,FASE 1,1.0,Fase 1 (3° e 4° ano),0,0.0,False,0.0,Adequado,0.0,Ametista,7.782866667,10.0,6.9,8.5,8.0,7.52,5.833333333,7.836666667,6.3,7.5,,,,,,,
RA-643,2023,Aluno-643,2012,2012-04-04,11.0,Masculino,2022,Pública,,,FASE 1,1.0,FASE 1,1P,FASE 2,2.0,Fase 2 (5° e 6° ano),-1,-1.0,False,-1.0,Defasado,1.0,Ametista,7.389033333,5.0,7.1,8.2,9.5,7.52,6.041666667,7.613333333,7.0,7.2,,,,,,,
RA-819,2023,Aluno-819,2014,2014-05-24,9.0,Masculino,2022,Pública,,,FASE 1,1.0,FASE 1,1P,FASE 1,1.0,Fase 1 (3° e 4° ano),0,0.0,False,0.0,Adequado,0.0,Ametista,7.944833333,10.0,9.5,8.3,0.0,7.52,8.541666667,8.893333333,9.7,9.3,,,,,,,
RA-1070,2023,Aluno-1070,2012,2012-08-28,11.0,Masculino,2023,Pública,,,FASE 1,1.0,FASE 1,1P,FASE 2,2.0,Fase 2 (5° e 6° ano),-1,-1.0,False,-1.0,Defasado,1.0,Ágata,6.939033333,5.0,5.8,7.8,9.0,3.14,7.708333333,8.67,5.3,6.3,,,,,,,
RA-813,2023,Aluno-813,2014,2014-03-10,9.0,Masculino,2022,Pública,,,FASE 1,1.0,FASE 1,1R,FASE 1,1.0,Fase 1 (3° e 4° ano),0,0.0,False,0.0,Adequado,0.0,Ametista,7.5867,10.0,3.9,8.4,9.5,7.52,8.125,8.06,2.3,5.5,,,,,,,
RA-636,2023,Aluno-636,2012,2012-09-28,11.0,Masculino,2022,Pública,,,FASE 1,1.0,FASE 1,1R,FASE 2,2.0,Fase 2 (5° e 6° ano),-1,-1.0,False,-1.0,Defasado,1.0,Ágata,6.836666667,5.0,9.0,8.3,0.0,5.64,8.333333333,7.446666667,9.2,8.7,,,,,,,
RA-798,2023,Aluno-798,2012,2012-03-01,11.0,Masculino,2022,Privada - Programa de Apadrinhamento,,,FASE 1,1.0,FASE 1,1R,FASE 2,2.0,Fase 2 (5° e 6° ano),-1,-1.0,False,-1.0,Defasado,1.0,Ametista,7.018033333,5.0,6.1,8.1,9.0,7.52,6.458333333,6.95,4.3,7.8,,,,,,,
RA-799,2023,Aluno-799,2012,2012-06-12,10.0,Feminino,2022,Pública,,,FASE 1,1.0,FASE 1,1R,FASE 2,2.0,Fase 2 (5° e 6° ano),-1,-1.0,False,-1.0,Defasado,1.0,Topázio,8.061533333,5.0,8.3,9.6,9.5,5.64,8.333333333,8.17,7.8,8.8,,,,,,,
RA-815,2023,Aluno-815,2013,2013-01-10,10.0,Masculino,2022,Pública,,,FASE 1,1.0,FASE 1,1R,FASE 2,2.0,Fase 2 (5° e 6° ano),-1,-1.0,False,-1.0,Defasado,1.0,Ágata,6.122166667,5.0,6.5,8.6,0.0,5.02,6.875,7.063333333,7.0,6.0,,,,,,,
RA-637,2023,Aluno-637,2012,2012-09-22,11.0,Feminino,2021,Pública,,,FASE 1,1.0,FASE 1,1R,FASE 2,2.0,Fase 2 (5° e 6° ano),-1,-1.0,False,-1.0,Defasado,1.0,Topázio,8.109533333,5.0,8.5,9.5,8.0,7.52,8.333333333,8.17,8.7,8.2,,,,,,,
RA-638,2023,Aluno-638,2013,2013-05-01,10.0,Feminino,2020,Pública,,,FASE 1,1.0,FASE 1,1R,FASE 2,2.0,Fase 2 (5° e 6° ano),-1,-1.0,False,-1.0,Defasado,1.0,Ametista,7.754866667,5.0,6.5,9.4,9.0,7.52,8.333333333,7.946666667,6.8,6.2,,,,,,,
RA-801,2023,Aluno-801,2013,2013-11-12,9.0,Masculino,2022,Pública,,,FASE 1,1.0,FASE 1,1R,FASE 1,1.0,Fase 1 (3° e 4° ano),0,0.0,False,0.0,Adequado,0.0,Ágata,6.8735,10.0,7.6,7.5,0.0,7.52,6.875,7.12,6.8,8.3,,,,,,,
RA-802,2023,Aluno-802,2013,2013-03-30,10.0,Masculino,2021,Pública,,,FASE 1,1.0,FASE 1,1R,FASE 2,2.0,Fase 2 (5° e 6° ano),-1,-1.0,False,-1.0,Defasado,1.0,Topázio,8.126866667,5.0,9.4,9.3,8.0,7.52,8.333333333,7.506666667,9.3,9.5,,,,,,,
RA-1071,2023,Aluno-1071,2012,2012-04-25,11.0,Masculino,2023,Pública,,,FASE 1,1.0,FASE 1,1R,FASE 2,2.0,Fase 2 (5° e 6° ano),-1,-1.0,False,-1.0,Defasado,1.0,Ágata,6.414033333,5.0,3.5,8.6,9.0,7.52,5.625,6.396666667,1.7,5.3,,,,,,,
RA-817,2023,Aluno-817,2014,2014-03-06,9.0,Feminino,2022,Pública,,,FASE 1,1.0,FASE 1,1R,FASE 1,1.0,Fase 1 (3° e 4° ano),0,0.0,False,0.0,Adequado,0.0,Ametista,7.8597,10.0,5.4,8.8,9.5,6.89,8.125,7.89,5.0,5.7,,,,,,,
RA-818,2023,Aluno-818,2015,2015-04-03,8.0,Masculino,2022,Pública,,,FASE 1,1.0,FASE 1,1R,ALFA,0.0,ALFA (1° e 2° ano),1,1.0,False,1.0,Adiantado,0.0,Ametista,7.997366667,10.0,6.2,8.4,10.0,7.52,8.125,7.613333333,5.5,6.8,,,,,,,
RA-804,2023,Aluno-804,2012,2012-06-18,11.0,Masculino,2022,Pública,,,FASE 1,1.0,FASE 1,1R,FASE 2,2.0,Fase 2 (5° e 6° ano),-1,-1.0,False,-1.0,Defasado,1.0,Ametista,7.2352,5.0,6.9,8.6,10.0,6.27,5.833333333,7.173333333,6.2,7.5,,,,,,,
RA-645,2023,Aluno-645,2012,2012-10-25,11.0,Feminino,2022,Pública,,,FASE 1,1.0,FASE 1,1R,FASE 2,2.0,Fase 2 (5° e 6° ano),-1,-1.0,False,-1.0,Defasado,1.0,Ametista,7.613033333,5.0,7.3,8.5,9.0,6.27,8.125,8.116666667,6.5,8.0,,,,,,,
RA-479,2023,Aluno-479,2012,2012-10-08,11.0,Masculino,2020,Privada - Programa de Apadrinhamento,,,FASE 2,2.0,FASE 2,2A,FASE 2,2.0,Fase 2 (5° e 6° ano),0,0.0,False,0.0,Adequado,0.0,Topázio,8.988866667,10.0,9.7,10.0,9.0,2.52,9.791666667,9.6375,9.3,10.0,,,,,,,
RA-493,2023,Aluno-493,2013,2013-04-19,10.0,Feminino,2020,Pública,,,FASE 2,2.0,FASE 2,2A,FASE 2,2.0,Fase 2 (5° e 6° ano),0,0.0,False,0.0,Adequado,0.0,Ametista,7.934366667,10.0,6.0,9.6,9.5,2.52,8.541666667,8.84,4.7,7.2,,,,,,,
RA-1072,2023,Aluno-1072,2011,2011-12-28,11.0,Masculino,2023,Pública,,,FASE 2,2.0,FASE 2,2A,FASE 2,2.0,Fase 2 (5° e 6° ano),0,0.0,False,0.0,Adequado,0.0,Topázio,8.0152,10.0,6.7,8.6,9.0,5.0,8.125,8.7125,5.2,8.2,,,,,,,
RA-536,2023,Aluno-536,2012,2012-11-27,10.0,Feminino,2020,Pública,,,FASE 2,2.0,FASE 2,2A,FASE 2,2.0,Fase 2 (5° e 6° ano),0,0.0,False,0.0,Adequado,0.0,Ametista,7.759533333,10.0,5.9,9.3,8.0,2.52,8.333333333,9.17,5.0,6.8,,,,,,,
RA-1073,2023,Aluno-1073,2011,2011-02-06,12.0,Feminino,2023,Pública,,,FASE 2,2.0,FASE 2,2A,FASE 3,3.0,Fase 3 (7° e 8° ano),-1,-1.0,False,-1.0,Defasado,1.0,Ágata,6.384333333,5.0,6.2,8.8,0.0,2.52,8.333333333,9.045,4.8,7.5,,,,,,,
RA-494,2023,Aluno-494,2011,2011-04-20,12.0,Feminino,2022,Privada,,,FASE 2,2.0,FASE 2,2A,FASE 3,3.0,Fase 3 (7° e 8° ano),-1,-1.0,False,-1.0,Defasado,1.0,Ametista,7.116633333,5.0,6.8,9.0,6.9,2.52,7.708333333,8.71,6.3,7.3,,,,,,,
RA-496,2023,Aluno-496,2011,2011-02-04,12.0,Masculino,2018,Privada,,,FASE 2,2.0,FASE 2,2A,FASE 3,3.0,Fase 3 (7° e 8° ano),-1,-1.0,False,-1.0,Defasado,1.0,Ágata,6.603666667,5.0,8.3,7.1,0.0,5.0,7.916666667,8.71,7.5,9.0,,,,,,,
RA-497,2023,Aluno-497,2009,2009-01-07,14.0,Feminino,2016,Privada - Programa de Apadrinhamento,,,FASE 2,2.0,FASE 2,2A,FASE 4,4.0,Fase 4 (9° ano),-2,-2.0,False,-2.0,Defasado,1.0,Quartzo,5.7191,5.0,3.5,8.7,5.3,2.52,6.25,6.885,1.7,5.3,,,,,,,
RA-1074,2023,Aluno-1074,2010,2010-12-23,12.0,Feminino,2023,Pública,,,FASE 2,2.0,FASE 2,2A,FASE 3,3.0,Fase 3 (7° e 8° ano),-1,-1.0,False,-1.0,Defasado,1.0,Ágata,6.195833333,5.0,6.0,9.8,0.0,2.52,7.083333333,7.8775,8.0,4.0,,,,,,,
RA-486,2023,Aluno-486,2012,2012-01-31,11.0,Feminino,2020,Privada,,,FASE 2,2.0,FASE 2,2A,FASE 2,2.0,Fase 2 (5° e 6° ano),0,0.0,False,0.0,Adequado,0.0,Ametista,7.1043,10.0,6.2,6.4,8.4,2.52,7.5,8.7525,3.3,9.0,,,,,,,
RA-1075,2023,Aluno-1075,2010,2010-12-19,12.0,Feminino,2023,Pública,,,FASE 2,2.0,FASE 2,2A,FASE 3,3.0,Fase 3 (7° e 8° ano),-1,-1.0,False,-1.0,Defasado,1.0,Ágata,6.591333333,5.0,5.5,9.6,0.0,5.0,7.708333333,9.0025,5.0,6.0,,,,,,,
RA-578,2023,Aluno-578,2012,2012-08-13,11.0,Masculino,2019,Privada - Programa de Apadrinhamento,,,FASE 2,2.0,FASE 2,2A,FASE 2,2.0,Fase 2 (5° e 6° ano),0,0.0,False,0.0,Adequado,0.0,Topázio,9.013866667,10.0,9.7,10.0,9.0,2.52,9.791666667,9.7625,9.8,9.5,,,,,,,
RA-513,2023,Aluno-513,2013,2013-01-17,10.0,Masculino,2021,Privada,,,FASE 2,2.0,FASE 2,2A,FASE 2,2.0,Fase 2 (5° e 6° ano),0,0.0,False,0.0,Adequado,0.0,Topázio,8.297866667,10.0,7.5,9.7,9.5,2.52,8.541666667,9.0075,7.2,7.8,,,,,,,
RA-487,2023,Aluno-487,2012,2012-01-13,11.0,Feminino,2019,Privada - Programa de Apadrinhamento,,,FASE 2,2.0,FASE 2,2A,FASE 2,2.0,Fase 2 (5° e 6° ano),0,0.0,False,0.0,Adequado,0.0,Topázio,8.988866667,10.0,9.5,9.9,8.5,5.0,9.166666667,9.26,9.2,9.7,,,,,,,
RA-1076,2023,Aluno-1076,2011,2011-11-08,12.0,Feminino,2023,Pública,,,FASE 2,2.0,FASE 2,2A,FASE 3,3.0,Fase 3 (7° e 8° ano),-1,-1.0,False,-1.0,Defasado,1.0,Ametista,7.901033333,5.0,8.5,9.7,9.0,2.52,8.333333333,8.8775,9.0,8.0,,,,,,,
RA-490,2023,Aluno-490,2012,2012-08-04,11.0,Feminino,2022,Privada,,,FASE 2,2.0,FASE 2,2A,FASE 2,2.0,Fase 2 (5° e 6° ano),0,0.0,False,0.0,Adequado,0.0,Ametista,7.429466667,10.0,5.8,7.9,7.9,2.52,8.541666667,9.0075,2.8,8.7,,,,,,,
RA-491,2023,Aluno-491,2011,2011-05-12,11.0,Masculino,2022,Pública,,,FASE 2,2.0,FASE 2,2A,FASE 2,2.0,Fase 2 (5° e 6° ano),0,0.0,False,0.0,Adequado,0.0,Ametista,7.560533333,10.0,5.0,9.6,9.5,2.52,7.708333333,8.3375,3.3,6.7,,,,,,,
RA-1077,2023,Aluno-1077,2012,2012-03-04,11.0,Masculino,2023,Pública,,,FASE 2,2.0,FASE 2,2B,FASE 2,2.0,Fase 2 (5° e 6° ano),0,0.0,False,0.0,Adequado,0.0,Ametista,7.2115,10.0,7.3,9.7,0.0,2.52,8.75,8.4225,6.8,7.8,,,,,,,
RA-484,2023,Aluno-484,2011,2011-07-13,12.0,Masculino,2022,Pública,,,FASE 2,2.0,FASE 2,2B,FASE 3,3.0,Fase 3 (7° e 8° ano),-1,-1.0,False,-1.0,Defasado,1.0,Quartzo,5.515466667,5.0,3.6,7.5,6.4,2.52,5.416666667,6.8,3.2,4.0,,,,,,,
RA-508,2023,Aluno-508,2012,2012-10-27,10.0,Masculino,2022,Pública,,,FASE 2,2.0,FASE 2,2B,FASE 2,2.0,Fase 2 (5° e 6° ano),0,0.0,False,0.0,Adequado,0.0,Ametista,7.671633333,10.0,7.5,8.6,6.4,2.52,8.333333333,8.6725,6.2,8.7,,,,,,,
RA-495,2023,Aluno-495,2011,2011-03-09,12.0,Masculino,2022,Privada,,,FASE 2,2.0,FASE 2,2B,FASE 3,3.0,Fase 3 (7° e 8° ano),-1,-1.0,False,-1.0,Defasado,1.0,Ametista,7.417366667,5.0,7.4,8.4,9.0,2.52,8.541666667,8.755,6.0,8.8,,,,,,,
RA-1078,2023,Aluno-1078,2009,2009-04-16,14.0,Masculino,2023,Pública,,,FASE 2,2.0,FASE 2,2B,FASE 4,4.0,Fase 4 (9° ano),-2,-2.0,False,-2.0,Defasado,1.0,Ágata,6.472333333,5.0,6.4,6.8,5.3,2.52,8.958333333,8.2975,4.3,8.5,,,,,,,
RA-340,2023,Aluno-340,2011,2011-12-02,12.0,Masculino,2017,Pública,,,FASE 2,2.0,FASE 2,2B,FASE 3,3.0,Fase 3 (7° e 8° ano),-1,-1.0,False,-1.0,Defasado,1.0,Ametista,7.059666667,5.0,8.9,9.6,0.0,2.52,9.166666667,8.505,9.0,8.7,,,,,,,
RA-1079,2023,Aluno-1079,2010,2010-02-12,12.0,Masculino,2023,Pública,,,FASE 2,2.0,FASE 2,2B,FASE 3,3.0,Fase 3 (7° e 8° ano),-1,-1.0,False,-1.0,Defasado,1.0,Ágata,6.916533333,5.0,7.6,8.1,9.0,2.52,7.083333333,7.13,7.3,7.8,,,,,,,
RA-1080,2023,Aluno-1080,2011,2011-06-15,12.0,Masculino,2023,Pública,,,FASE 2,2.0,FASE 2,2B,FASE 3,3.0,Fase 3 (7° e 8° ano),-1,-1.0,False,-1.0,Defasado,1.0,Ágata,6.571966667,5.0,1.5,10.0,7.9,5.0,8.541666667,8.13,0.0,3.0,,,,,,,
RA-1081,2023,Aluno-1081,2009,2009-07-29,14.0,Feminino,2023,Pública,,,FASE 2,2.0,FASE 2,2B,FASE 4,4.0,Fase 4 (9° ano),-2,-2.0,False,-2.0,Defasado,1.0,Ametista,7.666033333,5.0,6.5,10.0,10.0,2.52,8.958333333,8.59,8.0,5.0,,,,,,,
RA-1082,2023,Aluno-1082,2011,2011-07-04,12.0,Feminino,2023,Pública,,,FASE 2,2.0,FASE 2,2B,FASE 3,3.0,Fase 3 (7° e 8° ano),-1,-1.0,False,-1.0,Defasado,1.0,Ametista,7.1617,5.0,5.0,9.5,9.5,2.52,8.75,8.4225,3.5,6.5,,,,,,,
RA-1083,2023,Aluno-1083,2013,2013-06-28,10.0,Feminino,2023,Pública,,,FASE 2,2.0,FASE 2,2B,FASE 2,2.0,Fase 2 (5° e 6° ano),0,0.0,False,0.0,Adequado,0.0,Topázio,8.2345,10.0,7.5,10.0,6.8,5.0,8.75,8.38,7.0,8.0,,,,,,,
RA-531,2023,Aluno-531,2012,2012-06-19,11.0,Masculino,2022,Pública,,,FASE 2,2.0,FASE 2,2B,FASE 2,2.0,Fase 2 (5° e 6° ano),0,0.0,False,0.0,Adequado,0.0,Topázio,8.3252,10.0,7.7,10.0,9.5,2.52,8.75,8.59,6.3,9.0,,,,,,,
RA-1084,2023,Aluno-1084,2012,2012-06-13,11.0,Feminino,2023,Pública,,,FASE 2,2.0,FASE 2,2B,FASE 2,2.0,Fase 2 (5° e 6° ano),0,0.0,False,0.0,Adequado,0.0,Ametista,7.9948,10.0,6.8,10.0,8.4,2.52,8.75,8.38,5.0,8.5,,,,,,,
RA-516,2023,Aluno-516,2013,2013-06-27,10.0,Masculino,2019,Privada - Programa de Apadrinhamento,,,FASE 2,2.0,FASE 2,2B,FASE 2,2.0,Fase 2 (5° e 6° ano),0,0.0,False,0.0,Adequado,0.0,Topázio,8.6807,10.0,9.3,9.8,10.0,2.52,8.75,8.7175,9.0,9.5,,,,,,,
RA-348,2023,Aluno-348,2010,2010-06-05,13.0,Masculino,2022,Pública,,,FASE 2,2.0,FASE 2,2B,FASE 3,3.0,Fase 3 (7° e 8° ano),-1,-1.0,False,-1.0,Defasado,1.0,Ágata,6.817866667,5.0,4.4,8.7,10.0,2.52,8.541666667,8.0075,2.0,6.7,,,,,,,
RA-1085,2023,Aluno-1085,2011,2011-04-29,12.0,Feminino,2023,Pública,,,FASE 2,2.0,FASE 2,2C,FASE 3,3.0,Fase 3 (7° e 8° ano),-1,-1.0,False,-1.0,Defasado,1.0,Ágata,6.563833333,5.0,6.7,9.8,0.0,2.52,8.958333333,8.13,6.0,7.3,,,,,,,
RA-1086,2023,Aluno-1086,2011,2011-06-21,12.0,Feminino,2023,Pública,,,FASE 2,2.0,FASE 2,2C,FASE 3,3.0,Fase 3 (7° e 8° ano),-1,-1.0,False,-1.0,Defasado,1.0,Ametista,7.2382,5.0,5.7,9.4,8.5,2.52,8.75,8.755,6.0,5.3,,,,,,,
RA-1087,2023,Aluno-1087,2011,2011-03-15,12.0,Feminino,2023,Pública,,,FASE 2,2.0,FASE 2,2C,FASE 3,3.0,Fase 3 (7° e 8° ano),-1,-1.0,False,-1.0,Defasado,1.0,Ametista,7.2067,5.0,5.4,9.5,10.0,2.52,8.75,8.0475,3.7,7.0,,,,,,,
RA-509,2023,Aluno-509,2010,2010-11-28,12.0,Feminino,2018,Pública,,,FASE 2,2.0,FASE 2,2C,FASE 3,3.0,Fase 3 (7° e 8° ano),-1,-1.0,False,-1.0,Defasado,1.0,Ametista,7.606033333,5.0,8.6,8.1,8.5,2.52,8.958333333,8.84,8.2,9.0,,,,,,,
RA-499,2023,Aluno-499,2012,2012-07-24,11.0,Masculino,2020,Pública,,,FASE 2,2.0,FASE 2,2C,FASE 2,2.0,Fase 2 (5° e 6° ano),0,0.0,False,0.0,Adequado,0.0,Ametista,7.8883,10.0,6.6,10.0,7.9,2.52,8.75,8.2975,5.3,7.8,,,,,,,
RA-500,2023,Aluno-500,2012,2012-06-29,11.0,Feminino,2020,Pública,,,FASE 2,2.0,FASE 2,2C,FASE 2,2.0,Fase 2 (5° e 6° ano),0,0.0,False,0.0,Adequado,0.0,Topázio,8.427533333,10.0,7.9,10.0,9.5,2.52,8.958333333,8.7975,8.5,7.2,,,,,,,
RA-1088,2023,Aluno-1088,2010,2010-09-15,13.0,Masculino,2023,Pública,,,FASE 2,2.0,FASE 2,2C,FASE 3,3.0,Fase 3 (7° e 8° ano),-1,-1.0,False,-1.0,Defasado,1.0,Ametista,7.4717,5.0,6.8,9.8,9.5,2.52,8.75,7.9225,6.0,7.5,,,,,,,
RA-1089,2023,Aluno-1089,2012,2012-08-03,11.0,Feminino,2023,Pública,,,FASE 2,2.0,FASE 2,2C,FASE 2,2.0,Fase 2 (5° e 6° ano),0,0.0,False,0.0,Adequado,0.0,Ametista,7.9947,10.0,7.0,9.5,9.0,2.52,8.75,8.3375,6.0,8.0,,,,,,,
RA-1090,2023,Aluno-1090,2010,2010-07-22,13.0,Masculino,2023,Pública,,,FASE 2,2.0,FASE 2,2C,FASE 3,3.0,Fase 3 (7° e 8° ano),-1,-1.0,False,-1.0,Defasado,1.0,Ametista,7.844033333,5.0,9.0,9.6,9.0,2.52,8.958333333,7.88,8.7,9.3,,,,,,,
RA-503,2023,Aluno-503,2012,2012-08-09,11.0,Masculino,2020,Pública,,,FASE 2,2.0,FASE 2,2C,FASE 2,2.0,Fase 2 (5° e 6° ano),0,0.0,False,0.0,Adequado,0.0,Topázio,8.4682,10.0,8.7,10.0,9.5,2.52,8.75,8.255,8.7,8.7,,,,,,,
RA-1091,2023,Aluno-1091,2011,2011-10-15,12.0,Masculino,2023,Pública,,,FASE 2,2.0,FASE 2,2C,FASE 3,3.0,Fase 3 (7° e 8° ano),-1,-1.0,False,-1.0,Defasado,1.0,Topázio,8.032533333,5.0,9.5,9.0,8.5,2.52,8.958333333,9.1725,9.3,9.7,,,,,,,
RA-1092,2023,Aluno-1092,2011,2011-01-24,12.0,Masculino,2023,Pública,,,FASE 2,2.0,FASE 2,2C,FASE 3,3.0,Fase 3 (7° e 8° ano),-1,-1.0,False,-1.0,Defasado,1.0,Ametista,7.41,5.0,6.9,9.8,7.8,2.52,8.75,8.2975,6.0,7.8,,,,,,,
RA-1093,2023,Aluno-1093,2012,2012-03-22,11.0,Masculino,2023,Pública,,,FASE 2,2.0,FASE 2,2C,FASE 2,2.0,Fase 2 (5° e 6° ano),0,0.0,False,0.0,Adequado,0.0,Topázio,8.197533333,10.0,9.2,9.3,7.0,2.52,8.958333333,8.2975,9.3,9.0,,,,,,,
RA-1094,2023,Aluno-1094,2011,2011-12-25,11.0,Feminino,2023,Pública,,,FASE 2,2.0,FASE 2,2C,FASE 2,2.0,Fase 2 (5° e 6° ano),0,0.0,False,0.0,Adequado,0.0,Topázio,8.1779,10.0,8.5,9.5,7.8,2.52,8.75,8.3375,7.8,9.2,,,,,,,
RA-1095,2023,Aluno-1095,2010,2010-11-07,13.0,Masculino,2023,Pública,,,FASE 2,2.0,FASE 2,2C,FASE 3,3.0,Fase 3 (7° e 8° ano),-1,-1.0,False,-1.0,Defasado,1.0,Ágata,6.238,5.0,5.3,9.8,0.0,2.52,8.75,8.005,5.8,4.7,,,,,,,
RA-324,2023,Aluno-324,2012,2012-10-04,11.0,Feminino,2022,Pública,,,FASE 2,2.0,FASE 2,2D,FASE 2,2.0,Fase 2 (5° e 6° ano),0,0.0,False,0.0,Adequado,0.0,Ametista,7.6354,10.0,8.4,9.0,5.8,2.52,8.125,7.5875,8.0,8.7,,,,,,,
RA-350,2023,Aluno-350,2011,2011-09-04,12.0,Feminino,2022,Pública,,,FASE 2,2.0,FASE 2,2D,FASE 3,3.0,Fase 3 (7° e 8° ano),-1,-1.0,False,-1.0,Defasado,1.0,Ametista,7.972033333,5.0,9.0,9.7,10.0,2.52,8.958333333,7.92,8.8,9.2,,,,,,,
RA-517,2023,Aluno-517,2010,2010-07-25,13.0,Feminino,2017,Pública,,,FASE 2,2.0,FASE 2,2D,FASE 3,3.0,Fase 3 (7° e 8° ano),-1,-1.0,False,-1.0,Defasado,1.0,Ágata,6.3104,5.0,6.6,9.0,4.1,2.52,6.875,6.7125,4.5,8.7,,,,,,,
RA-325,2023,Aluno-325,2012,2012-02-20,11.0,Masculino,2022,Pública,,,FASE 2,2.0,FASE 2,2D,FASE 2,2.0,Fase 2 (5° e 6° ano),0,0.0,False,0.0,Adequado,0.0,Ágata,6.243,10.0,5.6,7.1,0.0,5.0,8.125,7.0025,3.8,7.3,,,,,,,
RA-518,2023,Aluno-518,2012,2012-03-19,11.0,Masculino,2022,Pública,,,FASE 2,2.0,FASE 2,2D,FASE 2,2.0,Fase 2 (5° e 6° ano),0,0.0,False,0.0,Adequado,0.0,Ametista,7.5762,10.0,6.7,8.5,8.5,5.0,8.125,6.9175,5.5,7.8,,,,,,,
RA-530,2023,Aluno-530,2012,2012-02-25,11.0,Masculino,2019,Pública,,,FASE 2,2.0,FASE 2,2D,FASE 2,2.0,Fase 2 (5° e 6° ano),0,0.0,False,0.0,Adequado,0.0,Ametista,7.653033333,10.0,5.7,8.8,10.0,5.0,7.708333333,7.46,5.8,5.5,,,,,,,
RA-524,2023,Aluno-524,2011,2011-05-09,12.0,Masculino,2019,Pública,,,FASE 2,2.0,FASE 2,2D,FASE 3,3.0,Fase 3 (7° e 8° ano),-1,-1.0,False,-1.0,Defasado,1.0,Ametista,7.331133333,5.0,8.9,9.2,6.4,2.52,8.333333333,7.42,9.0,8.8,,,,,,,
RA-1096,2023,Aluno-1096,2012,2012-05-12,10.0,Feminino,2023,Pública,,,FASE 2,2.0,FASE 2,2D,FASE 2,2.0,Fase 2 (5° e 6° ano),0,0.0,False,0.0,Adequado,0.0,Topázio,8.615533333,10.0,9.6,9.9,9.5,2.52,8.958333333,8.0875,9.5,9.7,,,,,,,
RA-526,2023,Aluno-526,2010,2010-05-03,13.0,Masculino,2022,Pública,,,FASE 2,2.0,FASE 2,2D,FASE 3,3.0,Fase 3 (7° e 8° ano),-1,-1.0,False,-1.0,Defasado,1.0,Topázio,8.0957,5.0,8.8,9.8,9.5,5.0,8.75,7.7525,8.3,9.3,,,,,,,
RA-528,2023,Aluno-528,2011,2011-03-08,12.0,Masculino,2021,Pública,,,FASE 2,2.0,FASE 2,2D,FASE 3,3.0,Fase 3 (7° e 8° ano),-1,-1.0,False,-1.0,Defasado,1.0,Ametista,7.6892,5.0,8.2,8.5,9.0,5.0,8.75,7.92,7.5,8.8,,,,,,,
RA-534,2023,Aluno-534,2010,2010-04-25,13.0,Masculino,2021,Pública,,,FASE 2,2.0,FASE 2,2D,FASE 3,3.0,Fase 3 (7° e 8° ano),-1,-1.0,False,-1.0,Defasado,1.0,Quartzo,5.8385,5.0,5.4,8.1,0.0,2.52,8.125,7.92,3.7,7.0,,,,,,,
RA-1097,2023,Aluno-1097,2009,2009-06-07,14.0,Masculino,2023,Pública,,,FASE 2,2.0,FASE 2,2D,FASE 4,4.0,Fase 4 (9° ano),-2,-2.0,False,-2.0,Defasado,1.0,Ágata,6.9547,5.0,5.4,8.6,9.5,5.0,8.125,6.96,4.3,6.5,,,,,,,
RA-1098,2023,Aluno-1098,2010,2010-10-22,13.0,Feminino,2023,Pública,,,FASE 2,2.0,FASE 2,2D,FASE 3,3.0,Fase 3 (7° e 8° ano),-1,-1.0,False,-1.0,Defasado,1.0,Ametista,7.2787,5.0,6.4,9.5,9.5,2.52,8.125,7.92,6.3,6.5,,,,,,,
RA-506,2023,Aluno-506,2010,2010-10-20,13.0,Masculino,2020,Pública,,,FASE 2,2.0,FASE 2,2D,FASE 3,3.0,Fase 3 (7° e 8° ano),-1,-1.0,False,-1.0,Defasado,1.0,Ametista,7.750033333,5.0,8.5,8.1,9.5,5.0,8.958333333,7.92,7.3,9.7,,,,,,,
RA-1099,2023,Aluno-1099,2010,2010-07-18,13.0,Feminino,2023,Pública,,,FASE 2,2.0,FASE 2,2F,FASE 3,3.0,Fase 3 (7° e 8° ano),-1,-1.0,False,-1.0,Defasado,1.0,Ametista,7.113533333,5.0,5.2,9.6,9.0,2.52,8.333333333,8.34,5.7,4.7,,,,,,,
RA-1100,2023,Aluno-1100,2012,2012-10-08,11.0,Masculino,2023,Pública,,,FASE 2,2.0,FASE 2,2F,FASE 2,2.0,Fase 2 (5° e 6° ano),0,0.0,False,0.0,Adequado,0.0,Topázio,8.261033333,10.0,7.1,9.2,10.0,5.0,8.541666667,8.283333333,6.3,7.8,,,,,,,
RA-1101,2023,Aluno-1101,2013,2013-09-02,10.0,Masculino,2023,Pública,,,FASE 2,2.0,FASE 2,2F,FASE 2,2.0,Fase 2 (5° e 6° ano),0,0.0,False,0.0,Adequado,0.0,Ágata,6.446666667,10.0,5.3,7.2,0.0,5.0,8.333333333,8.116666667,4.2,6.3,,,,,,,
RA-1102,2023,Aluno-1102,2012,2012-06-10,11.0,Masculino,2023,Pública,,,FASE 2,2.0,FASE 2,2F,FASE 2,2.0,Fase 2 (5° e 6° ano),0,0.0,False,0.0,Adequado,0.0,Topázio,8.123033333,10.0,7.5,9.5,9.5,5.0,7.708333333,7.56,5.7,9.2,,,,,,,
RA-363,2023,Aluno-363,2010,2010-06-27,13.0,Masculino,2022,Pública,,,FASE 2,2.0,FASE 2,2F,FASE 3,3.0,Fase 3 (7° e 8° ano),-1,-1.0,False,-1.0,Defasado,1.0,Ágata,6.680833333,5.0,6.8,9.9,0.0,2.52,8.541666667,8.673333333,6.8,6.8,,,,,,,
RA-1103,2023,Aluno-1103,2012,2012-11-30,10.0,Masculino,2023,Pública,,,FASE 2,2.0,FASE 2,2F,FASE 2,2.0,Fase 2 (5° e 6° ano),0,0.0,False,0.0,Adequado,0.0,Ametista,7.574866667,10.0,5.0,8.7,9.0,5.0,8.333333333,8.006666667,4.5,5.5,,,,,,,
RA-539,2023,Aluno-539,2011,2011-08-09,12.0,Feminino,2022,Pública,,,FASE 2,2.0,FASE 2,2F,FASE 3,3.0,Fase 3 (7° e 8° ano),-1,-1.0,False,-1.0,Defasado,1.0,Ametista,7.796866667,5.0,8.5,8.6,9.5,2.52,9.166666667,8.84,7.2,9.7,,,,,,,
RA-540,2023,Aluno-540,2012,2012-03-06,11.0,Feminino,2019,Pública,,,FASE 2,2.0,FASE 2,2F,FASE 2,2.0,Fase 2 (5° e 6° ano),0,0.0,False,0.0,Adequado,0.0,Topázio,8.216033333,10.0,7.1,8.8,8.5,5.0,8.958333333,8.95,6.5,7.7,,,,,,,
RA-574,2023,Aluno-574,2012,2012-10-02,11.0,Masculino,2022,Pública,,,FASE 2,2.0,FASE 2,2F,FASE 2,2.0,Fase 2 (5° e 6° ano),0,0.0,False,0.0,Adequado,0.0,Ametista,7.878133333,10.0,8.1,8.2,6.9,5.0,7.916666667,8.173333333,7.7,8.5,,,,,,,
RA-369,2023,Aluno-369,2011,2011-10-03,12.0,Masculino,2022,Pública,,,FASE 2,2.0,FASE 2,2F,FASE 3,3.0,Fase 3 (7° e 8° ano),-1,-1.0,False,-1.0,Defasado,1.0,Ágata,6.0197,5.0,4.0,4.1,10.0,5.0,8.541666667,7.726666667,5.0,3.0,,,,,,,
RA-375,2023,Aluno-375,2011,2011-06-21,12.0,Masculino,2019,Pública,,,FASE 2,2.0,FASE 2,2F,FASE 3,3.0,Fase 3 (7° e 8° ano),-1,-1.0,False,-1.0,Defasado,1.0,Ametista,7.070833333,5.0,7.9,9.9,0.0,5.0,8.541666667,8.283333333,6.8,9.0,,,,,,,
RA-376,2023,Aluno-376,2010,2010-08-01,13.0,Feminino,2019,Pública,,,FASE 2,2.0,FASE 2,2F,FASE 3,3.0,Fase 3 (7° e 8° ano),-1,-1.0,False,-1.0,Defasado,1.0,Ametista,7.1392,5.0,5.9,9.6,8.5,2.52,7.916666667,8.226666667,4.3,7.5,,,,,,,
RA-535,2023,Aluno-535,2012,2012-09-02,11.0,Feminino,2019,Pública,,,FASE 2,2.0,FASE 2,2G,FASE 2,2.0,Fase 2 (5° e 6° ano),0,0.0,False,0.0,Adequado,0.0,Topázio,8.0027,10.0,5.6,9.4,9.0,5.0,8.125,8.95,4.7,6.5,,,,,,,
RA-547,2023,Aluno-547,2011,2011-06-24,12.0,Feminino,2019,Pública,,,FASE 2,2.0,FASE 2,2G,FASE 3,3.0,Fase 3 (7° e 8° ano),-1,-1.0,False,-1.0,Defasado,1.0,Ágata,6.467,5.0,6.2,9.1,0.0,2.52,8.75,8.95,5.0,7.3,,,,,,,
RA-548,2023,Aluno-548,2010,2010-11-15,12.0,Masculino,2019,Pública,,,FASE 2,2.0,FASE 2,2G,FASE 3,3.0,Fase 3 (7° e 8° ano),-1,-1.0,False,-1.0,Defasado,1.0,Ametista,7.4322,5.0,7.4,9.1,9.0,2.52,8.333333333,8.283333333,6.2,8.5,,,,,,,
RA-538,2023,Aluno-538,2009,2009-11-23,13.0,Masculino,2022,Pública,,,FASE 2,2.0,FASE 2,2G,FASE 3,3.0,Fase 3 (7° e 8° ano),-1,-1.0,False,-1.0,Defasado,1.0,Ágata,6.413466667,5.0,4.7,8.6,7.4,2.52,7.916666667,7.39,3.5,5.8,,,,,,,
RA-365,2023,Aluno-365,2012,2012-11-19,10.0,Feminino,2022,Pública,,,FASE 2,2.0,FASE 2,2G,FASE 2,2.0,Fase 2 (5° e 6° ano),0,0.0,False,0.0,Adequado,0.0,Topázio,8.6587,10.0,8.7,9.9,10.0,2.52,8.958333333,8.953333333,8.2,9.2,,,,,,,
RA-559,2023,Aluno-559,2011,2011-08-04,12.0,Masculino,2021,Pública,,,FASE 2,2.0,FASE 2,2G,FASE 3,3.0,Fase 3 (7° e 8° ano),-1,-1.0,False,-1.0,Defasado,1.0,Ametista,7.947366667,5.0,7.4,9.4,10.0,5.0,8.958333333,8.506666667,6.5,8.2,,,,,,,
RA-1104,2023,Aluno-1104,2010,2010-10-23,13.0,Feminino,2023,Pública,,,FASE 2,2.0,FASE 2,2G,FASE 3,3.0,Fase 3 (7° e 8° ano),-1,-1.0,False,-1.0,Defasado,1.0,Ametista,7.265533333,5.0,6.4,10.0,5.7,2.52,8.541666667,9.063333333,5.5,7.3,,,,,,,
RA-563,2023,Aluno-563,2011,2011-11-29,11.0,Feminino,2020,Pública,,,FASE 2,2.0,FASE 2,2G,FASE 2,2.0,Fase 2 (5° e 6° ano),0,0.0,False,0.0,Adequado,0.0,Ametista,7.684133333,10.0,6.2,9.7,6.4,2.52,8.75,8.726666667,6.0,6.3,,,,,,,
RA-573,2023,Aluno-573,2011,2011-04-08,12.0,Masculino,2020,Pública,,,FASE 2,2.0,FASE 2,2G,FASE 3,3.0,Fase 3 (7° e 8° ano),-1,-1.0,False,-1.0,Defasado,1.0,Ametista,7.774366667,5.0,6.6,9.8,9.5,5.0,8.541666667,8.45,5.7,7.5,,,,,,,
RA-551,2023,Aluno-551,2010,2010-05-12,12.0,Feminino,2018,Pública,,,FASE 2,2.0,FASE 2,2G,FASE 3,3.0,Fase 3 (7° e 8° ano),-1,-1.0,False,-1.0,Defasado,1.0,Ametista,7.075033333,5.0,5.4,8.6,10.0,2.52,8.541666667,8.393333333,4.5,6.2,,,,,,,
RA-566,2023,Aluno-566,2010,2010-11-25,12.0,Feminino,2022,Pública,,,FASE 2,2.0,FASE 2,2G,FASE 3,3.0,Fase 3 (7° e 8° ano),-1,-1.0,False,-1.0,Defasado,1.0,Ametista,7.7227,5.0,8.4,8.8,9.0,2.52,8.958333333,8.673333333,8.8,8.0,,,,,,,
RA-555,2023,Aluno-555,2010,2010-11-05,13.0,Masculino,2019,Pública,,,FASE 2,2.0,FASE 2,2G,FASE 3,3.0,Fase 3 (7° e 8° ano),-1,-1.0,False,-1.0,Defasado,1.0,Quartzo,5.898133333,5.0,3.9,8.1,7.4,2.52,6.25,6.946666667,1.5,6.2,,,,,,,
RA-373,2023,Aluno-373,2011,2011-10-10,12.0,Masculino,2022,Pública,,,FASE 2,2.0,FASE 2,2G,FASE 3,3.0,Fase 3 (7° e 8° ano),-1,-1.0,False,-1.0,Defasado,1.0,Ágata,6.805,5.0,8.4,9.7,0.0,2.52,8.75,7.84,7.7,9.0,,,,,,,
RA-1105,2023,Aluno-1105,2010,2010-08-26,13.0,Feminino,2023,Pública,,,FASE 2,2.0,FASE 2,2G,FASE 3,3.0,Fase 3 (7° e 8° ano),-1,-1.0,False,-1.0,Defasado,1.0,Ágata,6.299166667,5.0,6.0,9.0,0.0,2.52,8.125,8.673333333,5.0,7.0,,,,,,,
RA-546,2023,Aluno-546,2011,2011-04-06,12.0,Feminino,2021,Pública,,,FASE 2,2.0,FASE 2,2H,FASE 3,3.0,Fase 3 (7° e 8° ano),-1,-1.0,False,-1.0,Defasado,1.0,Ágata,6.031666667,5.0,5.7,7.2,0.0,2.52,8.75,9.173333333,3.5,7.8,,,,,,,
RA-557,2023,Aluno-557,2012,2012-12-01,11.0,Masculino,2019,Pública,,,FASE 2,2.0,FASE 2,2H,FASE 2,2.0,Fase 2 (5° e 6° ano),0,0.0,False,0.0,Adequado,0.0,Topázio,8.7717,10.0,8.9,8.2,10.0,5.0,9.375,9.62,8.0,9.7,,,,,,,
RA-1106,2023,Aluno-1106,2011,2011-05-19,12.0,Masculino,2023,Pública,,,FASE 2,2.0,FASE 2,2H,FASE 3,3.0,Fase 3 (7° e 8° ano),-1,-1.0,False,-1.0,Defasado,1.0,Ametista,7.1642,5.0,5.1,9.3,8.5,5.0,8.333333333,8.003333333,5.2,5.0,,,,,,,
RA-558,2023,Aluno-558,2008,2008-02-09,15.0,Masculino,2022,Pública,,,FASE 2,2.0,FASE 2,2H,FASE 5,5.0,Fase 5 (1° EM),-3,-3.0,False,-3.0,Defasado,1.0,Ágata,6.615333333,2.5,6.0,9.4,7.8,5.0,6.458333333,6.78,5.7,6.3,,,,,,,
RA-560,2023,Aluno-560,2011,2011-06-06,12.0,Masculino,2020,Pública,,,FASE 2,2.0,FASE 2,2H,FASE 3,3.0,Fase 3 (7° e 8° ano),-1,-1.0,False,-1.0,Defasado,1.0,Quartzo,4.932,5.0,4.0,8.4,0.0,2.52,5.0,6.0,2.3,5.7,,,,,,,
RA-1107,2023,Aluno-1107,2010,2010-12-20,12.0,Feminino,2023,Pública,,,FASE 2,2.0,FASE 2,2H,FASE 3,3.0,Fase 3 (7° e 8° ano),-1,-1.0,False,-1.0,Defasado,1.0,Ametista,7.9327,5.0,7.5,9.4,9.0,5.0,8.958333333,8.783333333,8.0,7.0,,,,,,,
RA-1108,2023,Aluno-1108,2010,2010-12-16,12.0,Masculino,2023,Pública,,,FASE 2,2.0,FASE 2,2H,FASE 3,3.0,Fase 3 (7° e 8° ano),-1,-1.0,False,-1.0,Defasado,1.0,Ágata,6.310833333,5.0,4.7,9.3,0.0,5.0,8.541666667,8.283333333,3.7,5.7,,,,,,,
RA-542,2023,Aluno-542,2011,2011-09-20,12.0,Feminino,2019,Pública,,,FASE 2,2.0,FASE 2,2H,FASE 3,3.0,Fase 3 (7° e 8° ano),-1,-1.0,False,-1.0,Defasado,1.0,Ametista,7.816533333,5.0,6.3,9.7,9.5,5.0,8.75,9.006666667,5.2,7.3,,,,,,,
RA-543,2023,Aluno-543,2012,2012-08-31,11.0,Feminino,2022,Pública,,,FASE 2,2.0,FASE 2,2H,FASE 2,2.0,Fase 2 (5° e 6° ano),0,0.0,False,0.0,Adequado,0.0,Ametista,7.971833333,10.0,6.5,9.8,7.8,2.52,8.75,9.006666667,5.5,7.5,,,,,,,
RA-556,2023,Aluno-556,2011,2011-02-05,12.0,Feminino,2018,Pública,,,FASE 2,2.0,FASE 2,2H,FASE 3,3.0,Fase 3 (7° e 8° ano),-1,-1.0,False,-1.0,Defasado,1.0,Ametista,7.7482,5.0,7.2,9.6,8.5,2.52,9.166666667,9.396666667,6.5,7.8,,,,,,,
RA-1109,2023,Aluno-1109,2009,2009-03-18,14.0,Masculino,2023,Pública,,,FASE 2,2.0,FASE 2,2H,FASE 4,4.0,Fase 4 (9° ano),-2,-2.0,False,-2.0,Defasado,1.0,Ágata,6.277533333,5.0,3.4,6.4,10.0,5.0,7.5,7.836666667,3.5,3.3,,,,,,,
RA-389,2023,Aluno-389,2011,2011-12-01,12.0,Masculino,2019,Pública,,,FASE 2,2.0,FASE 2,2H,FASE 3,3.0,Fase 3 (7° e 8° ano),-1,-1.0,False,-1.0,Defasado,1.0,Ágata,6.687,5.0,8.2,8.2,0.0,2.52,8.75,8.95,6.8,9.5,,,,,,,
RA-1110,2023,Aluno-1110,2011,2011-05-30,12.0,Feminino,2023,Pública,,,FASE 2,2.0,FASE 2,2H,FASE 3,3.0,Fase 3 (7° e 8° ano),-1,-1.0,False,-1.0,Defasado,1.0,Ametista,7.248566667,5.0,6.8,9.2,4.6,5.0,8.541666667,8.73,6.5,7.0,,,,,,,
RA-568,2023,Aluno-568,2008,2008-08-05,15.0,Masculino,2018,Pública,,,FASE 2,2.0,FASE 2,2I,FASE 5,5.0,Fase 5 (1° EM),-3,-3.0,False,-3.0,Defasado,1.0,Ágata,6.9647,2.5,7.6,7.9,7.0,5.0,8.125,8.01,8.5,6.7,,,,,,,
RA-562,2023,Aluno-562,2011,2011-07-27,12.0,Feminino,2021,Pública,,,FASE 2,2.0,FASE 2,2I,FASE 3,3.0,Fase 3 (7° e 8° ano),-1,-1.0,False,-1.0,Defasado,1.0,Ágata,6.824833333,5.0,8.7,8.5,0.0,2.52,8.541666667,8.893333333,7.7,9.7,,,,,,,
RA-1111,2023,Aluno-1111,2012,2012-09-07,11.0,Feminino,2023,Pública,,,FASE 2,2.0,FASE 2,2I,FASE 2,2.0,Fase 2 (5° e 6° ano),0,0.0,False,0.0,Adequado,0.0,Ágata,6.559166667,10.0,5.4,8.9,0.0,2.52,8.125,8.173333333,4.8,6.0,,,,,,,
RA-1112,2023,Aluno-1112,2011,2011-06-28,12.0,Masculino,2023,Pública,,,FASE 2,2.0,FASE 2,2I,FASE 3,3.0,Fase 3 (7° e 8° ano),-1,-1.0,False,-1.0,Defasado,1.0,Ametista,7.088866667,5.0,6.3,7.9,9.5,2.52,8.333333333,8.616666667,5.2,7.3,,,,,,,
RA-525,2023,Aluno-525,2011,2011-09-05,12.0,Feminino,2021,Pública,,,FASE 2,2.0,FASE 2,2I,FASE 3,3.0,Fase 3 (7° e 8° ano),-1,-1.0,False,-1.0,Defasado,1.0,Ametista,7.911366667,5.0,9.2,8.6,8.0,2.52,8.958333333,9.566666667,8.8,9.5,,,,,,,
RA-357,2023,Aluno-357,2010,2010-05-30,13.0,Masculino,2022,Pública,,,FASE 2,2.0,FASE 2,2I,FASE 3,3.0,Fase 3 (7° e 8° ano),-1,-1.0,False,-1.0,Defasado,1.0,Topázio,8.2832,5.0,8.7,9.6,8.5,7.52,8.75,8.23,8.7,8.7,,,,,,,
RA-583,2023,Aluno-583,2010,2010-12-10,13.0,Feminino,2019,Pública,,,FASE 2,2.0,FASE 2,2I,FASE 3,3.0,Fase 3 (7° e 8° ano),-1,-1.0,False,-1.0,Defasado,1.0,Ametista,7.838866667,5.0,6.3,9.4,9.0,7.52,8.333333333,8.616666667,5.5,7.0,,,,,,,
RA-584,2023,Aluno-584,2012,2012-03-13,11.0,Feminino,2019,Pública,,,FASE 2,2.0,FASE 2,2I,FASE 2,2.0,Fase 2 (5° e 6° ano),0,0.0,False,0.0,Adequado,0.0,Ametista,7.697533333,10.0,5.8,9.0,9.5,2.52,8.333333333,8.56,5.0,6.5,,,,,,,
RA-586,2023,Aluno-586,2012,2012-11-18,10.0,Feminino,2021,Privada - Programa de Apadrinhamento,,,FASE 2,2.0,FASE 2,2K,FASE 2,2.0,Fase 2 (5° e 6° ano),0,0.0,False,0.0,Adequado,0.0,Topázio,8.4242,10.0,8.4,10.0,8.0,2.52,8.333333333,9.343333333,7.5,9.2,,,,,,,
RA-1113,2023,Aluno-1113,2011,2011-10-06,12.0,Masculino,2023,Pública,,,FASE 2,2.0,FASE 2,2K,FASE 3,3.0,Fase 3 (7° e 8° ano),-1,-1.0,False,-1.0,Defasado,1.0,Quartzo,5.636666667,5.0,5.0,6.0,0.0,7.52,7.5,7.173333333,5.0,5.0,,,,,,,
RA-413,2023,Aluno-413,2010,2010-08-13,13.0,Feminino,2022,Pública,,,FASE 2,2.0,FASE 2,2K,FASE 3,3.0,Fase 3 (7° e 8° ano),-1,-1.0,False,-1.0,Defasado,1.0,Ágata,6.803633333,5.0,6.3,8.9,7.9,2.52,7.291666667,7.503333333,5.8,6.7,,,,,,,
RA-599,2023,Aluno-599,2012,2012-10-31,10.0,Masculino,2022,Pública,,,FASE 2,2.0,FASE 2,2K,FASE 2,2.0,Fase 2 (5° e 6° ano),0,0.0,False,0.0,Adequado,0.0,Topázio,8.532866667,10.0,8.5,9.5,10.0,2.52,8.333333333,9.286666667,8.2,8.7,,,,,,,
RA-1114,2023,Aluno-1114,2011,2011-11-14,11.0,Feminino,2023,Pública,,,FASE 2,2.0,FASE 2,2K,FASE 2,2.0,Fase 2 (5° e 6° ano),0,0.0,False,0.0,Adequado,0.0,Ametista,7.5667,10.0,4.9,9.8,8.5,2.52,8.125,8.56,4.3,5.5,,,,,,,
RA-401,2023,Aluno-401,2010,2010-10-28,12.0,Feminino,2021,Pública,,,FASE 2,2.0,FASE 2,2K,FASE 3,3.0,Fase 3 (7° e 8° ano),-1,-1.0,False,-1.0,Defasado,1.0,Ágata,6.363666667,5.0,7.3,8.1,4.0,2.52,7.083333333,7.116666667,6.3,8.3,,,,,,,
RA-1115,2023,Aluno-1115,2012,2012-10-10,11.0,Feminino,2023,Pública,,,FASE 2,2.0,FASE 2,2K,FASE 2,2.0,Fase 2 (5° e 6° ano),0,0.0,False,0.0,Adequado,0.0,Ágata,6.474,10.0,4.0,8.3,0.0,7.52,7.5,7.56,6.0,2.0,,,,,,,
RA-1116,2023,Aluno-1116,2009,2009-10-27,13.0,Masculino,2023,Pública,,,FASE 2,2.0,FASE 2,2K,FASE 3,3.0,Fase 3 (7° e 8° ano),-1,-1.0,False,-1.0,Defasado,1.0,Ágata,6.956533333,5.0,4.9,9.2,9.5,5.0,7.083333333,7.39,3.8,6.0,,,,,,,
RA-604,2023,Aluno-604,2012,2012-05-10,11.0,Feminino,2021,Pública,,,FASE 2,2.0,FASE 2,2K,FASE 2,2.0,Fase 2 (5° e 6° ano),0,0.0,False,0.0,Adequado,0.0,Topázio,8.548033333,10.0,7.5,9.3,9.0,7.52,8.125,8.616666667,6.0,9.0,,,,,,,
RA-605,2023,Aluno-605,2010,2010-11-29,12.0,Feminino,2021,Pública,,,FASE 2,2.0,FASE 2,2K,FASE 3,3.0,Fase 3 (7° e 8° ano),-1,-1.0,False,-1.0,Defasado,1.0,Ametista,7.709366667,5.0,6.8,9.5,9.0,7.52,7.291666667,7.84,4.8,8.8,,,,,,,
RA-668,2023,Aluno-668,2011,2011-03-18,12.0,Masculino,2022,Pública,,,FASE 2,2.0,FASE 2,2K,FASE 3,3.0,Fase 3 (7° e 8° ano),-1,-1.0,False,-1.0,Defasado,1.0,Ágata,6.017933333,5.0,3.4,6.3,6.3,7.52,6.875,7.616666667,2.7,4.0,,,,,,,
RA-1117,2023,Aluno-1117,2012,2012-04-10,11.0,Feminino,2023,Pública,,,FASE 2,2.0,FASE 2,2K,FASE 2,2.0,Fase 2 (5° e 6° ano),0,0.0,False,0.0,Adequado,0.0,Topázio,8.382366667,10.0,7.3,9.6,9.0,7.52,7.708333333,7.946666667,6.0,8.5,,,,,,,
RA-1118,2023,Aluno-1118,2010,2010-04-11,12.0,Feminino,2023,Pública,,,FASE 2,2.0,FASE 2,2K,FASE 3,3.0,Fase 3 (7° e 8° ano),-1,-1.0,False,-1.0,Defasado,1.0,Ametista,7.163833333,5.0,6.0,8.8,5.3,7.52,7.708333333,8.28,4.8,7.2,,,,,,,
RA-610,2023,Aluno-610,2013,2013-05-01,10.0,Feminino,2022,Pública,,,FASE 2,2.0,FASE 2,2K,FASE 2,2.0,Fase 2 (5° e 6° ano),0,0.0,False,0.0,Adequado,0.0,Topázio,8.2857,10.0,7.0,10.0,10.0,2.52,8.541666667,8.896666667,6.3,7.7,,,,,,,
RA-409,2023,Aluno-409,2011,2011-04-07,12.0,Feminino,2022,Pública,,,FASE 2,2.0,FASE 2,2K,FASE 3,3.0,Fase 3 (7° e 8° ano),-1,-1.0,False,-1.0,Defasado,1.0,Ametista,7.621466667,5.0,8.0,9.5,8.4,2.52,7.916666667,8.73,6.2,9.7,,,,,,,
RA-466,2023,Aluno-466,2009,2009-10-22,14.0,Masculino,2022,Pública,,,FASE 2,2.0,FASE 2,2L,FASE 4,4.0,Fase 4 (9° ano),-2,-2.0,False,-2.0,Defasado,1.0,Ágata,6.595533333,5.0,4.5,7.6,9.5,6.89,6.25,7.056666667,2.5,6.5,,,,,,,
RA-760,2023,Aluno-760,2011,2011-11-01,12.0,Masculino,2021,Pública,,,FASE 2,2.0,FASE 2,2L,FASE 3,3.0,Fase 3 (7° e 8° ano),-1,-1.0,False,-1.0,Defasado,1.0,Ágata,6.548333333,5.0,6.3,8.8,0.0,7.52,7.083333333,7.84,5.8,6.8,,,,,,,
RA-404,2023,Aluno-404,2010,2010-10-09,13.0,Feminino,2020,Pública,,,FASE 2,2.0,FASE 2,2L,FASE 3,3.0,Fase 3 (7° e 8° ano),-1,-1.0,False,-1.0,Defasado,1.0,Ágata,6.7093,5.0,6.0,8.3,7.9,5.02,6.875,6.89,4.7,7.2,,,,,,,
RA-590,2023,Aluno-590,2012,2012-05-29,11.0,Feminino,2020,Privada,,,FASE 2,2.0,FASE 2,2L,FASE 2,2.0,Fase 2 (5° e 6° ano),0,0.0,False,0.0,Adequado,0.0,Ametista,7.647666667,10.0,6.5,9.7,6.3,3.77,7.291666667,8.34,5.7,7.3,,,,,,,
RA-469,2023,Aluno-469,2011,2011-07-10,12.0,Feminino,2022,Pública,,,FASE 2,2.0,FASE 2,2L,FASE 3,3.0,Fase 3 (7° e 8° ano),-1,-1.0,False,-1.0,Defasado,1.0,Ametista,7.482533333,5.0,7.8,9.3,7.5,2.52,7.916666667,8.843333333,6.8,8.8,,,,,,,
RA-1119,2023,Aluno-1119,2010,2010-04-29,13.0,Feminino,2023,Pública,,,FASE 2,2.0,FASE 2,2L,FASE 3,3.0,Fase 3 (7° e 8° ano),-1,-1.0,False,-1.0,Defasado,1.0,Ametista,7.192,5.0,5.9,9.7,7.3,3.77,7.708333333,8.453333333,3.0,8.8,,,,,,,
RA-1120,2023,Aluno-1120,2012,2012-03-30,11.0,Feminino,2023,Pública,,,FASE 2,2.0,FASE 2,2L,FASE 2,2.0,Fase 2 (5° e 6° ano),0,0.0,False,0.0,Adequado,0.0,Topázio,9.103366667,10.0,8.3,9.6,9.5,7.52,8.958333333,9.676666667,7.3,9.2,,,,,,,
RA-472,2023,Aluno-472,2010,2010-08-09,13.0,Feminino,2022,Pública,,,FASE 2,2.0,FASE 2,2L,FASE 3,3.0,Fase 3 (7° e 8° ano),-1,-1.0,False,-1.0,Defasado,1.0,Ágata,6.6858,5.0,5.5,7.1,5.1,7.52,7.708333333,8.223333333,3.7,7.2,,,,,,,
RA-1121,2023,Aluno-1121,2012,2012-08-01,11.0,Masculino,2023,Pública,,,FASE 2,2.0,FASE 2,2L,FASE 2,2.0,Fase 2 (5° e 6° ano),0,0.0,False,0.0,Adequado,0.0,Topázio,8.049,10.0,8.0,9.9,0.0,6.26,8.75,9.84,6.5,9.5,,,,,,,
RA-1122,2023,Aluno-1122,2012,2012-09-30,11.0,Masculino,2023,Pública,,,FASE 2,2.0,FASE 2,2L,FASE 2,2.0,Fase 2 (5° e 6° ano),0,0.0,False,0.0,Adequado,0.0,Ametista,7.3715,10.0,6.9,9.3,0.0,6.89,7.291666667,8.616666667,5.2,8.5,,,,,,,
RA-438,2023,Aluno-438,2012,2012-11-03,11.0,Masculino,2022,Pública,,,FASE 2,2.0,FASE 2,2L,FASE 2,2.0,Fase 2 (5° e 6° ano),0,0.0,False,0.0,Adequado,0.0,Ágata,6.9883,10.0,5.4,7.5,6.9,6.26,6.458333333,7.223333333,3.5,7.3,,,,,,,
RA-408,2023,Aluno-408,2010,2010-08-29,13.0,Feminino,2022,Pública,,,FASE 2,2.0,FASE 2,2L,FASE 3,3.0,Fase 3 (7° e 8° ano),-1,-1.0,False,-1.0,Defasado,1.0,Ametista,7.242133333,5.0,6.8,8.5,7.9,3.77,8.333333333,8.45,6.0,7.5,,,,,,,
RA-1123,2023,Aluno-1123,2010,2010-05-12,12.0,Masculino,2023,Pública,,,FASE 2,2.0,FASE 2,2L,FASE 3,3.0,Fase 3 (7° e 8° ano),-1,-1.0,False,-1.0,Defasado,1.0,Ágata,6.9565,5.0,5.3,8.9,7.3,7.52,7.083333333,7.113333333,3.8,6.8,,,,,,,
RA-1124,2023,Aluno-1124,2009,2009-10-20,14.0,Feminino,2023,Pública,,,FASE 2,2.0,FASE 2,2M,FASE 4,4.0,Fase 4 (9° ano),-2,-2.0,False,-2.0,Defasado,1.0,Ágata,6.667866667,5.0,3.0,8.0,9.5,7.52,7.083333333,7.786666667,1.0,5.0,,,,,,,
RA-623,2023,Aluno-623,2009,2009-09-25,14.0,Masculino,2022,Pública,,,FASE 2,2.0,FASE 2,2M,FASE 4,4.0,Fase 4 (9° ano),-2,-2.0,False,-2.0,Defasado,1.0,Ametista,7.8307,5.0,7.3,9.5,10.0,7.52,7.291666667,7.446666667,5.8,8.8,,,,,,,
RA-661,2023,Aluno-661,2011,2011-02-11,11.0,Masculino,2022,Pública,,,FASE 2,2.0,FASE 2,2M,FASE 2,2.0,Fase 2 (5° e 6° ano),0,0.0,False,0.0,Adequado,0.0,Ágata,6.846333333,10.0,6.5,7.7,0.0,6.89,7.5,7.836666667,4.3,8.7,,,,,,,
RA-626,2023,Aluno-626,2011,2011-06-27,12.0,Masculino,2021,Pública,,,FASE 2,2.0,FASE 2,2M,FASE 3,3.0,Fase 3 (7° e 8° ano),-1,-1.0,False,-1.0,Defasado,1.0,Ametista,7.231033333,5.0,6.5,9.2,9.0,4.39,7.291666667,7.613333333,4.7,8.3,,,,,,,
RA-433,2023,Aluno-433,2010,2010-10-10,13.0,Masculino,2022,Pública,,,FASE 2,2.0,FASE 2,2M,FASE 3,3.0,Fase 3 (7° e 8° ano),-1,-1.0,False,-1.0,Defasado,1.0,Ágata,6.5982,5.0,4.8,7.2,8.5,7.52,5.833333333,7.613333333,1.8,7.7,,,,,,,
RA-614,2023,Aluno-614,2010,2010-06-13,13.0,Masculino,2021,Pública,,,FASE 2,2.0,FASE 2,2M,FASE 3,3.0,Fase 3 (7° e 8° ano),-1,-1.0,False,-1.0,Defasado,1.0,Topázio,8.2282,5.0,8.6,9.1,9.0,7.52,8.333333333,8.563333333,8.8,8.3,,,,,,,
RA-434,2023,Aluno-434,2011,2011-01-19,12.0,Masculino,2022,Pública,,,FASE 2,2.0,FASE 2,2M,FASE 3,3.0,Fase 3 (7° e 8° ano),-1,-1.0,False,-1.0,Defasado,1.0,Ametista,7.069766667,5.0,6.6,8.0,6.3,7.52,7.5,7.613333333,5.2,8.0,,,,,,,
RA-603,2023,Aluno-603,2011,2011-11-25,11.0,Masculino,2022,Pública,,,FASE 2,2.0,FASE 2,2M,FASE 2,2.0,Fase 2 (5° e 6° ano),0,0.0,False,0.0,Adequado,0.0,Ágata,6.748833333,10.0,7.0,8.9,0.0,2.52,7.708333333,7.78,5.7,8.2,,,,,,,
RA-436,2023,Aluno-436,2011,2011-01-15,12.0,Masculino,2022,Pública,,,FASE 2,2.0,FASE 2,2M,FASE 3,3.0,Fase 3 (7° e 8° ano),-1,-1.0,False,-1.0,Defasado,1.0,Quartzo,5.322366667,5.0,3.4,4.7,7.5,2.52,6.875,7.613333333,3.7,3.0,,,,,,,
RA-616,2023,Aluno-616,2010,2010-09-08,13.0,Masculino,2019,Pública,,,FASE 2,2.0,FASE 2,2M,FASE 3,3.0,Fase 3 (7° e 8° ano),-1,-1.0,False,-1.0,Defasado,1.0,Quartzo,5.612,5.0,6.8,6.6,0.0,5.02,5.833333333,6.783333333,5.5,8.0,,,,,,,
RA-437,2023,Aluno-437,2009,2009-02-10,14.0,Masculino,2022,Pública,,,FASE 2,2.0,FASE 2,2M,FASE 4,4.0,Fase 4 (9° ano),-2,-2.0,False,-2.0,Defasado,1.0,Ágata,6.947366667,5.0,4.7,8.4,8.0,7.52,7.291666667,7.78,2.5,6.8,,,,,,,
RA-1125,2023,Aluno-1125,2012,2012-03-03,11.0,Feminino,2023,Pública,,,FASE 2,2.0,FASE 2,2M,FASE 2,2.0,Fase 2 (5° e 6° ano),0,0.0,False,0.0,Adequado,0.0,Ágata,6.655366667,10.0,4.0,7.9,4.7,7.52,6.666666667,6.95,1.0,7.0,,,,,,,
RA-619,2023,Aluno-619,2011,2011-12-22,11.0,Feminino,2021,Pública,,,FASE 2,2.0,FASE 2,2M,FASE 2,2.0,Fase 2 (5° e 6° ano),0,0.0,False,0.0,Adequado,0.0,Ametista,7.891366667,10.0,9.0,7.1,9.0,3.77,7.708333333,8.116666667,8.5,9.5,,,,,,,
RA-620,2023,Aluno-620,2010,2010-07-22,13.0,Masculino,2021,Pública,,,FASE 2,2.0,FASE 2,2M,FASE 3,3.0,Fase 3 (7° e 8° ano),-1,-1.0,False,-1.0,Defasado,1.0,Ametista,7.043666667,5.0,6.2,8.4,6.8,7.52,6.875,7.503333333,5.2,7.2,,,,,,,
RA-1126,2023,Aluno-1126,2011,2011-05-18,12.0,Feminino,2023,Pública,,,FASE 2,2.0,FASE 2,2M,FASE 3,3.0,Fase 3 (7° e 8° ano),-1,-1.0,False,-1.0,Defasado,1.0,,,5.0,,5.2,0.0,3.77,7.291666667,7.06,,,,,,,,,
RA-1127,2023,Aluno-1127,2012,2012-07-03,11.0,Feminino,2023,Pública,,,FASE 2,2.0,FASE 2,2N,FASE 2,2.0,Fase 2 (5° e 6° ano),0,0.0,False,0.0,Adequado,0.0,Topázio,8.3167,10.0,6.9,9.9,8.5,5.02,8.125,9.01,5.0,8.7,,,,,,,
RA-1128,2023,Aluno-1128,2011,2011-02-15,12.0,Masculino,2023,Pública,,,FASE 2,2.0,FASE 2,2N,FASE 3,3.0,Fase 3 (7° e 8° ano),-1,-1.0,False,-1.0,Defasado,1.0,Ágata,6.404533333,5.0,3.5,7.3,9.5,5.02,7.916666667,7.503333333,3.0,4.0,,,,,,,
RA-1129,2023,Aluno-1129,2012,2012-01-31,11.0,Masculino,2023,Pública,,,FASE 2,2.0,FASE 2,2N,FASE 2,2.0,Fase 2 (5° e 6° ano),0,0.0,False,0.0,Adequado,0.0,Ametista,7.309333333,10.0,7.8,9.2,0.0,6.27,7.916666667,7.503333333,6.8,8.7,,,,,,,
RA-1130,2023,Aluno-1130,2012,2012-03-21,11.0,Masculino,2023,Pública,,,FASE 2,2.0,FASE 2,2N,FASE 2,2.0,Fase 2 (5° e 6° ano),0,0.0,False,0.0,Adequado,0.0,Topázio,8.0037,10.0,7.3,8.4,8.5,7.52,7.708333333,7.503333333,6.3,8.2,,,,,,,
RA-1131,2023,Aluno-1131,2011,2011-04-19,12.0,Feminino,2023,Pública,,,FASE 2,2.0,FASE 2,2N,FASE 3,3.0,Fase 3 (7° e 8° ano),-1,-1.0,False,-1.0,Defasado,1.0,Topázio,8.316133333,5.0,9.1,9.9,7.9,5.02,8.75,9.286666667,8.3,9.8,,,,,,,
RA-1132,2023,Aluno-1132,2011,2011-01-28,12.0,Masculino,2023,Pública,,,FASE 2,2.0,FASE 2,2N,FASE 3,3.0,Fase 3 (7° e 8° ano),-1,-1.0,False,-1.0,Defasado,1.0,Ágata,6.829533333,5.0,5.8,6.3,10.0,6.27,7.916666667,7.503333333,5.2,6.3,,,,,,,
RA-1133,2023,Aluno-1133,2013,2013-02-19,10.0,Feminino,2023,Pública,,,FASE 2,2.0,FASE 2,2N,FASE 2,2.0,Fase 2 (5° e 6° ano),0,0.0,False,0.0,Adequado,0.0,Topázio,8.600033333,10.0,6.5,10.0,9.5,6.27,8.541666667,9.343333333,5.0,8.0,,,,,,,
RA-1134,2023,Aluno-1134,2011,2011-11-28,11.0,Masculino,2023,Pública,,,FASE 2,2.0,FASE 2,2N,FASE 2,2.0,Fase 2 (5° e 6° ano),0,0.0,False,0.0,Adequado,0.0,Ametista,7.769866667,10.0,6.8,9.7,8.0,3.76,7.916666667,7.56,5.5,8.0,,,,,,,
RA-618,2023,Aluno-618,2009,2009-06-02,14.0,Masculino,2020,Pública,,,FASE 2,2.0,FASE 2,2N,FASE 4,4.0,Fase 4 (9° ano),-2,-2.0,False,-2.0,Defasado,1.0,Ágata,6.4745,5.0,6.2,9.2,0.0,5.02,8.125,7.95,4.5,7.8,,,,,,,
RA-631,2023,Aluno-631,2010,2010-08-28,13.0,Masculino,2022,Pública,,,FASE 2,2.0,FASE 2,2N,FASE 3,3.0,Fase 3 (7° e 8° ano),-1,-1.0,False,-1.0,Defasado,1.0,Quartzo,5.954666667,5.0,7.0,6.4,0.0,6.27,7.916666667,6.78,6.0,8.0,,,,,,,
RA-646,2023,Aluno-646,2009,2009-12-19,13.0,Masculino,2019,Pública,,,FASE 2,2.0,FASE 2,2P,FASE 3,3.0,Fase 3 (7° e 8° ano),-1,-1.0,False,-1.0,Defasado,1.0,Topázio,8.3547,5.0,8.4,8.9,10.0,7.52,8.958333333,8.783333333,8.2,8.5,,,,,,,
RA-451,2023,Aluno-451,2009,2009-07-27,14.0,Feminino,2019,Pública,,,FASE 2,2.0,FASE 2,2P,FASE 4,4.0,Fase 4 (9° ano),-2,-2.0,False,-2.0,Defasado,1.0,Topázio,8.386033333,5.0,8.9,9.5,8.5,4.39,9.375,9.896666667,7.8,10.0,,,,,,,
RA-1135,2023,Aluno-1135,2011,2011-11-18,11.0,Masculino,2023,Pública,,,FASE 2,2.0,FASE 2,2P,FASE 2,2.0,Fase 2 (5° e 6° ano),0,0.0,False,0.0,Adequado,0.0,Ametista,7.453833333,10.0,7.2,9.4,0.0,7.52,8.125,7.896666667,4.8,9.5,,,,,,,
RA-649,2023,Aluno-649,2010,2010-08-07,13.0,Feminino,2019,Pública,,,FASE 2,2.0,FASE 2,2P,FASE 3,3.0,Fase 3 (7° e 8° ano),-1,-1.0,False,-1.0,Defasado,1.0,Ametista,7.579533333,5.0,6.5,9.3,9.0,3.77,8.75,8.836666667,3.8,9.2,,,,,,,
RA-651,2023,Aluno-651,2012,2012-08-10,11.0,Feminino,2022,Pública,,,FASE 2,2.0,FASE 2,2P,FASE 2,2.0,Fase 2 (5° e 6° ano),0,0.0,False,0.0,Adequado,0.0,Ametista,7.332,10.0,9.3,8.2,0.0,3.77,8.75,7.95,9.8,8.7,,,,,,,
RA-1136,2023,Aluno-1136,2009,2009-11-23,13.0,Feminino,2023,Pública,,,FASE 2,2.0,FASE 2,2P,FASE 3,3.0,Fase 3 (7° e 8° ano),-1,-1.0,False,-1.0,Defasado,1.0,Ágata,6.7351,5.0,6.6,8.1,6.8,2.52,8.333333333,7.723333333,4.8,8.3,,,,,,,
RA-653,2023,Aluno-653,2011,2011-03-29,12.0,Feminino,2022,Pública,,,FASE 2,2.0,FASE 2,2P,FASE 3,3.0,Fase 3 (7° e 8° ano),-1,-1.0,False,-1.0,Defasado,1.0,Ametista,7.385666667,5.0,7.9,9.8,0.0,6.27,9.166666667,9.06,7.7,8.0,,,,,,,
RA-456,2023,Aluno-456,2010,2010-11-20,12.0,Feminino,2022,Pública,,,FASE 2,2.0,FASE 2,2P,FASE 3,3.0,Fase 3 (7° e 8° ano),-1,-1.0,False,-1.0,Defasado,1.0,Ametista,7.518,5.0,9.9,8.3,0.0,4.39,9.583333333,9.953333333,9.7,10.0,,,,,,,
RA-655,2023,Aluno-655,2010,2010-09-23,13.0,Feminino,2019,Pública,,,FASE 2,2.0,FASE 2,2P,FASE 3,3.0,Fase 3 (7° e 8° ano),-1,-1.0,False,-1.0,Defasado,1.0,Topázio,8.3198,5.0,8.3,9.9,7.4,7.52,9.166666667,8.896666667,7.2,9.3,,,,,,,
RA-656,2023,Aluno-656,2011,2011-06-22,12.0,Feminino,2020,Pública,,,FASE 2,2.0,FASE 2,2P,FASE 3,3.0,Fase 3 (7° e 8° ano),-1,-1.0,False,-1.0,Defasado,1.0,Ágata,6.780833333,5.0,7.3,8.9,0.0,7.52,8.541666667,7.173333333,5.8,8.8,,,,,,,
RA-657,2023,Aluno-657,2010,2010-09-11,12.0,Feminino,2021,Pública,,,FASE 2,2.0,FASE 2,2P,FASE 3,3.0,Fase 3 (7° e 8° ano),-1,-1.0,False,-1.0,Defasado,1.0,Topázio,8.3532,5.0,8.2,10.0,8.5,7.52,8.75,8.73,7.0,9.3,,,,,,,
RA-644,2023,Aluno-644,2011,2011-04-10,12.0,Feminino,2021,Pública,,,FASE 2,2.0,FASE 2,2P,FASE 3,3.0,Fase 3 (7° e 8° ano),-1,-1.0,False,-1.0,Defasado,1.0,Ágata,6.897033333,5.0,5.9,5.6,10.0,7.52,8.541666667,7.503333333,4.0,7.7,,,,,,,
RA-461,2023,Aluno-461,2010,2010-12-30,12.0,Feminino,2018,Pública,,,FASE 2,2.0,FASE 2,2P,FASE 3,3.0,Fase 3 (7° e 8° ano),-1,-1.0,False,-1.0,Defasado,1.0,Ametista,7.2379,5.0,7.4,7.9,7.3,3.77,8.541666667,8.616666667,5.7,9.0,,,,,,,
RA-632,2023,Aluno-632,2012,2012-04-21,11.0,Feminino,2022,Pública,,,FASE 2,2.0,FASE 2,2R,FASE 2,2.0,Fase 2 (5° e 6° ano),0,0.0,False,0.0,Adequado,0.0,Ametista,7.8768,10.0,7.4,9.1,4.7,5.64,8.333333333,8.563333333,6.8,8.0,,,,,,,
RA-633,2023,Aluno-633,2011,2011-03-06,12.0,Feminino,2020,Pública,,,FASE 2,2.0,FASE 2,2R,FASE 3,3.0,Fase 3 (7° e 8° ano),-1,-1.0,False,-1.0,Defasado,1.0,Ágata,6.6552,5.0,7.2,8.1,1.7,6.27,8.541666667,7.286666667,5.3,9.0,,,,,,,
RA-1137,2023,Aluno-1137,2013,2013-02-27,10.0,Feminino,2023,Pública,,,FASE 2,2.0,FASE 2,2R,FASE 2,2.0,Fase 2 (5° e 6° ano),0,0.0,False,0.0,Adequado,0.0,Topázio,8.743366667,10.0,6.5,9.8,9.5,6.27,9.375,9.843333333,6.0,7.0,,,,,,,
RA-1138,2023,Aluno-1138,2011,2011-09-16,12.0,Feminino,2023,Pública,,,FASE 2,2.0,FASE 2,2R,FASE 3,3.0,Fase 3 (7° e 8° ano),-1,-1.0,False,-1.0,Defasado,1.0,Topázio,8.3472,5.0,9.3,9.2,9.0,6.27,9.166666667,8.566666667,9.0,9.5,,,,,,,
RA-1139,2023,Aluno-1139,2012,2012-09-16,11.0,Masculino,2023,Pública,,,FASE 2,2.0,FASE 2,2R,FASE 2,2.0,Fase 2 (5° e 6° ano),0,0.0,False,0.0,Adequado,0.0,Ametista,7.6647,10.0,5.3,9.1,8.5,5.64,8.125,7.79,6.3,4.3,,,,,,,
RA-1140,2023,Aluno-1140,2012,2012-08-28,11.0,Feminino,2023,Pública,,,FASE 2,2.0,FASE 2,2R,FASE 2,2.0,Fase 2 (5° e 6° ano),0,0.0,False,0.0,Adequado,0.0,Ametista,7.703533333,10.0,7.3,8.7,4.7,7.52,7.708333333,7.62,8.5,6.0,,,,,,,
RA-445,2023,Aluno-445,2010,2010-07-30,13.0,Masculino,2022,Pública,,,FASE 2,2.0,FASE 2,2R,FASE 3,3.0,Fase 3 (7° e 8° ano),-1,-1.0,False,-1.0,Defasado,1.0,Ametista,7.9087,5.0,8.4,8.8,8.0,6.89,8.541666667,8.176666667,7.7,9.0,,,,,,,
RA-1141,2023,Aluno-1141,2011,2011-06-27,12.0,Feminino,2023,Pública,,,FASE 2,2.0,FASE 2,2R,FASE 3,3.0,Fase 3 (7° e 8° ano),-1,-1.0,False,-1.0,Defasado,1.0,Ametista,7.2757,5.0,5.9,8.8,9.0,7.52,7.708333333,7.113333333,5.5,6.2,,,,,,,
RA-639,2023,Aluno-639,2012,2012-02-24,11.0,Feminino,2021,Pública,,,FASE 2,2.0,FASE 2,2R,FASE 2,2.0,Fase 2 (5° e 6° ano),0,0.0,False,0.0,Adequado,0.0,Ametista,7.5853,10.0,6.3,8.1,7.4,6.27,8.125,7.62,4.8,7.8,,,,,,,
RA-1142,2023,Aluno-1142,2012,2012-05-28,11.0,Feminino,2023,Pública,,,FASE 2,2.0,FASE 2,2R,FASE 2,2.0,Fase 2 (5° e 6° ano),0,0.0,False,0.0,Adequado,0.0,Topázio,9.175033333,10.0,10.0,10.0,9.0,7.52,8.541666667,8.343333333,10.0,10.0,,,,,,,
RA-642,2023,Aluno-642,2012,2012-02-01,11.0,Feminino,2021,Pública,,,FASE 2,2.0,FASE 2,2R,FASE 2,2.0,Fase 2 (5° e 6° ano),0,0.0,False,0.0,Adequado,0.0,Topázio,8.416866667,10.0,6.5,9.2,9.5,6.27,8.75,9.173333333,5.7,7.2,,,,,,,
RA-658,2023,Aluno-658,2012,2012-10-27,10.0,Feminino,2022,Pública,,,FASE 2,2.0,FASE 2,2U,FASE 2,2.0,Fase 2 (5° e 6° ano),0,0.0,False,0.0,Adequado,0.0,Topázio,8.438533333,10.0,6.1,9.5,9.5,7.52,7.916666667,9.173333333,5.3,6.8,,,,,,,
RA-588,2023,Aluno-588,2013,2013-05-16,10.0,Feminino,2021,Privada - Programa de Apadrinhamento,,,FASE 2,2.0,FASE 2,2U,FASE 2,2.0,Fase 2 (5° e 6° ano),0,0.0,False,0.0,Adequado,0.0,Topázio,8.3527,10.0,7.8,9.6,8.0,2.52,8.958333333,9.673333333,7.5,8.0,,,,,,,
RA-662,2023,Aluno-662,2011,2011-09-30,12.0,Feminino,2022,Pública,,,FASE 2,2.0,FASE 2,2U,FASE 3,3.0,Fase 3 (7° e 8° ano),-1,-1.0,False,-1.0,Defasado,1.0,Ágata,6.733566667,5.0,6.7,7.6,6.8,6.27,7.291666667,6.72,4.3,9.0,,,,,,,
RA-403,2023,Aluno-403,2010,2010-02-07,13.0,Masculino,2020,Pública,,,FASE 2,2.0,FASE 2,2U,FASE 3,3.0,Fase 3 (7° e 8° ano),-1,-1.0,False,-1.0,Defasado,1.0,Ametista,7.716366667,5.0,7.8,8.8,8.5,6.27,7.291666667,8.45,6.8,8.8,,,,,,,
RA-591,2023,Aluno-591,2011,2011-03-09,12.0,Masculino,2021,Pública,,,FASE 2,2.0,FASE 2,2U,FASE 3,3.0,Fase 3 (7° e 8° ano),-1,-1.0,False,-1.0,Defasado,1.0,Ametista,7.1472,5.0,6.9,8.5,9.0,6.27,5.833333333,7.333333333,6.2,7.5,,,,,,,
RA-592,2023,Aluno-592,2012,2012-09-21,11.0,Feminino,2020,Privada,,,FASE 2,2.0,FASE 2,2U,FASE 2,2.0,Fase 2 (5° e 6° ano),0,0.0,False,0.0,Adequado,0.0,Ametista,7.935466667,10.0,7.6,9.2,6.2,3.77,7.916666667,8.95,5.5,9.7,,,,,,,
RA-602,2023,Aluno-602,2011,2011-02-25,12.0,Masculino,2019,Pública,,,FASE 2,2.0,FASE 2,2U,FASE 3,3.0,Fase 3 (7° e 8° ano),-1,-1.0,False,-1.0,Defasado,1.0,Topázio,8.5592,5.0,8.1,9.6,10.0,7.52,8.75,9.51,7.3,8.8,,,,,,,
RA-666,2023,Aluno-666,2012,2012-09-05,11.0,Masculino,2022,Pública,,,FASE 2,2.0,FASE 2,2U,FASE 2,2.0,Fase 2 (5° e 6° ano),0,0.0,False,0.0,Adequado,0.0,Topázio,8.720366667,10.0,7.1,9.1,9.5,7.52,8.541666667,9.62,6.7,7.5,,,,,,,
RA-667,2023,Aluno-667,2011,2011-04-22,12.0,Masculino,2021,Pública,,,FASE 2,2.0,FASE 2,2U,FASE 3,3.0,Fase 3 (7° e 8° ano),-1,-1.0,False,-1.0,Defasado,1.0,Ágata,6.774866667,5.0,5.2,6.9,9.0,6.89,7.083333333,7.836666667,3.0,7.3,,,,,,,
RA-422,2023,Aluno-422,2010,2010-10-01,13.0,Masculino,2022,Pública,,,FASE 2,2.0,FASE 2,2U,FASE 3,3.0,Fase 3 (7° e 8° ano),-1,-1.0,False,-1.0,Defasado,1.0,Quartzo,5.57,5.0,4.4,7.8,0.0,7.52,6.666666667,6.106666667,3.0,5.7,,,,,,,
RA-595,2023,Aluno-595,2010,2010-04-04,13.0,Masculino,2018,Pública,,,FASE 2,2.0,FASE 2,2U,FASE 3,3.0,Fase 3 (7° e 8° ano),-1,-1.0,False,-1.0,Defasado,1.0,Quartzo,5.078666667,5.0,3.3,7.0,0.0,7.52,6.666666667,5.55,3.2,3.3,,,,,,,
RA-423,2023,Aluno-423,2010,2010-09-22,13.0,Feminino,2022,Pública,,,FASE 2,2.0,FASE 2,2U,FASE 3,3.0,Fase 3 (7° e 8° ano),-1,-1.0,False,-1.0,Defasado,1.0,Ágata,6.607533333,5.0,3.4,8.7,8.0,6.89,7.083333333,7.45,2.3,4.5,,,,,,,
RA-669,2023,Aluno-669,2011,2011-11-20,11.0,Masculino,2022,Pública,,,FASE 2,2.0,FASE 2,2U,FASE 2,2.0,Fase 2 (5° e 6° ano),0,0.0,False,0.0,Adequado,0.0,Ametista,7.345033333,10.0,5.0,7.8,8.5,7.52,7.708333333,7.06,3.3,6.7,,,,,,,
RA-670,2023,Aluno-670,2012,2012-05-09,11.0,Feminino,2022,Pública,,,FASE 2,2.0,FASE 2,2U,FASE 2,2.0,Fase 2 (5° e 6° ano),0,0.0,False,0.0,Adequado,0.0,Topázio,8.6067,10.0,7.0,8.7,9.5,7.52,8.958333333,9.343333333,5.8,8.2,,,,,,,
RA-609,2023,Aluno-609,2011,2011-03-01,12.0,Masculino,2019,Pública,,,FASE 2,2.0,FASE 2,2U,FASE 3,3.0,Fase 3 (7° e 8° ano),-1,-1.0,False,-1.0,Defasado,1.0,Ágata,6.463033333,5.0,5.3,6.4,9.5,7.52,6.875,6.216666667,3.2,7.3,,,,,,,
RA-326,2023,Aluno-326,2010,2010-07-21,13.0,Feminino,2022,Privada,,,FASE 3,3.0,FASE 3,3A,FASE 3,3.0,Fase 3 (7° e 8° ano),0,0.0,False,0.0,Adequado,0.0,Topázio,8.65075,10.0,8.2,9.4,9.6,3.14,9.0625,9.76,8.3,7.5,8.8,,,,,,
RA-179,2023,Aluno-179,2010,2010-11-24,12.0,Masculino,2022,Pública,,,FASE 3,3.0,FASE 3,3A,FASE 3,3.0,Fase 3 (7° e 8° ano),0,0.0,False,0.0,Adequado,0.0,Topázio,8.437641667,10.0,6.4,9.4,8.8,7.52,8.59375,8.9225,8.7,6.3,4.3,,,,,,
RA-1143,2023,Aluno-1143,2008,2008-04-30,15.0,Feminino,2023,Pública,,,FASE 3,3.0,FASE 3,3A,FASE 5,5.0,Fase 5 (1° EM),-2,-2.0,False,-2.0,Defasado,1.0,Ágata,6.445933333,5.0,5.3,7.0,8.8,6.26,7.5,6.2075,6.0,6.3,3.5,,,,,,
RA-330,2023,Aluno-330,2008,2008-05-03,15.0,Feminino,2018,Pública,,,FASE 3,3.0,FASE 3,3A,FASE 5,5.0,Fase 5 (1° EM),-2,-2.0,False,-2.0,Defasado,1.0,Ágata,6.084875,5.0,3.3,7.2,9.6,6.89,6.71875,5.8275,3.8,3.8,2.3,,,,,,
RA-332,2023,Aluno-332,2009,2009-06-05,14.0,Masculino,2017,Privada - Programa de Apadrinhamento,,,FASE 3,3.0,FASE 3,3A,FASE 4,4.0,Fase 4 (9° ano),-1,-1.0,False,-1.0,Defasado,1.0,Topázio,8.002591667,5.0,6.8,8.4,9.2,8.76,8.28125,9.175,6.3,7.7,6.5,,,,,,
RA-199,2023,Aluno-199,2009,2009-11-01,14.0,Masculino,2022,Privada,,,FASE 3,3.0,FASE 3,3A,FASE 4,4.0,Fase 4 (9° ano),-1,-1.0,False,-1.0,Defasado,1.0,Ametista,7.892341667,5.0,8.5,7.6,9.2,7.51,7.96875,8.505,8.2,8.2,9.2,,,,,,
RA-1144,2023,Aluno-1144,2010,2010-10-25,13.0,Feminino,2023,Pública,,,FASE 3,3.0,FASE 3,3B,FASE 3,3.0,Fase 3 (7° e 8° ano),0,0.0,False,0.0,Adequado,0.0,Ametista,7.410625,10.0,8.0,9.4,0.0,5.02,8.28125,8.0025,7.0,8.2,8.8,,,,,,
RA-352,2023,Aluno-352,2011,2011-03-26,12.0,Masculino,2019,Pública,,,FASE 3,3.0,FASE 3,3B,FASE 3,3.0,Fase 3 (7° e 8° ano),0,0.0,False,0.0,Adequado,0.0,Ametista,7.840341667,10.0,7.2,8.1,9.2,6.26,7.96875,7.17,8.2,6.0,7.5,,,,,,
RA-1145,2023,Aluno-1145,2012,2012-01-31,11.0,Feminino,2023,Pública,,,FASE 3,3.0,FASE 3,3B,FASE 2,2.0,Fase 2 (5° e 6° ano),1,1.0,False,1.0,Adiantado,0.0,Ametista,7.484375,10.0,7.8,9.5,0.0,4.39,8.59375,8.63,7.7,7.7,8.0,,,,,,
RA-1146,2023,Aluno-1146,2008,2008-11-20,14.0,Feminino,2023,Pública,,,FASE 3,3.0,FASE 3,3B,FASE 4,4.0,Fase 4 (9° ano),-1,-1.0,False,-1.0,Defasado,1.0,Ágata,6.689583333,5.0,3.7,8.8,9.6,6.26,7.1875,6.965,5.0,3.3,2.7,,,,,,
RA-331,2023,Aluno-331,2010,2010-04-22,13.0,Feminino,2019,Pública,,,FASE 3,3.0,FASE 3,3B,FASE 3,3.0,Fase 3 (7° e 8° ano),0,0.0,False,0.0,Adequado,0.0,Ametista,7.039791667,10.0,5.2,8.6,9.6,2.52,7.03125,6.7975,5.7,4.8,5.2,,,,,,
RA-227,2023,Aluno-227,2010,2010-10-12,12.0,Masculino,2022,Pública,,,FASE 3,3.0,FASE 3,3B,FASE 3,3.0,Fase 3 (7° e 8° ano),0,0.0,False,0.0,Adequado,0.0,Ametista,7.722125,10.0,6.9,7.5,9.6,5.63,8.28125,7.4625,7.2,6.5,7.0,,,,,,
RA-247,2023,Aluno-247,2009,2009-11-25,13.0,Feminino,2021,Pública,,,FASE 3,3.0,FASE 3,3B,FASE 3,3.0,Fase 3 (7° e 8° ano),0,0.0,False,0.0,Adequado,0.0,Ametista,7.221958333,10.0,7.2,8.5,0.0,7.52,8.28125,7.5425,6.5,6.7,8.3,,,,,,
RA-343,2023,Aluno-343,2008,2008-03-07,15.0,Masculino,2020,Pública,,,FASE 3,3.0,FASE 3,3B,FASE 5,5.0,Fase 5 (1° EM),-2,-2.0,False,-2.0,Defasado,1.0,Ágata,6.779591667,5.0,5.7,7.2,9.2,6.26,7.65625,6.9225,4.5,6.7,6.0,,,,,,
RA-1147,2023,Aluno-1147,2009,2009-04-07,14.0,Feminino,2023,Pública,,,FASE 3,3.0,FASE 3,3B,FASE 4,4.0,Fase 4 (9° ano),-1,-1.0,False,-1.0,Defasado,1.0,Ametista,7.072983333,5.0,6.7,8.3,8.3,6.26,7.1875,7.0075,5.0,7.5,7.5,,,,,,
RA-345,2023,Aluno-345,2009,2009-03-04,14.0,Masculino,2021,Pública,,,FASE 3,3.0,FASE 3,3B,FASE 4,4.0,Fase 4 (9° ano),-1,-1.0,False,-1.0,Defasado,1.0,Ágata,6.534766667,5.0,4.6,6.8,8.8,6.26,8.125,7.1725,5.7,5.7,2.5,,,,,,
RA-336,2023,Aluno-336,2009,2009-08-28,14.0,Masculino,2016,Pública,,,FASE 3,3.0,FASE 3,3B,FASE 4,4.0,Fase 4 (9° ano),-1,-1.0,False,-1.0,Defasado,1.0,Quartzo,5.887708333,5.0,5.1,7.5,0.0,6.89,7.34375,7.255,6.7,5.2,3.3,,,,,,
RA-346,2023,Aluno-346,2012,2012-12-03,11.0,Masculino,2022,Pública,,,FASE 3,3.0,FASE 3,3B,FASE 2,2.0,Fase 2 (5° e 6° ano),1,1.0,False,1.0,Adiantado,0.0,Ametista,7.305541667,10.0,6.2,9.4,0.0,8.14,7.96875,7.84,6.7,5.5,6.5,,,,,,
RA-1148,2023,Aluno-1148,2011,2011-11-26,11.0,Feminino,2023,Pública,,,FASE 3,3.0,FASE 3,3B,FASE 2,2.0,Fase 2 (5° e 6° ano),1,1.0,False,1.0,Adiantado,0.0,Ametista,7.227866667,10.0,5.7,8.6,7.9,3.77,7.5,7.2125,5.7,5.3,6.2,,,,,,
RA-1149,2023,Aluno-1149,2009,2009-09-06,14.0,Feminino,2023,Pública,,,FASE 3,3.0,FASE 3,3C,FASE 4,4.0,Fase 4 (9° ano),-1,-1.0,False,-1.0,Defasado,1.0,Ametista,7.410108333,5.0,7.2,9.8,8.3,2.52,7.96875,8.1725,6.0,6.8,8.7,,,,,,
RA-1150,2023,Aluno-1150,2007,2007-10-15,16.0,Masculino,2023,Pública,,,FASE 3,3.0,FASE 3,3C,FASE 6,6.0,Fase 6 (2° EM),-3,-3.0,False,-3.0,Defasado,1.0,Ametista,7.076008333,2.5,6.7,9.8,9.2,2.52,7.96875,7.835,7.0,6.5,6.5,,,,,,
RA-1151,2023,Aluno-1151,2011,2011-04-03,12.0,Feminino,2023,Pública,,,FASE 3,3.0,FASE 3,3C,FASE 3,3.0,Fase 3 (7° e 8° ano),0,0.0,False,0.0,Adequado,0.0,Ametista,7.829958333,10.0,8.3,9.5,7.5,2.52,7.65625,7.545,7.3,8.8,8.7,,,,,,
RA-356,2023,Aluno-356,2010,2010-08-07,13.0,Masculino,2019,Pública,,,FASE 3,3.0,FASE 3,3C,FASE 3,3.0,Fase 3 (7° e 8° ano),0,0.0,False,0.0,Adequado,0.0,Ágata,6.452008333,10.0,3.4,8.5,9.2,2.52,6.09375,6.5025,4.3,4.5,1.3,,,,,,
RA-1152,2023,Aluno-1152,2009,2009-03-08,14.0,Masculino,2023,Pública,,,FASE 3,3.0,FASE 3,3C,FASE 4,4.0,Fase 4 (9° ano),-1,-1.0,False,-1.0,Defasado,1.0,Ágata,6.544916667,5.0,6.8,9.4,0.0,5.0,7.8125,7.585,6.7,6.0,7.8,,,,,,
RA-221,2023,Aluno-221,2008,2008-06-15,15.0,Masculino,2022,Pública,,,FASE 3,3.0,FASE 3,3C,FASE 5,5.0,Fase 5 (1° EM),-2,-2.0,False,-2.0,Defasado,1.0,Ágata,6.959916667,5.0,5.0,9.0,9.6,5.0,7.1875,7.38,5.5,4.8,4.8,,,,,,
RA-359,2023,Aluno-359,2010,2010-08-21,13.0,Feminino,2019,Pública,,,FASE 3,3.0,FASE 3,3C,FASE 3,3.0,Fase 3 (7° e 8° ano),0,0.0,False,0.0,Adequado,0.0,Ametista,7.627125,10.0,5.8,9.2,9.6,2.52,7.65625,8.255,6.0,6.7,4.7,,,,,,
RA-360,2023,Aluno-360,2010,2010-04-17,13.0,Feminino,2019,Pública,,,FASE 3,3.0,FASE 3,3C,FASE 3,3.0,Fase 3 (7° e 8° ano),0,0.0,False,0.0,Adequado,0.0,Quartzo,5.790875,10.0,4.3,7.3,0.0,2.52,7.34375,7.4225,5.3,4.8,2.8,,,,,,
RA-338,2023,Aluno-338,2010,2010-04-08,13.0,Masculino,2019,Pública,,,FASE 3,3.0,FASE 3,3D,FASE 3,3.0,Fase 3 (7° e 8° ano),0,0.0,False,0.0,Adequado,0.0,Topázio,8.287441667,10.0,6.7,9.1,8.3,7.52,8.59375,8.38,8.7,7.0,4.5,,,,,,
RA-339,2023,Aluno-339,2011,2011-01-06,12.0,Feminino,2019,Pública,,,FASE 3,3.0,FASE 3,3D,FASE 3,3.0,Fase 3 (7° e 8° ano),0,0.0,False,0.0,Adequado,0.0,Ametista,7.377583333,10.0,7.1,8.9,0.0,7.52,7.8125,8.255,7.7,5.7,7.8,,,,,,
RA-353,2023,Aluno-353,2011,2011-09-27,12.0,Feminino,2022,Pública,,,FASE 3,3.0,FASE 3,3D,FASE 3,3.0,Fase 3 (7° e 8° ano),0,0.0,False,0.0,Adequado,0.0,Topázio,8.309016667,10.0,8.4,9.9,8.8,2.52,7.8125,8.67,8.5,7.3,9.5,,,,,,
RA-1153,2023,Aluno-1153,2009,2009-06-24,14.0,Feminino,2023,Pública,,,FASE 3,3.0,FASE 3,3D,FASE 4,4.0,Fase 4 (9° ano),-1,-1.0,False,-1.0,Defasado,1.0,Ametista,7.968658333,5.0,7.2,10.0,7.9,7.52,7.65625,8.63,6.7,7.8,7.0,,,,,,
RA-183,2023,Aluno-183,2009,2009-08-15,14.0,Feminino,2022,Pública,,,FASE 3,3.0,FASE 3,3D,FASE 4,4.0,Fase 4 (9° ano),-1,-1.0,False,-1.0,Defasado,1.0,Ametista,7.586241667,5.0,7.7,9.7,7.9,2.52,7.96875,8.795,7.0,8.0,8.2,,,,,,
RA-342,2023,Aluno-342,2008,2008-07-21,15.0,Feminino,2021,Pública,,,FASE 3,3.0,FASE 3,3D,FASE 5,5.0,Fase 5 (1° EM),-2,-2.0,False,-2.0,Defasado,1.0,Ametista,7.539875,5.0,6.6,8.6,7.5,7.52,7.96875,8.505,6.3,7.8,5.7,,,,,,
RA-187,2023,Aluno-187,2010,2010-06-28,13.0,Feminino,2019,Privada - Programa de Apadrinhamento,,,FASE 3,3.0,FASE 3,3D,FASE 3,3.0,Fase 3 (7° e 8° ano),0,0.0,False,0.0,Adequado,0.0,Ametista,7.809875,10.0,6.9,9.9,7.5,2.52,7.96875,8.255,7.3,8.7,4.7,,,,,,
RA-190,2023,Aluno-190,2009,2009-03-22,14.0,Feminino,2022,Pública,,,FASE 3,3.0,FASE 3,3D,FASE 4,4.0,Fase 4 (9° ano),-1,-1.0,False,-1.0,Defasado,1.0,Ágata,6.934158333,5.0,5.7,9.5,7.9,2.52,7.65625,7.9575,5.8,5.2,6.0,,,,,,
RA-347,2023,Aluno-347,2010,2010-07-13,13.0,Feminino,2019,Pública,,,FASE 3,3.0,FASE 3,3D,FASE 3,3.0,Fase 3 (7° e 8° ano),0,0.0,False,0.0,Adequado,0.0,Ametista,7.61835,10.0,7.3,9.5,6.7,2.52,7.8125,7.7925,6.7,6.2,9.0,,,,,,
RA-234,2023,Aluno-234,2009,2009-12-23,13.0,Masculino,2022,Pública,,,FASE 3,3.0,FASE 3,3D,FASE 3,3.0,Fase 3 (7° e 8° ano),0,0.0,False,0.0,Adequado,0.0,Ágata,6.248741667,10.0,5.6,8.0,6.7,2.52,4.84375,5.595,6.3,5.3,5.3,,,,,,
RA-1154,2023,Aluno-1154,2010,2010-05-23,13.0,Masculino,2023,Pública,,,FASE 3,3.0,FASE 3,3F,FASE 3,3.0,Fase 3 (7° e 8° ano),0,0.0,False,0.0,Adequado,0.0,Ametista,7.701125,10.0,5.1,9.3,9.6,5.63,7.65625,7.67,5.3,5.0,5.0,,,,,,
RA-249,2023,Aluno-249,2008,2008-08-05,15.0,Masculino,2017,Pública,,,FASE 3,3.0,FASE 3,3F,FASE 5,5.0,Fase 5 (1° EM),-2,-2.0,False,-2.0,Defasado,1.0,Quartzo,5.444625,5.0,4.9,8.2,0.0,5.0,5.15625,6.545,6.2,5.3,3.2,,,,,,
RA-380,2023,Aluno-380,2009,2009-04-24,14.0,Masculino,2017,Pública,,,FASE 3,3.0,FASE 3,3F,FASE 4,4.0,Fase 4 (9° ano),-1,-1.0,False,-1.0,Defasado,1.0,Quartzo,4.912375,5.0,4.5,6.4,0.0,2.52,6.71875,6.5425,7.0,4.0,2.5,,,,,,
RA-250,2023,Aluno-250,2010,2010-05-30,13.0,Feminino,2022,Pública,,,FASE 3,3.0,FASE 3,3F,FASE 3,3.0,Fase 3 (7° e 8° ano),0,0.0,False,0.0,Adequado,0.0,Ametista,7.598208333,10.0,8.3,9.3,0.0,5.63,7.96875,8.625,7.7,8.8,8.3,,,,,,
RA-367,2023,Aluno-367,2010,2010-12-27,12.0,Feminino,2018,Pública,,,FASE 3,3.0,FASE 3,3F,FASE 3,3.0,Fase 3 (7° e 8° ano),0,0.0,False,0.0,Adequado,0.0,Ametista,7.38685,10.0,5.9,8.7,8.8,2.52,7.8125,7.7925,7.0,5.5,5.2,,,,,,
RA-1155,2023,Aluno-1155,2009,2009-02-18,14.0,Feminino,2023,Pública,,,FASE 3,3.0,FASE 3,3F,FASE 4,4.0,Fase 4 (9° ano),-1,-1.0,False,-1.0,Defasado,1.0,Ametista,7.821633333,5.0,8.0,9.2,9.2,5.63,7.5,8.2925,6.7,8.2,9.0,,,,,,
RA-1156,2023,Aluno-1156,2011,2011-05-19,12.0,Feminino,2023,Pública,,,FASE 3,3.0,FASE 3,3F,FASE 3,3.0,Fase 3 (7° e 8° ano),0,0.0,False,0.0,Adequado,0.0,Ametista,7.340775,10.0,5.3,9.2,8.3,2.52,7.96875,7.7925,6.2,6.0,3.7,,,,,,
RA-368,2023,Aluno-368,2009,2009-12-10,14.0,Masculino,2018,Pública,,,FASE 3,3.0,FASE 3,3F,FASE 4,4.0,Fase 4 (9° ano),-1,-1.0,False,-1.0,Defasado,1.0,Quartzo,5.796458333,5.0,6.7,7.7,0.0,2.52,7.03125,7.34,5.0,7.2,7.8,,,,,,
RA-387,2023,Aluno-387,2009,2009-07-20,14.0,Masculino,2019,Pública,,,FASE 3,3.0,FASE 3,3F,FASE 4,4.0,Fase 4 (9° ano),-1,-1.0,False,-1.0,Defasado,1.0,Quartzo,4.794333333,5.0,3.0,6.8,0.0,2.52,6.875,7.0075,4.3,2.8,1.8,,,,,,
RA-388,2023,Aluno-388,2008,2008-07-14,15.0,Feminino,2019,Pública,,,FASE 3,3.0,FASE 3,3F,FASE 5,5.0,Fase 5 (1° EM),-2,-2.0,False,-2.0,Defasado,1.0,Quartzo,5.630833333,5.0,4.2,7.4,0.0,5.63,6.875,7.835,6.0,4.3,2.2,,,,,,
RA-374,2023,Aluno-374,2010,2010-09-30,13.0,Feminino,2021,Privada,,,FASE 3,3.0,FASE 3,3F,FASE 3,3.0,Fase 3 (7° e 8° ano),0,0.0,False,0.0,Adequado,0.0,Ametista,7.533891667,10.0,5.4,8.3,8.8,5.63,7.65625,7.9175,6.3,6.3,3.7,,,,,,
RA-377,2023,Aluno-377,2010,2010-02-25,13.0,Feminino,2021,Pública,,,FASE 3,3.0,FASE 3,3F,FASE 3,3.0,Fase 3 (7° e 8° ano),0,0.0,False,0.0,Adequado,0.0,Ametista,7.205041667,10.0,4.8,7.6,9.6,5.0,7.34375,7.6275,6.0,5.7,2.8,,,,,,
RA-223,2023,Aluno-223,2009,2009-09-15,14.0,Feminino,2022,Pública,,,FASE 3,3.0,FASE 3,3G,FASE 4,4.0,Fase 4 (9° ano),-1,-1.0,False,-1.0,Defasado,1.0,Quartzo,5.089833333,5.0,3.8,4.5,0.0,7.52,7.5,7.1725,5.5,4.0,1.8,,,,,,
RA-236,2023,Aluno-236,2010,2010-06-21,13.0,Feminino,2022,Pública,,,FASE 3,3.0,FASE 3,3G,FASE 3,3.0,Fase 3 (7° e 8° ano),0,0.0,False,0.0,Adequado,0.0,Ametista,7.337116667,10.0,4.5,7.5,10.0,7.52,7.1875,7.2975,6.3,4.0,3.3,,,,,,
RA-362,2023,Aluno-362,2010,2010-03-25,13.0,Feminino,2018,Pública,,,FASE 3,3.0,FASE 3,3G,FASE 3,3.0,Fase 3 (7° e 8° ano),0,0.0,False,0.0,Adequado,0.0,Ágata,6.392625,10.0,5.1,7.5,0.0,7.52,7.03125,7.0875,5.7,6.8,2.8,,,,,,
RA-381,2023,Aluno-381,2009,2009-02-03,14.0,Masculino,2018,Pública,,,FASE 3,3.0,FASE 3,3G,FASE 4,4.0,Fase 4 (9° ano),-1,-1.0,False,-1.0,Defasado,1.0,Quartzo,5.758041667,5.0,3.9,8.4,0.0,6.89,7.34375,6.84,5.3,5.3,1.2,,,,,,
RA-364,2023,Aluno-364,2011,2011-02-10,12.0,Masculino,2019,Pública,,,FASE 3,3.0,FASE 3,3G,FASE 3,3.0,Fase 3 (7° e 8° ano),0,0.0,False,0.0,Adequado,0.0,Ametista,7.734891667,10.0,5.8,9.0,8.8,6.89,7.03125,7.505,8.0,5.2,4.3,,,,,,
RA-382,2023,Aluno-382,2008,2008-08-19,15.0,Masculino,2017,Pública,,,FASE 3,3.0,FASE 3,3G,FASE 5,5.0,Fase 5 (1° EM),-2,-2.0,False,-2.0,Defasado,1.0,Ágata,6.223833333,5.0,5.2,9.4,0.0,6.26,7.5,7.1725,5.0,5.8,4.7,,,,,,
RA-383,2023,Aluno-383,2011,2011-01-20,12.0,Masculino,2019,Pública,,,FASE 3,3.0,FASE 3,3G,FASE 3,3.0,Fase 3 (7° e 8° ano),0,0.0,False,0.0,Adequado,0.0,Ametista,7.5408,10.0,6.5,8.8,9.2,3.14,7.5,7.5,6.3,6.2,7.0,,,,,,
RA-384,2023,Aluno-384,2010,2010-09-02,13.0,Feminino,2017,Pública,,,FASE 3,3.0,FASE 3,3G,FASE 3,3.0,Fase 3 (7° e 8° ano),0,0.0,False,0.0,Adequado,0.0,Ágata,6.757958333,10.0,7.3,9.1,0.0,2.52,7.65625,7.335,6.3,7.2,8.3,,,,,,
RA-1157,2023,Aluno-1157,2009,2009-08-24,14.0,Masculino,2023,Pública,,,FASE 3,3.0,FASE 3,3G,FASE 4,4.0,Fase 4 (9° ano),-1,-1.0,False,-1.0,Defasado,1.0,Ametista,7.086633333,5.0,5.7,8.8,9.2,6.26,7.5,7.0025,5.0,6.3,5.7,,,,,,
RA-386,2023,Aluno-386,2009,2009-02-09,14.0,Masculino,2019,Pública,,,FASE 3,3.0,FASE 3,3G,FASE 4,4.0,Fase 4 (9° ano),-1,-1.0,False,-1.0,Defasado,1.0,Quartzo,5.758425,5.0,3.3,7.0,9.2,2.52,7.03125,6.6325,5.0,3.7,1.2,,,,,,
RA-260,2023,Aluno-260,2009,2009-05-11,13.0,Feminino,2019,Pública,,,FASE 3,3.0,FASE 3,3G,FASE 3,3.0,Fase 3 (7° e 8° ano),0,0.0,False,0.0,Adequado,0.0,Topázio,8.080008333,10.0,6.1,9.9,9.2,7.52,7.34375,7.4175,6.3,5.2,6.7,,,,,,
RA-390,2023,Aluno-390,2010,2010-10-11,12.0,Feminino,2022,Pública,,,FASE 3,3.0,FASE 3,3G,FASE 3,3.0,Fase 3 (7° e 8° ano),0,0.0,False,0.0,Adequado,0.0,Ágata,6.905741667,10.0,4.8,8.8,7.9,2.52,7.34375,7.005,5.7,5.8,3.0,,,,,,
RA-1158,2023,Aluno-1158,2009,2009-01-23,14.0,Feminino,2023,Pública,,,FASE 3,3.0,FASE 3,3G,FASE 4,4.0,Fase 4 (9° ano),-1,-1.0,False,-1.0,Defasado,1.0,Ágata,6.306666667,5.0,4.3,8.6,7.5,2.52,7.5,7.34,5.3,5.0,2.7,,,,,,
RA-391,2023,Aluno-391,2010,2010-05-02,13.0,Feminino,2022,Pública,,,FASE 3,3.0,FASE 3,3I,FASE 3,3.0,Fase 3 (7° e 8° ano),0,0.0,False,0.0,Adequado,0.0,Ágata,6.5107,10.0,3.5,7.5,7.9,2.52,7.5,7.585,4.2,5.0,1.3,,,,,,
RA-1159,2023,Aluno-1159,2010,2010-03-12,12.0,Feminino,2023,Pública,,,FASE 3,3.0,FASE 3,3I,FASE 3,3.0,Fase 3 (7° e 8° ano),0,0.0,False,0.0,Adequado,0.0,Quartzo,5.913883333,10.0,3.1,6.6,5.8,2.52,7.1875,7.1325,5.2,1.5,2.5,,,,,,
RA-392,2023,Aluno-392,2008,2008-03-16,15.0,Masculino,2022,Pública,,,FASE 3,3.0,FASE 3,3I,FASE 5,5.0,Fase 5 (1° EM),-2,-2.0,False,-2.0,Defasado,1.0,Ágata,6.567208333,5.0,4.6,9.5,9.6,2.52,6.09375,7.17,6.2,4.7,2.8,,,,,,
RA-1160,2023,Aluno-1160,2010,2010-01-04,13.0,Masculino,2023,Pública,,,FASE 3,3.0,FASE 3,3I,FASE 3,3.0,Fase 3 (7° e 8° ano),0,0.0,False,0.0,Adequado,0.0,Ágata,6.636166667,10.0,2.7,8.7,9.6,2.52,6.875,7.2575,4.8,2.7,0.7,,,,,,
RA-1161,2023,Aluno-1161,2010,2010-04-07,13.0,Feminino,2023,Pública,,,FASE 3,3.0,FASE 3,3I,FASE 3,3.0,Fase 3 (7° e 8° ano),0,0.0,False,0.0,Adequado,0.0,Ametista,7.317791667,10.0,6.3,8.1,6.3,2.52,8.28125,8.63,7.3,6.5,5.2,,,,,,
RA-395,2023,Aluno-395,2011,2011-03-19,12.0,Feminino,2018,Pública,,,FASE 3,3.0,FASE 3,3I,FASE 3,3.0,Fase 3 (7° e 8° ano),0,0.0,False,0.0,Adequado,0.0,Ametista,7.469175,10.0,6.0,8.6,9.2,2.52,7.96875,7.9175,6.7,5.3,6.0,,,,,,
RA-450,2023,Aluno-450,2009,2009-03-14,14.0,Masculino,2021,Pública,,,FASE 3,3.0,FASE 3,3K,FASE 4,4.0,Fase 4 (9° ano),-1,-1.0,False,-1.0,Defasado,1.0,Ágata,6.819625,5.0,5.4,8.4,9.6,2.52,7.65625,7.9175,7.0,6.5,2.7,,,,,,
RA-463,2023,Aluno-463,2010,2010-05-26,13.0,Feminino,2020,Pública,,,FASE 3,3.0,FASE 3,3K,FASE 3,3.0,Fase 3 (7° e 8° ano),0,0.0,False,0.0,Adequado,0.0,Ágata,6.382383333,10.0,4.0,5.4,9.2,2.52,7.8125,7.795,6.3,4.3,1.3,,,,,,
RA-298,2023,Aluno-298,2009,2009-05-29,14.0,Masculino,2019,Pública,,,FASE 3,3.0,FASE 3,3K,FASE 4,4.0,Fase 4 (9° ano),-1,-1.0,False,-1.0,Defasado,1.0,Ágata,6.824333333,5.0,5.5,8.6,9.6,2.52,7.5,7.7525,7.7,4.5,4.2,,,,,,
RA-464,2023,Aluno-464,2009,2009-12-09,14.0,Feminino,2022,Pública,,,FASE 3,3.0,FASE 3,3K,FASE 4,4.0,Fase 4 (9° ano),-1,-1.0,False,-1.0,Defasado,1.0,Ágata,6.081675,5.0,3.0,7.7,9.2,2.52,7.96875,7.38,4.8,3.7,0.5,,,,,,
RA-465,2023,Aluno-465,2011,2011-07-06,12.0,Masculino,2019,Pública,,,FASE 3,3.0,FASE 3,3K,FASE 3,3.0,Fase 3 (7° e 8° ano),0,0.0,False,0.0,Adequado,0.0,Topázio,8.012875,10.0,8.5,9.4,7.5,2.52,7.96875,8.17,8.3,8.2,9.0,,,,,,
RA-442,2023,Aluno-442,2011,2011-02-01,12.0,Feminino,2022,Pública,,,FASE 3,3.0,FASE 3,3K,FASE 3,3.0,Fase 3 (7° e 8° ano),0,0.0,False,0.0,Adequado,0.0,Ágata,6.814166667,10.0,5.8,7.6,0.0,7.52,7.5,8.1275,6.7,6.5,4.3,,,,,,
RA-300,2023,Aluno-300,2008,2008-03-19,15.0,Masculino,2022,Pública,,,FASE 3,3.0,FASE 3,3K,FASE 5,5.0,Fase 5 (1° EM),-2,-2.0,False,-2.0,Defasado,1.0,Quartzo,5.616691667,5.0,4.5,7.5,5.0,2.52,6.40625,6.5875,4.5,5.3,3.8,,,,,,
RA-467,2023,Aluno-467,2009,2009-09-06,14.0,Feminino,2022,Pública,,,FASE 3,3.0,FASE 3,3K,FASE 4,4.0,Fase 4 (9° ano),-1,-1.0,False,-1.0,Defasado,1.0,Ágata,6.552916667,5.0,5.2,9.2,6.3,3.14,7.1875,7.5425,6.0,6.0,3.7,,,,,,
RA-468,2023,Aluno-468,2009,2009-02-05,14.0,Masculino,2022,Pública,,,FASE 3,3.0,FASE 3,3K,FASE 4,4.0,Fase 4 (9° ano),-1,-1.0,False,-1.0,Defasado,1.0,Quartzo,5.911108333,5.0,3.4,6.0,8.3,6.27,7.34375,6.715,4.8,3.0,2.3,,,,,,
RA-1162,2023,Aluno-1162,2009,2009-11-27,13.0,Feminino,2023,Pública,,,FASE 3,3.0,FASE 3,3K,FASE 3,3.0,Fase 3 (7° e 8° ano),0,0.0,False,0.0,Adequado,0.0,Ametista,7.44215,10.0,6.0,8.5,8.3,3.77,7.8125,7.7525,7.3,5.5,5.2,,,,,,
RA-470,2023,Aluno-470,2009,2009-08-19,14.0,Feminino,2019,Pública,,,FASE 3,3.0,FASE 3,3K,FASE 4,4.0,Fase 4 (9° ano),-1,-1.0,False,-1.0,Defasado,1.0,Ágata,6.993766667,5.0,4.9,9.2,8.8,5.0,7.5,7.71,6.0,4.3,4.5,,,,,,
RA-474,2023,Aluno-474,2009,2009-08-19,14.0,Masculino,2019,Pública,,,FASE 3,3.0,FASE 3,3K,FASE 4,4.0,Fase 4 (9° ano),-1,-1.0,False,-1.0,Defasado,1.0,Quartzo,5.283583333,5.0,3.3,7.8,0.0,5.0,7.1875,6.7575,4.8,3.8,1.2,,,,,,
RA-476,2023,Aluno-476,2010,2010-07-23,13.0,Feminino,2019,Pública,,,FASE 3,3.0,FASE 3,3K,FASE 3,3.0,Fase 3 (7° e 8° ano),0,0.0,False,0.0,Adequado,0.0,Ágata,6.492408333,10.0,4.1,7.0,7.9,2.52,7.34375,7.505,5.0,4.5,2.7,,,,,,
RA-478,2023,Aluno-478,2010,2010-11-26,12.0,Feminino,2019,Pública,,,FASE 3,3.0,FASE 3,3K,FASE 3,3.0,Fase 3 (7° e 8° ano),0,0.0,False,0.0,Adequado,0.0,Ágata,6.443616667,10.0,4.4,7.3,6.7,2.52,7.1875,7.2975,4.3,4.7,4.3,,,,,,
RA-410,2023,Aluno-410,2008,2008-06-12,14.0,Masculino,2018,Pública,,,FASE 3,3.0,FASE 3,3K,FASE 4,4.0,Fase 4 (9° ano),-1,-1.0,False,-1.0,Defasado,1.0,Ágata,6.140808333,5.0,4.9,5.8,8.8,7.52,6.71875,6.0425,5.0,4.8,4.8,,,,,,
RA-411,2023,Aluno-411,2010,2010-05-13,13.0,Feminino,2019,Privada,,,FASE 3,3.0,FASE 3,3L,FASE 3,3.0,Fase 3 (7° e 8° ano),0,0.0,False,0.0,Adequado,0.0,Ametista,7.779983333,10.0,6.6,9.0,6.2,7.52,7.8125,7.5425,5.7,6.7,7.3,,,,,,
RA-412,2023,Aluno-412,2010,2010-04-26,13.0,Feminino,2018,Pública,,,FASE 3,3.0,FASE 3,3L,FASE 3,3.0,Fase 3 (7° e 8° ano),0,0.0,False,0.0,Adequado,0.0,Ametista,7.373891667,10.0,6.2,8.9,8.8,2.52,7.03125,7.585,5.8,5.2,7.7,,,,,,
RA-400,2023,Aluno-400,2008,2008-07-11,14.0,Masculino,2018,Pública,,,FASE 3,3.0,FASE 3,3L,FASE 4,4.0,Fase 4 (9° ano),-1,-1.0,False,-1.0,Defasado,1.0,Ágata,6.529425,5.0,4.1,9.0,9.2,2.52,7.65625,7.375,4.8,4.7,2.8,,,,,,
RA-414,2023,Aluno-414,2010,2010-10-24,13.0,Feminino,2021,Pública,,,FASE 3,3.0,FASE 3,3L,FASE 3,3.0,Fase 3 (7° e 8° ano),0,0.0,False,0.0,Adequado,0.0,Ametista,7.25025,10.0,6.5,9.5,0.0,7.52,7.8125,7.585,6.0,7.0,6.5,,,,,,
RA-415,2023,Aluno-415,2011,2011-05-17,12.0,Feminino,2019,Pública,,,FASE 3,3.0,FASE 3,3L,FASE 3,3.0,Fase 3 (7° e 8° ano),0,0.0,False,0.0,Adequado,0.0,Ametista,7.18805,10.0,3.7,8.2,7.1,7.52,7.8125,7.8325,2.8,4.0,4.3,,,,,,
RA-1163,2023,Aluno-1163,2009,2009-07-24,14.0,Masculino,2023,Pública,,,FASE 3,3.0,FASE 3,3L,FASE 4,4.0,Fase 4 (9° ano),-1,-1.0,False,-1.0,Defasado,1.0,Ametista,7.749391667,5.0,7.2,9.3,8.8,7.52,7.65625,7.75,7.0,6.7,8.0,,,,,,
RA-273,2023,Aluno-273,2008,2008-10-27,14.0,Feminino,2018,Pública,,,FASE 3,3.0,FASE 3,3L,FASE 4,4.0,Fase 4 (9° ano),-1,-1.0,False,-1.0,Defasado,1.0,Ágata,6.337116667,5.0,5.0,7.4,7.9,2.52,7.8125,7.6275,5.3,6.8,3.0,,,,,,
RA-471,2023,Aluno-471,2009,2009-07-12,13.0,Feminino,2020,Pública,,,FASE 3,3.0,FASE 3,3L,FASE 3,3.0,Fase 3 (7° e 8° ano),0,0.0,False,0.0,Adequado,0.0,Ágata,6.855541667,10.0,5.0,9.0,0.0,6.27,7.96875,8.125,6.3,4.0,4.8,,,,,,
RA-416,2023,Aluno-416,2010,2010-08-31,13.0,Masculino,2018,Privada - Programa de Apadrinhamento,,,FASE 3,3.0,FASE 3,3L,FASE 3,3.0,Fase 3 (7° e 8° ano),0,0.0,False,0.0,Adequado,0.0,Topázio,8.144425,10.0,7.6,9.8,9.2,2.52,8.28125,8.3375,7.0,7.0,8.8,,,,,,
RA-417,2023,Aluno-417,2009,2009-04-12,13.0,Feminino,2022,Pública,,,FASE 3,3.0,FASE 3,3L,FASE 3,3.0,Fase 3 (7° e 8° ano),0,0.0,False,0.0,Adequado,0.0,Topázio,8.257658333,10.0,7.8,9.7,5.4,7.52,8.28125,8.2125,6.7,8.3,8.3,,,,,,
RA-305,2023,Aluno-305,2008,2008-10-19,15.0,Masculino,2019,Pública,,,FASE 3,3.0,FASE 3,3L,FASE 5,5.0,Fase 5 (1° EM),-2,-2.0,False,-2.0,Defasado,1.0,Ágata,6.394291667,5.0,5.2,8.9,0.0,7.52,7.65625,7.75,5.2,4.8,5.7,,,,,,
RA-418,2023,Aluno-418,2012,2012-09-03,11.0,Feminino,2020,Privada - Programa de Apadrinhamento,,,FASE 3,3.0,FASE 3,3L,FASE 2,2.0,Fase 2 (5° e 6° ano),1,1.0,False,1.0,Adiantado,0.0,Topázio,8.1686,10.0,8.1,10.0,8.8,2.52,8.125,8.045,6.7,8.3,9.3,,,,,,
RA-419,2023,Aluno-419,2010,2010-04-10,13.0,Feminino,2019,Privada - Programa de Apadrinhamento,,,FASE 3,3.0,FASE 3,3L,FASE 3,3.0,Fase 3 (7° e 8° ano),0,0.0,False,0.0,Adequado,0.0,Ametista,7.7261,10.0,7.6,9.5,6.7,2.52,8.125,7.875,7.0,7.3,8.5,,,,,,
RA-421,2023,Aluno-421,2011,2011-11-02,12.0,Masculino,2021,Pública,,,FASE 3,3.0,FASE 3,3L,FASE 3,3.0,Fase 3 (7° e 8° ano),0,0.0,False,0.0,Adequado,0.0,Topázio,8.030716667,10.0,7.3,9.9,9.2,2.52,7.8125,8.17,8.0,6.2,7.8,,,,,,
RA-407,2023,Aluno-407,2009,2009-07-16,14.0,Masculino,2022,Pública,,,FASE 3,3.0,FASE 3,3L,FASE 4,4.0,Fase 4 (9° ano),-1,-1.0,False,-1.0,Defasado,1.0,Ametista,7.665083333,5.0,7.3,8.6,9.6,7.52,7.8125,7.5,7.3,7.2,7.3,,,,,,
RA-425,2023,Aluno-425,2010,2010-01-21,13.0,Masculino,2022,Pública,,,FASE 3,3.0,FASE 3,3L,FASE 3,3.0,Fase 3 (7° e 8° ano),0,0.0,False,0.0,Adequado,0.0,Topázio,8.10555,10.0,7.5,9.9,9.2,2.52,7.8125,8.3775,6.7,7.3,8.5,,,,,,
RA-426,2023,Aluno-426,2008,2008-09-12,14.0,Feminino,2022,Pública,,,FASE 3,3.0,FASE 3,3M,FASE 4,4.0,Fase 4 (9° ano),-1,-1.0,False,-1.0,Defasado,1.0,Ágata,6.329158333,5.0,5.0,7.6,5.4,5.0,7.65625,7.5425,4.7,5.2,5.0,,,,,,
RA-430,2023,Aluno-430,2009,2009-05-14,14.0,Masculino,2022,Pública,,,FASE 3,3.0,FASE 3,3M,FASE 4,4.0,Fase 4 (9° ano),-1,-1.0,False,-1.0,Defasado,1.0,Ametista,7.146716667,5.0,6.4,9.3,9.2,2.52,7.8125,7.75,7.3,5.5,6.5,,,,,,
RA-1164,2023,Aluno-1164,2010,2010-09-27,13.0,Masculino,2023,Pública,,,FASE 3,3.0,FASE 3,3M,FASE 3,3.0,Fase 3 (7° e 8° ano),0,0.0,False,0.0,Adequado,0.0,Ágata,6.910091667,10.0,4.8,7.5,9.2,2.52,7.65625,7.545,7.0,7.5,0.0,,,,,,
RA-1165,2023,Aluno-1165,2011,2011-06-17,12.0,Feminino,2023,Pública,,,FASE 3,3.0,FASE 3,3M,FASE 3,3.0,Fase 3 (7° e 8° ano),0,0.0,False,0.0,Adequado,0.0,Ametista,7.880716667,10.0,7.3,9.1,9.2,5.0,7.1875,7.2925,7.0,6.0,9.0,,,,,,
RA-432,2023,Aluno-432,2008,2008-05-08,15.0,Feminino,2019,Pública,,,FASE 3,3.0,FASE 3,3M,FASE 5,5.0,Fase 5 (1° EM),-2,-2.0,False,-2.0,Defasado,1.0,Ágata,6.850183333,5.0,5.2,9.0,8.8,2.52,7.8125,8.0425,5.0,6.3,4.2,,,,,,
RA-303,2023,Aluno-303,2008,2008-03-29,15.0,Masculino,2019,Pública,,,FASE 3,3.0,FASE 3,3M,FASE 5,5.0,Fase 5 (1° EM),-2,-2.0,False,-2.0,Defasado,1.0,Quartzo,5.914291667,5.0,5.1,7.3,0.0,7.52,7.65625,7.05,5.7,5.2,4.5,,,,,,
RA-420,2023,Aluno-420,2011,2011-03-04,12.0,Feminino,2019,Privada - Programa de Apadrinhamento,,,FASE 3,3.0,FASE 3,3M,FASE 3,3.0,Fase 3 (7° e 8° ano),0,0.0,False,0.0,Adequado,0.0,Ametista,7.356358333,10.0,5.3,9.3,8.3,2.52,7.65625,7.96,5.7,5.8,4.3,,,,,,
RA-1166,2023,Aluno-1166,2008,2008-10-23,15.0,Feminino,2023,Pública,,,FASE 3,3.0,FASE 3,3M,FASE 5,5.0,Fase 5 (1° EM),-2,-2.0,False,-2.0,Defasado,1.0,Ametista,7.307858333,5.0,4.8,9.6,8.3,7.52,7.65625,7.9175,5.3,2.8,6.2,,,,,,
RA-1167,2023,Aluno-1167,2007,2007-07-19,16.0,Masculino,2023,Pública,,,FASE 3,3.0,FASE 3,3M,FASE 6,6.0,Fase 6 (2° EM),-3,-3.0,False,-3.0,Defasado,1.0,Ágata,6.021891667,2.5,3.8,7.6,8.8,2.52,7.65625,7.9625,6.0,3.7,1.8,,,,,,
RA-424,2023,Aluno-424,2010,2010-09-05,13.0,Feminino,2022,Pública,,,FASE 3,3.0,FASE 3,3M,FASE 3,3.0,Fase 3 (7° e 8° ano),0,0.0,False,0.0,Adequado,0.0,Ametista,7.72685,10.0,6.4,9.9,8.8,2.52,7.8125,7.7925,5.0,6.7,7.5,,,,,,
RA-398,2023,Aluno-398,2012,2012-06-01,11.0,Feminino,2022,Pública,,,FASE 3,3.0,FASE 3,3N,FASE 2,2.0,Fase 2 (5° e 6° ano),1,1.0,False,1.0,Adiantado,0.0,Ametista,7.153766667,10.0,6.5,8.1,6.7,2.52,7.5,7.7925,9.3,5.8,4.5,,,,,,
RA-399,2023,Aluno-399,2010,2010-03-01,13.0,Feminino,2022,Pública,,,FASE 3,3.0,FASE 3,3N,FASE 3,3.0,Fase 3 (7° e 8° ano),0,0.0,False,0.0,Adequado,0.0,Ametista,7.000033333,10.0,4.7,8.2,7.9,2.52,7.5,8.165,5.0,4.2,4.8,,,,,,
RA-428,2023,Aluno-428,2009,2009-07-12,13.0,Masculino,2022,Pública,,,FASE 3,3.0,FASE 3,3N,FASE 3,3.0,Fase 3 (7° e 8° ano),0,0.0,False,0.0,Adequado,0.0,Ametista,7.821816667,10.0,7.2,9.5,8.3,2.52,7.8125,8.0425,9.3,4.7,7.7,,,,,,
RA-315,2023,Aluno-315,2009,2009-03-04,14.0,Feminino,2022,Pública,,,FASE 3,3.0,FASE 3,3N,FASE 4,4.0,Fase 4 (9° ano),-1,-1.0,False,-1.0,Defasado,1.0,Quartzo,5.977708333,5.0,6.3,6.8,0.0,5.0,7.96875,7.8375,5.7,6.8,6.3,,,,,,
RA-402,2023,Aluno-402,2010,2010-01-30,13.0,Feminino,2019,Pública,,,FASE 3,3.0,FASE 3,3N,FASE 3,3.0,Fase 3 (7° e 8° ano),0,0.0,False,0.0,Adequado,0.0,Ágata,6.632716667,10.0,4.2,7.3,9.2,2.52,7.8125,6.88,4.7,4.0,4.0,,,,,,
RA-1168,2023,Aluno-1168,2010,2010-03-26,13.0,Feminino,2023,Pública,,,FASE 3,3.0,FASE 3,3N,FASE 3,3.0,Fase 3 (7° e 8° ano),0,0.0,False,0.0,Adequado,0.0,Quartzo,5.886625,10.0,3.5,8.8,0.0,2.52,7.65625,7.045,5.0,2.0,3.5,,,,,,
RA-613,2023,Aluno-613,2009,2009-10-25,14.0,Masculino,2020,Pública,,,FASE 3,3.0,FASE 3,3N,FASE 4,4.0,Fase 4 (9° ano),-1,-1.0,False,-1.0,Defasado,1.0,Ágata,6.864508333,5.0,4.8,9.4,9.2,5.0,6.71875,7.2125,4.3,6.2,3.8,,,,,,
RA-304,2023,Aluno-304,2007,2007-02-12,15.0,Masculino,2020,Pública,,,FASE 3,3.0,FASE 3,3N,FASE 5,5.0,Fase 5 (1° EM),-2,-2.0,False,-2.0,Defasado,1.0,Ágata,6.241583333,5.0,5.7,8.8,0.0,5.0,7.8125,7.835,7.0,3.7,6.3,,,,,,
RA-457,2023,Aluno-457,2010,2010-07-23,13.0,Feminino,2022,Pública,,,FASE 3,3.0,FASE 3,3N,FASE 3,3.0,Fase 3 (7° e 8° ano),0,0.0,False,0.0,Adequado,0.0,Topázio,8.256833333,10.0,8.1,8.6,7.5,7.52,8.125,8.045,6.7,8.5,9.0,,,,,,
RA-307,2023,Aluno-307,2008,2008-04-08,15.0,Masculino,2022,Pública,,,FASE 3,3.0,FASE 3,3N,FASE 5,5.0,Fase 5 (1° EM),-2,-2.0,False,-2.0,Defasado,1.0,Ágata,6.047333333,5.0,6.3,6.5,0.0,7.52,7.5,7.46,6.3,7.3,5.2,,,,,,
RA-283,2023,Aluno-283,2008,2008-06-27,15.0,Masculino,2020,Pública,,,FASE 3,3.0,FASE 3,3N,FASE 5,5.0,Fase 5 (1° EM),-2,-2.0,False,-2.0,Defasado,1.0,Ametista,7.549025,5.0,6.8,9.5,8.3,7.52,7.03125,7.5025,6.8,4.8,8.8,,,,,,
RA-459,2023,Aluno-459,2010,2010-04-20,13.0,Masculino,2019,Pública,,,FASE 3,3.0,FASE 3,3N,FASE 3,3.0,Fase 3 (7° e 8° ano),0,0.0,False,0.0,Adequado,0.0,Topázio,8.240016667,10.0,8.3,9.3,6.7,7.52,7.1875,7.88,8.3,9.2,7.5,,,,,,
RA-440,2023,Aluno-440,2011,2011-03-16,12.0,Masculino,2022,Pública,,,FASE 3,3.0,FASE 3,3P,FASE 3,3.0,Fase 3 (7° e 8° ano),0,0.0,False,0.0,Adequado,0.0,Ágata,6.989208333,10.0,6.2,8.2,0.0,7.52,7.96875,7.835,7.3,7.0,4.2,,,,,,
RA-443,2023,Aluno-443,2009,2009-03-14,14.0,Feminino,2019,Pública,,,FASE 3,3.0,FASE 3,3P,FASE 4,4.0,Fase 4 (9° ano),-1,-1.0,False,-1.0,Defasado,1.0,Ágata,6.895508333,5.0,7.6,7.5,7.1,2.52,7.96875,8.125,7.0,8.7,7.0,,,,,,
RA-454,2023,Aluno-454,2008,2008-09-18,15.0,Masculino,2018,Pública,,,FASE 3,3.0,FASE 3,3P,FASE 5,5.0,Fase 5 (1° EM),-2,-2.0,False,-2.0,Defasado,1.0,Quartzo,4.603416667,5.0,2.6,7.5,0.0,5.0,4.6875,5.54,4.2,1.2,2.5,,,,,,
RA-444,2023,Aluno-444,2011,2011-12-15,11.0,Masculino,2018,Pública,,,FASE 3,3.0,FASE 3,3P,FASE 2,2.0,Fase 2 (5° e 6° ano),1,1.0,False,1.0,Adiantado,0.0,Quartzo,5.958791667,10.0,4.7,7.9,0.0,5.0,6.40625,6.4575,4.7,5.8,3.7,,,,,,
RA-170,2023,Aluno-170,2008,2008-10-23,15.0,Feminino,2018,Privada - Programa de Apadrinhamento,,,FASE 3,3.0,FASE 3,3P,FASE 5,5.0,Fase 5 (1° EM),-2,-2.0,False,-2.0,Defasado,1.0,Ametista,7.062433333,5.0,7.2,8.9,8.8,2.52,6.875,7.6725,6.3,8.7,6.5,,,,,,
RA-1169,2023,Aluno-1169,2009,2009-05-01,14.0,Feminino,2023,Pública,,,FASE 3,3.0,FASE 3,3P,FASE 4,4.0,Fase 4 (9° ano),-1,-1.0,False,-1.0,Defasado,1.0,Ametista,7.213625,5.0,6.3,9.5,7.5,5.0,7.03125,8.0025,6.8,7.3,4.8,,,,,,
RA-458,2023,Aluno-458,2009,2009-12-09,14.0,Masculino,2019,Pública,,,FASE 3,3.0,FASE 3,3P,FASE 4,4.0,Fase 4 (9° ano),-1,-1.0,False,-1.0,Defasado,1.0,Ágata,6.312083333,5.0,3.8,6.9,9.6,7.52,7.1875,6.2475,4.3,4.8,2.2,,,,,,
RA-1170,2023,Aluno-1170,2009,2009-07-04,14.0,Masculino,2023,Pública,,,FASE 3,3.0,FASE 3,3P,FASE 4,4.0,Fase 4 (9° ano),-1,-1.0,False,-1.0,Defasado,1.0,Ágata,6.874683333,5.0,5.9,7.7,8.8,7.52,7.1875,6.5775,6.0,6.8,4.8,,,,,,
RA-1171,2023,Aluno-1171,2009,2009-04-24,14.0,Masculino,2023,Pública,,,FASE 3,3.0,FASE 3,3P,FASE 4,4.0,Fase 4 (9° ano),-1,-1.0,False,-1.0,Defasado,1.0,Ametista,7.856033333,5.0,8.7,8.4,7.9,5.0,8.75,8.88,7.3,9.0,9.7,,,,,,
RA-449,2023,Aluno-449,2010,2010-12-18,12.0,Feminino,2022,Pública,,,FASE 3,3.0,FASE 3,3P,FASE 3,3.0,Fase 3 (7° e 8° ano),0,0.0,False,0.0,Adequado,0.0,Ametista,7.396508333,10.0,7.0,7.2,7.1,7.52,7.34375,6.8425,5.5,7.7,7.7,,,,,,
RA-462,2023,Aluno-462,2008,2008-03-05,15.0,Feminino,2022,Pública,,,FASE 3,3.0,FASE 3,3P,FASE 5,5.0,Fase 5 (1° EM),-2,-2.0,False,-2.0,Defasado,1.0,Ágata,6.2267,5.0,2.7,8.1,10.0,5.0,7.5,6.5825,4.0,2.8,1.3,,,,,,
RA-176,2023,Aluno-176,2009,2009-08-28,14.0,Feminino,2018,Privada - Programa de Apadrinhamento,,,FASE 4,4.0,FASE 4,4A,FASE 4,4.0,Fase 4 (9° ano),0,0.0,False,0.0,Adequado,0.0,Topázio,8.316833333,10.0,8.0,9.5,9.6,2.52,8.125,9.0025,7.3,7.3,9.3,,,,,,
RA-178,2023,Aluno-178,2009,2009-05-10,14.0,Feminino,2016,Privada - Programa de Apadrinhamento,,,FASE 4,4.0,FASE 4,4A,FASE 4,4.0,Fase 4 (9° ano),0,0.0,False,0.0,Adequado,0.0,Ametista,7.406658333,10.0,5.9,8.7,7.9,2.52,7.65625,8.42,6.3,5.8,5.5,,,,,,
RA-193,2023,Aluno-193,2010,2010-02-17,13.0,Masculino,2016,Privada - Programa de Apadrinhamento,,,FASE 4,4.0,FASE 4,4A,FASE 3,3.0,Fase 3 (7° e 8° ano),1,1.0,False,1.0,Adiantado,0.0,Ametista,7.718566667,10.0,6.5,9.4,8.3,2.52,8.125,8.17,6.0,6.3,7.3,,,,,,
RA-1172,2023,Aluno-1172,2007,2007-08-27,16.0,Feminino,2023,Pública,,,FASE 4,4.0,FASE 4,4A,FASE 6,6.0,Fase 6 (2° EM),-2,-2.0,False,-2.0,Defasado,1.0,Ametista,7.030108333,5.0,6.7,7.8,8.3,2.52,8.59375,8.46,6.0,5.7,8.3,,,,,,
RA-180,2023,Aluno-180,2010,2010-09-22,13.0,Masculino,2018,Privada - Programa de Apadrinhamento,,,FASE 4,4.0,FASE 4,4A,FASE 3,3.0,Fase 3 (7° e 8° ano),1,1.0,False,1.0,Adiantado,0.0,Topázio,8.283216667,10.0,8.0,9.4,9.2,2.52,8.4375,8.92,8.3,7.3,8.5,,,,,,
RA-181,2023,Aluno-181,2009,2009-01-03,14.0,Feminino,2019,Privada - Programa de Apadrinhamento,,,FASE 4,4.0,FASE 4,4A,FASE 4,4.0,Fase 4 (9° ano),0,0.0,False,0.0,Adequado,0.0,Ametista,7.671208333,10.0,6.8,8.3,9.6,2.52,7.96875,8.2525,8.3,6.5,5.5,,,,,,
RA-195,2023,Aluno-195,2009,2009-12-10,14.0,Feminino,2017,Privada - Programa de Apadrinhamento,,,FASE 4,4.0,FASE 4,4A,FASE 4,4.0,Fase 4 (9° ano),0,0.0,False,0.0,Adequado,0.0,Ametista,7.60205,10.0,6.0,9.2,7.1,2.52,8.4375,8.79,6.3,6.2,5.5,,,,,,
RA-196,2023,Aluno-196,2010,2010-01-23,13.0,Masculino,2018,Privada - Programa de Apadrinhamento,,,FASE 4,4.0,FASE 4,4A,FASE 3,3.0,Fase 3 (7° e 8° ano),1,1.0,False,1.0,Adiantado,0.0,Ametista,7.560991667,10.0,6.2,9.0,7.9,2.52,8.28125,8.2125,7.0,6.0,5.7,,,,,,
RA-211,2023,Aluno-211,2009,2009-06-15,14.0,Masculino,2021,Privada - Programa de Apadrinhamento,,,FASE 4,4.0,FASE 4,4A,FASE 4,4.0,Fase 4 (9° ano),0,0.0,False,0.0,Adequado,0.0,Topázio,8.024791667,10.0,7.1,9.4,9.6,2.52,7.65625,8.71,7.7,8.0,5.7,,,,,,
RA-197,2023,Aluno-197,2009,2009-12-19,13.0,Feminino,2021,Privada - Programa de Apadrinhamento,,,FASE 4,4.0,FASE 4,4A,FASE 3,3.0,Fase 3 (7° e 8° ano),1,1.0,False,1.0,Adiantado,0.0,Ametista,7.967608333,10.0,7.2,9.8,8.3,2.52,7.96875,8.46,7.0,7.3,7.2,,,,,,
RA-229,2023,Aluno-229,2010,2010-09-04,13.0,Masculino,2022,Privada - Programa de Apadrinhamento,,,FASE 4,4.0,FASE 4,4A,FASE 3,3.0,Fase 3 (7° e 8° ano),1,1.0,False,1.0,Adiantado,0.0,Topázio,8.207591667,10.0,7.8,9.8,9.2,2.52,8.28125,8.42,8.0,8.2,7.3,,,,,,
RA-186,2023,Aluno-186,2009,2009-10-07,14.0,Feminino,2019,Privada,,,FASE 4,4.0,FASE 4,4A,FASE 4,4.0,Fase 4 (9° ano),0,0.0,False,0.0,Adequado,0.0,Ametista,7.817541667,10.0,6.9,9.7,7.5,2.52,7.96875,8.46,6.8,7.0,7.0,,,,,,
RA-189,2023,Aluno-189,2008,2008-12-23,14.0,Masculino,2018,Privada - Programa de Apadrinhamento,,,FASE 4,4.0,FASE 4,4A,FASE 4,4.0,Fase 4 (9° ano),0,0.0,False,0.0,Adequado,0.0,Ametista,7.727325,10.0,6.5,9.4,7.9,2.52,8.28125,8.3775,6.3,6.5,6.7,,,,,,
RA-191,2023,Aluno-191,2009,2009-05-21,14.0,Masculino,2019,Privada - Programa de Apadrinhamento,,,FASE 4,4.0,FASE 4,4A,FASE 4,4.0,Fase 4 (9° ano),0,0.0,False,0.0,Adequado,0.0,Ametista,7.263666667,10.0,7.8,9.7,0.0,2.52,8.125,8.4625,8.7,7.0,7.8,,,,,,
RA-1173,2023,Aluno-1173,2009,2009-05-31,14.0,Masculino,2023,Pública,,,FASE 4,4.0,FASE 4,4A,FASE 4,4.0,Fase 4 (9° ano),0,0.0,False,0.0,Adequado,0.0,Ametista,7.67285,10.0,6.0,9.7,8.8,2.52,7.8125,8.1225,7.0,5.0,6.0,,,,,,
RA-217,2023,Aluno-217,2007,2007-03-11,15.0,Feminino,2021,Pública,,,FASE 4,4.0,FASE 4,4B,FASE 5,5.0,Fase 5 (1° EM),-1,-1.0,False,-1.0,Defasado,1.0,Ágata,6.96965,5.0,5.6,8.6,8.3,2.52,8.4375,8.5025,6.7,5.3,4.8,,,,,,
RA-1174,2023,Aluno-1174,2008,2008-10-19,15.0,Feminino,2023,Pública,,,FASE 4,4.0,FASE 4,4B,FASE 5,5.0,Fase 5 (1° EM),-1,-1.0,False,-1.0,Defasado,1.0,Ametista,7.333591667,5.0,6.8,8.7,9.2,2.52,8.90625,8.3375,6.5,7.2,6.8,,,,,,
RA-192,2023,Aluno-192,2007,2007-01-16,16.0,Masculino,2021,Privada,,,FASE 4,4.0,FASE 4,4B,FASE 6,6.0,Fase 6 (2° EM),-2,-2.0,False,-2.0,Defasado,1.0,Ágata,6.616016667,5.0,6.5,6.2,8.8,5.0,7.1875,7.3775,6.0,5.8,7.8,,,,,,
RA-184,2023,Aluno-184,2010,2010-03-27,13.0,Masculino,2019,Pública,,,FASE 4,4.0,FASE 4,4B,FASE 3,3.0,Fase 3 (7° e 8° ano),1,1.0,False,1.0,Adiantado,0.0,Topázio,8.430241667,10.0,7.1,9.5,7.9,7.52,8.59375,8.5025,7.3,6.3,7.8,,,,,,
RA-200,2023,Aluno-200,2007,2007-07-14,16.0,Masculino,2018,Privada - Programa de Apadrinhamento,,,FASE 4,4.0,FASE 4,4B,FASE 6,6.0,Fase 6 (2° EM),-2,-2.0,False,-2.0,Defasado,1.0,Quartzo,5.661166667,5.0,4.3,4.5,9.6,2.52,7.5,7.17,4.3,4.2,4.5,,,,,,
RA-1175,2023,Aluno-1175,2006,2006-03-08,17.0,Feminino,2023,Pública,,,FASE 4,4.0,FASE 4,4B,FASE 7,7.0,Fase 7 (3° EM),-3,-3.0,False,-3.0,Defasado,1.0,Quartzo,5.939858333,2.5,6.3,5.3,8.3,2.52,7.65625,7.6275,6.3,6.3,6.2,,,,,,
RA-204,2023,Aluno-204,2009,2009-08-08,14.0,Feminino,2019,Pública,,,FASE 4,4.0,FASE 4,4B,FASE 4,4.0,Fase 4 (9° ano),0,0.0,False,0.0,Adequado,0.0,Ametista,7.557558333,10.0,7.1,7.9,8.8,2.52,8.28125,8.045,4.7,8.0,8.5,,,,,,
RA-1176,2023,Aluno-1176,2010,2010-05-23,13.0,Masculino,2023,Pública,,,FASE 4,4.0,FASE 4,4B,FASE 3,3.0,Fase 3 (7° e 8° ano),1,1.0,False,1.0,Adiantado,0.0,Topázio,8.881483333,10.0,8.2,9.3,8.3,7.52,9.6875,9.17,8.0,7.8,8.7,,,,,,
RA-1177,2023,Aluno-1177,2008,2008-11-15,14.0,Feminino,2023,Pública,,,FASE 4,4.0,FASE 4,4B,FASE 4,4.0,Fase 4 (9° ano),0,0.0,False,0.0,Adequado,0.0,Topázio,8.345491667,10.0,7.2,9.9,10.0,2.52,8.90625,8.88,7.0,6.7,8.0,,,,,,
RA-215,2023,Aluno-215,2009,2009-02-21,14.0,Feminino,2021,Pública,,,FASE 4,4.0,FASE 4,4C,FASE 4,4.0,Fase 4 (9° ano),0,0.0,False,0.0,Adequado,0.0,Ametista,7.166475,10.0,6.9,6.6,8.8,2.52,7.96875,7.7125,5.7,6.7,8.3,,,,,,
RA-1178,2023,Aluno-1178,2007,2007-01-05,16.0,Masculino,2023,Pública,,,FASE 4,4.0,FASE 4,4C,FASE 6,6.0,Fase 6 (2° EM),-2,-2.0,False,-2.0,Defasado,1.0,Ametista,7.066475,5.0,5.7,9.3,8.8,2.52,7.96875,8.2125,6.3,4.5,6.3,,,,,,
RA-149,2023,Aluno-149,2007,2007-05-02,16.0,Feminino,2022,Pública,,,FASE 4,4.0,FASE 4,4C,FASE 6,6.0,Fase 6 (2° EM),-2,-2.0,False,-2.0,Defasado,1.0,Quartzo,5.622266667,5.0,4.7,4.2,8.8,2.52,7.5,7.2925,5.7,3.5,5.0,,,,,,
RA-1179,2023,Aluno-1179,2008,2008-12-05,15.0,Masculino,2023,Pública,,,FASE 4,4.0,FASE 4,4C,FASE 5,5.0,Fase 5 (1° EM),-1,-1.0,False,-1.0,Defasado,1.0,Ágata,6.631333333,5.0,5.0,8.1,9.6,4.38,6.875,7.17,6.7,3.7,4.5,,,,,,
RA-218,2023,Aluno-218,2008,2008-07-17,15.0,Feminino,2022,Pública,,,FASE 4,4.0,FASE 4,4C,FASE 5,5.0,Fase 5 (1° EM),-1,-1.0,False,-1.0,Defasado,1.0,Quartzo,5.811541667,5.0,6.7,6.7,0.0,2.52,7.96875,7.88,5.7,7.0,7.5,,,,,,
RA-220,2023,Aluno-220,2009,2009-01-30,14.0,Feminino,2022,Pública,,,FASE 4,4.0,FASE 4,4C,FASE 4,4.0,Fase 4 (9° ano),0,0.0,False,0.0,Adequado,0.0,Ametista,7.102016667,10.0,6.1,7.6,8.8,2.52,7.1875,7.5475,6.3,5.8,6.3,,,,,,
RA-202,2023,Aluno-202,2008,2008-02-06,15.0,Feminino,2017,Pública,,,FASE 4,4.0,FASE 4,4C,FASE 5,5.0,Fase 5 (1° EM),-1,-1.0,False,-1.0,Defasado,1.0,Ágata,6.791641667,5.0,5.9,7.9,8.8,2.52,7.96875,8.005,6.3,4.8,6.7,,,,,,
RA-1180,2023,Aluno-1180,2008,2008-08-28,15.0,Masculino,2023,Pública,,,FASE 4,4.0,FASE 4,4C,FASE 5,5.0,Fase 5 (1° EM),-1,-1.0,False,-1.0,Defasado,1.0,Ametista,7.067983333,5.0,5.4,9.5,8.3,5.0,7.1875,7.7125,6.0,4.8,5.3,,,,,,
RA-1181,2023,Aluno-1181,2009,2009-05-01,14.0,Feminino,2023,Pública,,,FASE 4,4.0,FASE 4,4C,FASE 4,4.0,Fase 4 (9° ano),0,0.0,False,0.0,Adequado,0.0,Ágata,6.971266667,10.0,4.8,8.3,8.8,2.52,7.5,7.3375,5.7,4.3,4.5,,,,,,
RA-1182,2023,Aluno-1182,2007,2007-11-02,16.0,Feminino,2023,Pública,,,FASE 4,4.0,FASE 4,4C,FASE 6,6.0,Fase 6 (2° EM),-2,-2.0,False,-2.0,Defasado,1.0,Quartzo,5.709808333,5.0,4.2,6.3,7.5,2.52,6.71875,7.2125,5.3,2.0,5.2,,,,,,
RA-205,2023,Aluno-205,2008,2008-07-03,15.0,Masculino,2020,Pública,,,FASE 4,4.0,FASE 4,4C,FASE 5,5.0,Fase 5 (1° EM),-1,-1.0,False,-1.0,Defasado,1.0,Ágata,6.857625,5.0,6.6,7.6,9.6,4.38,7.03125,7.09,7.0,5.5,7.3,,,,,,
RA-1183,2023,Aluno-1183,2007,2007-11-24,15.0,Masculino,2023,Pública,,,FASE 4,4.0,FASE 4,4C,FASE 5,5.0,Fase 5 (1° EM),-1,-1.0,False,-1.0,Defasado,1.0,Ágata,6.269541667,5.0,5.3,8.7,7.5,2.52,6.09375,6.7575,6.0,4.0,6.0,,,,,,
RA-237,2023,Aluno-237,2008,2008-06-25,15.0,Feminino,2022,Privada - Programa de Apadrinhamento,,,FASE 4,4.0,FASE 4,4F,FASE 5,5.0,Fase 5 (1° EM),-1,-1.0,False,-1.0,Defasado,1.0,Ametista,7.436566667,5.0,6.7,9.5,8.3,2.52,8.125,8.96,7.7,7.0,5.5,,,,,,
RA-147,2023,Aluno-147,2008,2008-03-19,15.0,Feminino,2022,Pública,,,FASE 4,4.0,FASE 4,4F,FASE 5,5.0,Fase 5 (1° EM),-1,-1.0,False,-1.0,Defasado,1.0,Quartzo,5.5425,5.0,4.5,7.0,0.0,5.63,6.875,7.46,5.0,6.0,2.5,,,,,,
RA-240,2023,Aluno-240,2009,2009-08-01,14.0,Feminino,2017,Privada - Programa de Apadrinhamento,,,FASE 4,4.0,FASE 4,4F,FASE 4,4.0,Fase 4 (9° ano),0,0.0,False,0.0,Adequado,0.0,Ágata,6.337966667,10.0,4.8,6.7,7.1,2.52,6.875,6.9175,7.0,3.3,4.2,,,,,,
RA-1184,2023,Aluno-1184,2007,2007-09-08,16.0,Masculino,2023,Pública,,,FASE 4,4.0,FASE 4,4F,FASE 6,6.0,Fase 6 (2° EM),-2,-2.0,False,-2.0,Defasado,1.0,Ametista,7.381566667,5.0,7.3,8.3,8.3,5.0,8.125,8.045,8.0,5.5,8.5,,,,,,
RA-241,2023,Aluno-241,2008,2008-06-10,15.0,Masculino,2016,Privada - Programa de Apadrinhamento,,,FASE 4,4.0,FASE 4,4F,FASE 5,5.0,Fase 5 (1° EM),-1,-1.0,False,-1.0,Defasado,1.0,Ametista,7.016,5.0,7.5,9.9,0.0,2.52,8.75,9.545,9.3,7.0,6.2,,,,,,
RA-242,2023,Aluno-242,2009,2009-02-26,14.0,Masculino,2018,Privada - Programa de Apadrinhamento,,,FASE 4,4.0,FASE 4,4F,FASE 4,4.0,Fase 4 (9° ano),0,0.0,False,0.0,Adequado,0.0,Topázio,8.221841667,10.0,7.9,9.7,7.1,2.52,8.59375,9.3775,9.3,7.3,7.2,,,,,,
RA-138,2023,Aluno-138,2007,2007-03-16,16.0,Masculino,2016,Pública,,,FASE 4,4.0,FASE 4,4F,FASE 6,6.0,Fase 6 (2° EM),-2,-2.0,False,-2.0,Defasado,1.0,Ágata,6.784075,5.0,4.3,7.9,10.0,6.26,7.34375,7.4175,4.0,3.7,5.2,,,,,,
RA-244,2023,Aluno-244,2010,2010-03-30,13.0,Feminino,2018,Privada - Programa de Apadrinhamento,,,FASE 4,4.0,FASE 4,4F,FASE 3,3.0,Fase 3 (7° e 8° ano),1,1.0,False,1.0,Adiantado,0.0,Ametista,7.044333333,10.0,7.3,8.8,0.0,2.52,8.125,8.8325,7.0,8.0,6.8,,,,,,
RA-245,2023,Aluno-245,2008,2008-06-10,15.0,Masculino,2016,Privada - Programa de Apadrinhamento,,,FASE 4,4.0,FASE 4,4F,FASE 5,5.0,Fase 5 (1° EM),-1,-1.0,False,-1.0,Defasado,1.0,Ametista,7.171166667,5.0,8.1,10.0,0.0,2.52,8.75,9.5875,9.3,7.8,7.3,,,,,,
RA-246,2023,Aluno-246,2009,2009-08-04,14.0,Masculino,2022,Privada,,,FASE 4,4.0,FASE 4,4F,FASE 4,4.0,Fase 4 (9° ano),0,0.0,False,0.0,Adequado,0.0,Topázio,8.256766667,10.0,6.8,9.9,8.8,4.39,8.125,8.9175,7.7,7.0,5.8,,,,,,
RA-141,2023,Aluno-141,2008,2008-05-28,15.0,Masculino,2017,Pública,,,FASE 4,4.0,FASE 4,4F,FASE 5,5.0,Fase 5 (1° EM),-1,-1.0,False,-1.0,Defasado,1.0,Ágata,6.719791667,5.0,4.5,8.4,9.6,5.63,7.03125,7.0425,6.0,5.3,2.3,,,,,,
RA-239,2023,Aluno-239,2007,2007-05-22,16.0,Feminino,2021,Pública,,,FASE 4,4.0,FASE 4,4G,FASE 6,6.0,Fase 6 (2° EM),-2,-2.0,False,-2.0,Defasado,1.0,Ágata,6.411333333,5.0,7.0,8.4,0.0,5.0,8.125,7.6275,6.0,7.2,7.7,,,,,,
RA-1185,2023,Aluno-1185,2010,2010-11-05,13.0,Feminino,2023,Pública,,,FASE 4,4.0,FASE 4,4G,FASE 3,3.0,Fase 3 (7° e 8° ano),1,1.0,False,1.0,Adiantado,0.0,Topázio,8.02675,10.0,7.5,9.1,7.5,5.0,7.8125,8.3775,6.7,6.3,9.5,,,,,,
RA-262,2023,Aluno-262,2007,2007-06-07,16.0,Masculino,2021,Privada,,,FASE 4,4.0,FASE 4,4G,FASE 6,6.0,Fase 6 (2° EM),-2,-2.0,False,-2.0,Defasado,1.0,Quartzo,4.406458333,5.0,3.8,3.7,0.0,5.0,7.03125,6.05,5.0,3.3,3.0,,,,,,
RA-1186,2023,Aluno-1186,2007,2007-08-01,16.0,Feminino,2023,Pública,,,FASE 4,4.0,FASE 4,4G,FASE 6,6.0,Fase 6 (2° EM),-2,-2.0,False,-2.0,Defasado,1.0,Ametista,7.281433333,5.0,5.5,9.8,8.8,6.89,6.875,7.3825,6.7,5.2,4.5,,,,,,
RA-397,2023,Aluno-397,2008,2008-05-13,15.0,Feminino,2017,Pública,,,FASE 4,4.0,FASE 4,4G,FASE 5,5.0,Fase 5 (1° EM),-1,-1.0,False,-1.0,Defasado,1.0,Ágata,6.207083333,5.0,4.6,7.9,7.5,2.52,7.1875,7.465,6.7,5.0,2.0,,,,,,
RA-1187,2023,Aluno-1187,2010,2010-02-19,13.0,Feminino,2023,Pública,,,FASE 4,4.0,FASE 4,4G,FASE 3,3.0,Fase 3 (7° e 8° ano),1,1.0,False,1.0,Adiantado,0.0,Ágata,6.644475,10.0,5.3,6.9,8.8,2.52,7.34375,6.715,4.7,5.0,6.2,,,,,,
RA-145,2023,Aluno-145,2006,2006-07-27,17.0,Masculino,2017,Pública,,,FASE 4,4.0,FASE 4,4H,FASE 7,7.0,Fase 7 (3° EM),-3,-3.0,False,-3.0,Defasado,1.0,,,2.5,6.2,9.0,7.9,,7.96875,7.4625,5.3,6.0,7.2,,,,,,
RA-1188,2023,Aluno-1188,2008,2008-01-13,15.0,Feminino,2023,Pública,,,FASE 4,4.0,FASE 4,4H,FASE 5,5.0,Fase 5 (1° EM),-1,-1.0,False,-1.0,Defasado,1.0,,,5.0,6.4,9.4,9.6,,7.8125,7.5875,6.5,7.5,5.2,,,,,,
RA-265,2023,Aluno-265,2009,2009-08-26,14.0,Masculino,2019,Pública,,,FASE 4,4.0,FASE 4,4H,FASE 4,4.0,Fase 4 (9° ano),0,0.0,False,0.0,Adequado,0.0,,,10.0,7.0,8.7,8.3,,7.96875,7.88,7.3,6.8,6.8,,,,,,
RA-254,2023,Aluno-254,2008,2008-03-26,15.0,Masculino,2019,Pública,,,FASE 4,4.0,FASE 4,4H,FASE 5,5.0,Fase 5 (1° EM),-1,-1.0,False,-1.0,Defasado,1.0,,,5.0,5.9,8.8,9.6,,7.8125,7.71,5.7,5.7,6.2,,,,,,
RA-267,2023,Aluno-267,2007,2007-01-19,16.0,Feminino,2016,Pública,,,FASE 4,4.0,FASE 4,4H,FASE 6,6.0,Fase 6 (2° EM),-2,-2.0,False,-2.0,Defasado,1.0,,,5.0,2.7,7.7,7.9,,4.6875,6.505,2.7,4.0,1.3,,,,,,
RA-1189,2023,Aluno-1189,2008,2008-05-04,15.0,Feminino,2023,Pública,,,FASE 4,4.0,FASE 4,4H,FASE 5,5.0,Fase 5 (1° EM),-1,-1.0,False,-1.0,Defasado,1.0,,,5.0,6.1,9.0,8.8,,7.8125,7.3775,6.3,5.7,6.2,,,,,,
RA-295,2023,Aluno-295,2008,2008-02-28,15.0,Feminino,2022,Pública,,,FASE 4,4.0,FASE 4,4L,FASE 5,5.0,Fase 5 (1° EM),-1,-1.0,False,-1.0,Defasado,1.0,Ametista,7.641016667,5.0,7.7,8.8,8.8,2.52,9.0625,9.005,7.3,7.2,8.7,,,,,,
RA-269,2023,Aluno-269,2009,2009-03-28,14.0,Masculino,2022,Pública,,,FASE 4,4.0,FASE 4,4L,FASE 4,4.0,Fase 4 (9° ano),0,0.0,False,0.0,Adequado,0.0,Topázio,8.116041667,10.0,7.4,9.0,9.6,2.52,8.59375,8.7975,8.0,7.3,7.0,,,,,,
RA-313,2023,Aluno-313,2008,2008-11-18,14.0,Feminino,2022,Pública,,,FASE 4,4.0,FASE 4,4L,FASE 4,4.0,Fase 4 (9° ano),0,0.0,False,0.0,Adequado,0.0,Ametista,7.011091667,10.0,3.9,8.7,9.2,2.52,7.65625,7.75,4.0,2.8,5.0,,,,,,
RA-1190,2023,Aluno-1190,2009,2009-03-02,14.0,Masculino,2023,Pública,,,FASE 4,4.0,FASE 4,4L,FASE 4,4.0,Fase 4 (9° ano),0,0.0,False,0.0,Adequado,0.0,Ágata,6.330041667,10.0,4.2,9.2,0.0,5.0,7.34375,7.045,3.0,4.2,5.5,,,,,,
RA-301,2023,Aluno-301,2009,2009-11-07,14.0,Feminino,2019,Pública,,,FASE 4,4.0,FASE 4,4L,FASE 4,4.0,Fase 4 (9° ano),0,0.0,False,0.0,Adequado,0.0,Ágata,6.760341667,10.0,5.2,5.4,9.2,7.52,6.71875,6.465,4.7,6.5,4.5,,,,,,
RA-286,2023,Aluno-286,2007,2007-11-20,15.0,Feminino,2022,Pública,,,FASE 4,4.0,FASE 4,4L,FASE 5,5.0,Fase 5 (1° EM),-1,-1.0,False,-1.0,Defasado,1.0,Quartzo,5.713333333,5.0,4.7,7.5,0.0,5.0,8.125,7.3375,3.7,5.0,5.3,,,,,,
RA-1191,2023,Aluno-1191,2009,2009-07-01,14.0,Masculino,2023,Pública,,,FASE 4,4.0,FASE 4,4L,FASE 4,4.0,Fase 4 (9° ano),0,0.0,False,0.0,Adequado,0.0,Ágata,6.175333333,10.0,3.7,7.2,7.5,5.0,5.0,6.26,2.3,2.5,6.2,,,,,,
RA-1192,2023,Aluno-1192,2007,2007-11-27,15.0,Feminino,2023,Pública,,,FASE 4,4.0,FASE 4,4L,FASE 5,5.0,Fase 5 (1° EM),-1,-1.0,False,-1.0,Defasado,1.0,Ágata,6.780741667,5.0,5.8,8.7,7.9,2.52,7.96875,7.6675,4.7,6.0,6.8,,,,,,
RA-174,2023,Aluno-174,2007,2007-09-15,16.0,Feminino,2019,Pública,,,FASE 4,4.0,FASE 4,4L,FASE 6,6.0,Fase 6 (2° EM),-2,-2.0,False,-2.0,Defasado,1.0,Ágata,6.1242,5.0,5.1,5.6,7.9,5.0,7.5,7.2125,3.7,7.3,4.3,,,,,,
RA-1193,2023,Aluno-1193,2009,2009-03-01,14.0,Feminino,2023,Pública,,,FASE 4,4.0,FASE 4,4L,FASE 4,4.0,Fase 4 (9° ano),0,0.0,False,0.0,Adequado,0.0,Ágata,6.018083333,10.0,4.1,7.8,0.0,5.0,7.1875,7.13,3.7,3.5,5.0,,,,,,
RA-308,2023,Aluno-308,2009,2009-09-22,14.0,Masculino,2019,Pública,,,FASE 4,4.0,FASE 4,4L,FASE 4,4.0,Fase 4 (9° ano),0,0.0,False,0.0,Adequado,0.0,Ágata,6.578558333,10.0,4.9,6.8,5.4,5.0,7.03125,7.5025,4.7,5.2,4.7,,,,,,
RA-152,2023,Aluno-152,2006,2006-11-30,16.0,Feminino,2022,Pública,,,FASE 4,4.0,FASE 4,4M,FASE 6,6.0,Fase 6 (2° EM),-2,-2.0,False,-2.0,Defasado,1.0,Ágata,6.30695,5.0,4.5,7.7,7.9,2.52,7.8125,7.71,4.0,5.0,4.5,,,,,,
RA-270,2023,Aluno-270,2009,2009-02-28,14.0,Feminino,2019,Privada - Programa de Apadrinhamento,,,FASE 4,4.0,FASE 4,4M,FASE 4,4.0,Fase 4 (9° ano),0,0.0,False,0.0,Adequado,0.0,Ametista,7.982633333,10.0,6.6,9.0,9.2,2.52,8.75,9.1275,7.7,6.2,5.8,,,,,,
RA-271,2023,Aluno-271,2007,2007-10-16,16.0,Feminino,2022,Pública,,,FASE 4,4.0,FASE 4,4M,FASE 6,6.0,Fase 6 (2° EM),-2,-2.0,False,-2.0,Defasado,1.0,Ágata,6.140333333,5.0,5.9,9.3,0.0,2.52,8.125,7.7125,4.3,7.0,6.3,,,,,,
RA-299,2023,Aluno-299,2009,2009-07-28,14.0,Feminino,2019,Privada - Programa de Apadrinhamento,,,FASE 4,4.0,FASE 4,4M,FASE 4,4.0,Fase 4 (9° ano),0,0.0,False,0.0,Adequado,0.0,Ágata,6.796541667,10.0,6.1,9.6,0.0,2.52,7.96875,8.005,5.0,7.2,6.2,,,,,,
RA-316,2023,Aluno-316,2008,2008-11-20,14.0,Feminino,2022,Pública,,,FASE 4,4.0,FASE 4,4M,FASE 4,4.0,Fase 4 (9° ano),0,0.0,False,0.0,Adequado,0.0,Topázio,8.436908333,10.0,5.7,9.5,10.0,7.52,8.59375,8.96,6.3,5.7,5.0,,,,,,
RA-318,2023,Aluno-318,2008,2008-01-30,15.0,Feminino,2019,Pública,,,FASE 4,4.0,FASE 4,4M,FASE 5,5.0,Fase 5 (1° EM),-1,-1.0,False,-1.0,Defasado,1.0,Ágata,6.856575,5.0,4.9,8.1,7.9,6.26,7.96875,7.71,5.0,5.0,4.7,,,,,,
RA-274,2023,Aluno-274,2011,2011-02-18,12.0,Feminino,2019,Privada - Programa de Apadrinhamento,,,FASE 4,4.0,FASE 4,4M,FASE 3,3.0,Fase 3 (7° e 8° ano),1,1.0,False,1.0,Adiantado,0.0,Topázio,8.137625,10.0,7.5,9.5,7.5,5.63,7.65625,8.295,7.0,7.7,7.8,,,,,,
RA-320,2023,Aluno-320,2008,2008-11-20,14.0,Feminino,2022,Pública,,,FASE 4,4.0,FASE 4,4M,FASE 4,4.0,Fase 4 (9° ano),0,0.0,False,0.0,Adequado,0.0,Topázio,8.393508333,10.0,5.5,9.9,9.2,7.52,8.59375,8.96,5.7,6.0,4.7,,,,,,
RA-277,2023,Aluno-277,2008,2008-12-09,15.0,Masculino,2021,Pública,,,FASE 4,4.0,FASE 4,4M,FASE 5,5.0,Fase 5 (1° EM),-1,-1.0,False,-1.0,Defasado,1.0,Ametista,7.7284,5.0,5.5,9.9,8.3,7.52,8.125,8.7525,5.7,6.0,4.8,,,,,,
RA-278,2023,Aluno-278,2010,2010-05-17,13.0,Masculino,2018,Pública,,,FASE 4,4.0,FASE 4,4M,FASE 3,3.0,Fase 3 (7° e 8° ano),1,1.0,False,1.0,Adiantado,0.0,Ametista,7.1935,10.0,5.6,9.8,0.0,5.63,8.75,8.3775,6.0,5.3,5.5,,,,,,
RA-291,2023,Aluno-291,2009,2009-01-17,14.0,Masculino,2022,Privada - Programa de Apadrinhamento,,,FASE 4,4.0,FASE 4,4M,FASE 4,4.0,Fase 4 (9° ano),0,0.0,False,0.0,Adequado,0.0,Topázio,8.493058333,10.0,7.1,8.6,8.8,7.52,8.90625,9.21,8.0,6.5,6.7,,,,,,
RA-306,2023,Aluno-306,2008,2008-06-02,15.0,Feminino,2021,Pública,,,FASE 4,4.0,FASE 4,4M,FASE 5,5.0,Fase 5 (1° EM),-1,-1.0,False,-1.0,Defasado,1.0,Quartzo,5.732375,5.0,4.0,7.9,0.0,6.26,7.34375,7.46,4.7,4.5,2.8,,,,,,
RA-279,2023,Aluno-279,2009,2009-08-25,14.0,Masculino,2019,Pública,,,FASE 4,4.0,FASE 4,4M,FASE 4,4.0,Fase 4 (9° ano),0,0.0,False,0.0,Adequado,0.0,Topázio,9.006266667,10.0,8.9,10.0,8.8,6.27,8.75,9.2125,9.0,8.5,9.3,,,,,,
RA-280,2023,Aluno-280,2009,2009-04-07,14.0,Feminino,2021,Privada - Programa de Apadrinhamento,,,FASE 4,4.0,FASE 4,4M,FASE 4,4.0,Fase 4 (9° ano),0,0.0,False,0.0,Adequado,0.0,Topázio,8.189225,10.0,6.5,9.5,6.7,7.52,8.28125,8.7125,6.3,7.7,5.5,,,,,,
RA-276,2023,Aluno-276,2008,2008-12-11,14.0,Feminino,2017,Privada - Programa de Apadrinhamento,,,FASE 4,4.0,FASE 4,4M,FASE 4,4.0,Fase 4 (9° ano),0,0.0,False,0.0,Adequado,0.0,Ágata,6.690458333,10.0,5.5,8.5,6.3,2.52,7.03125,6.585,3.7,4.7,8.0,,,,,,
RA-285,2023,Aluno-285,2006,2006-08-18,17.0,Feminino,2020,Pública,,,FASE 4,4.0,FASE 4,4N,FASE 7,7.0,Fase 7 (3° EM),-3,-3.0,False,-3.0,Defasado,1.0,Quartzo,5.380358333,2.5,4.7,4.6,8.3,2.52,7.65625,7.13,4.0,6.0,4.0,,,,,,
RA-1194,2023,Aluno-1194,2010,2010-08-21,13.0,Masculino,2023,Pública,,,FASE 4,4.0,FASE 4,4N,FASE 3,3.0,Fase 3 (7° e 8° ano),1,1.0,False,1.0,Adiantado,0.0,Ametista,7.671933333,10.0,6.1,9.0,8.8,5.0,7.5,7.6675,6.0,4.2,8.0,,,,,,
RA-287,2023,Aluno-287,2005,2005-07-13,18.0,Feminino,2022,Pública,,,FASE 4,4.0,FASE 4,4N,FASE 8,8.0,Fase 8 (Universitários),-4,-4.0,False,-4.0,Defasado,1.0,Quartzo,3.745541667,2.5,3.9,4.8,0.0,2.52,4.21875,5.375,3.0,2.3,6.5,,,,,,
RA-319,2023,Aluno-319,2009,2009-07-07,14.0,Masculino,2022,Concluiu o 3º EM,,,FASE 4,4.0,FASE 4,4N,FASE 4,4.0,Fase 4 (9° ano),0,0.0,False,0.0,Adequado,0.0,Topázio,8.367208333,10.0,7.2,9.2,9.6,5.0,8.59375,8.88,5.7,5.8,10.0,,,,,,
RA-321,2023,Aluno-321,2010,2010-04-24,13.0,Feminino,2022,Pública,,,FASE 4,4.0,FASE 4,4N,FASE 3,3.0,Fase 3 (7° e 8° ano),1,1.0,False,1.0,Adiantado,0.0,Ametista,7.695233333,10.0,6.2,9.4,8.3,2.52,8.125,8.42,6.0,5.8,6.7,,,,,,
RA-1195,2023,Aluno-1195,2006,2006-02-10,17.0,Feminino,2022,Pública,,,FASE 4,4.0,FASE 4,4N,FASE 7,7.0,Fase 7 (3° EM),-3,-3.0,False,-3.0,Defasado,1.0,Quartzo,5.677291667,2.5,5.4,8.3,0.0,2.52,8.28125,8.0025,4.3,4.7,7.3,,,,,,
RA-159,2023,Aluno-159,2007,2007-08-28,16.0,Feminino,2021,Pública,,,FASE 4,4.0,FASE 4,4N,FASE 6,6.0,Fase 6 (2° EM),-2,-2.0,False,-2.0,Defasado,1.0,Ágata,6.805033333,5.0,6.3,8.1,7.9,2.52,8.125,7.8775,5.0,6.0,7.8,,,,,,
RA-322,2023,Aluno-322,2009,2009-02-28,14.0,Feminino,2022,Pública,,,FASE 4,4.0,FASE 4,4N,FASE 4,4.0,Fase 4 (9° ano),0,0.0,False,0.0,Adequado,0.0,Ametista,7.037808333,10.0,5.3,8.3,6.7,2.52,7.96875,8.045,4.0,5.5,6.3,,,,,,
RA-251,2023,Aluno-251,2007,2007-08-12,15.0,Masculino,2018,Pública,,,FASE 4,4.0,FASE 4,4N,FASE 5,5.0,Fase 5 (1° EM),-1,-1.0,False,-1.0,Defasado,1.0,Ágata,6.665208333,5.0,5.3,8.0,9.6,2.52,7.34375,7.835,5.0,5.5,5.3,,,,,,
RA-116,2023,Aluno-116,2006,2006-08-31,17.0,Feminino,2019,Pública,,,FASE 5,5.0,FASE 5,5A,FASE 7,7.0,Fase 7 (3° EM),-2,-2.0,False,-2.0,Defasado,1.0,Ágata,6.433075,5.0,4.7,7.6,6.7,5.0,7.96875,7.5475,2.3,5.0,6.8,,,,,,
RA-103,2023,Aluno-103,2009,2009-05-17,14.0,Feminino,2020,Privada - Programa de Apadrinhamento,,,FASE 5,5.0,FASE 5,5A,FASE 4,4.0,Fase 4 (9° ano),1,1.0,False,1.0,Adiantado,0.0,Topázio,8.0239,10.0,7.1,9.2,8.3,5.0,8.125,8.09,7.3,6.3,7.7,,,,,,
RA-42,2023,Aluno-42,2007,2007-11-03,16.0,Masculino,2019,Privada - Programa de Apadrinhamento,,,FASE 5,5.0,FASE 5,5A,FASE 6,6.0,Fase 6 (2° EM),-1,-1.0,False,-1.0,Defasado,1.0,Ágata,6.794516667,5.0,5.7,8.6,8.8,5.63,6.5625,6.6675,6.3,4.2,6.7,,,,,,
RA-121,2023,Aluno-121,2006,2006-12-11,16.0,Feminino,2021,Pública,,,FASE 5,5.0,FASE 5,5A,FASE 6,6.0,Fase 6 (2° EM),-1,-1.0,False,-1.0,Defasado,1.0,Ágata,6.811875,5.0,6.0,8.8,6.3,5.0,7.34375,7.4625,5.0,5.7,7.3,,,,,,
RA-106,2023,Aluno-106,2007,2007-12-23,15.0,Feminino,2016,Privada - Programa de Apadrinhamento,,,FASE 5,5.0,FASE 5,5A,FASE 5,5.0,Fase 5 (1° EM),0,0.0,False,0.0,Adequado,0.0,Ametista,7.769658333,10.0,7.3,9.1,7.9,5.0,7.03125,7.5075,6.7,6.8,8.3,,,,,,
RA-123,2023,Aluno-123,2006,2006-07-22,17.0,Masculino,2017,Privada - Programa de Apadrinhamento,,,FASE 5,5.0,FASE 5,5A,FASE 7,7.0,Fase 7 (3° EM),-2,-2.0,False,-2.0,Defasado,1.0,Ágata,6.068333333,5.0,5.7,9.4,0.0,5.0,6.875,6.8375,5.0,5.3,6.7,,,,,,
RA-46,2023,Aluno-46,2005,2005-04-16,18.0,Feminino,2022,Pública,,,FASE 5,5.0,FASE 5,5A,FASE 8,8.0,Fase 8 (Universitários),-3,-3.0,False,-3.0,Defasado,1.0,Quartzo,5.545383333,2.5,4.4,7.4,7.1,2.52,6.5625,6.6275,2.8,3.0,7.3,,,,,,
RA-125,2023,Aluno-125,2007,2007-01-21,16.0,Feminino,2022,Privada,,,FASE 5,5.0,FASE 5,5A,FASE 6,6.0,Fase 6 (2° EM),-1,-1.0,False,-1.0,Defasado,1.0,Ágata,6.989633333,5.0,5.8,7.7,9.2,5.0,8.125,7.835,3.3,5.8,8.2,,,,,,
RA-110,2023,Aluno-110,2008,2008-07-19,15.0,Masculino,2017,Privada - Programa de Apadrinhamento,,,FASE 5,5.0,FASE 5,5A,FASE 5,5.0,Fase 5 (1° EM),0,0.0,False,0.0,Adequado,0.0,Topázio,8.0879,10.0,7.5,8.6,8.3,5.0,8.75,8.2975,8.3,6.2,8.0,,,,,,
RA-128,2023,Aluno-128,2007,2007-09-20,16.0,Masculino,2019,Privada,,,FASE 5,5.0,FASE 5,5A,FASE 6,6.0,Fase 6 (2° EM),-1,-1.0,False,-1.0,Defasado,1.0,Ágata,6.503908333,5.0,5.7,7.3,6.7,5.0,7.34375,7.5475,6.3,4.0,6.7,,,,,,
RA-143,2023,Aluno-143,2009,2009-01-08,14.0,Masculino,2019,Privada - Programa de Apadrinhamento,,,FASE 5,5.0,FASE 5,5A,FASE 4,4.0,Fase 4 (9° ano),1,1.0,False,1.0,Adiantado,0.0,Ametista,7.794358333,10.0,6.5,9.6,8.3,2.52,8.28125,8.3375,9.2,5.0,5.2,,,,,,
RA-111,2023,Aluno-111,2009,2009-06-27,14.0,Feminino,2020,Privada - Programa de Apadrinhamento,,,FASE 5,5.0,FASE 5,5A,FASE 4,4.0,Fase 4 (9° ano),1,1.0,False,1.0,Adiantado,0.0,Ametista,7.566458333,10.0,6.0,8.7,7.5,5.0,7.65625,8.0875,6.0,5.2,6.7,,,,,,
RA-112,2023,Aluno-112,2007,2007-09-08,16.0,Feminino,2016,Privada - Programa de Apadrinhamento,,,FASE 5,5.0,FASE 5,5A,FASE 6,6.0,Fase 6 (2° EM),-1,-1.0,False,-1.0,Defasado,1.0,Ametista,7.141308333,5.0,7.4,8.1,6.7,5.0,7.96875,7.9225,7.3,6.5,8.3,,,,,,
RA-115,2023,Aluno-115,2006,2006-11-18,16.0,Feminino,2019,Pública,,,FASE 5,5.0,FASE 5,5A,FASE 6,6.0,Fase 6 (2° EM),-1,-1.0,False,-1.0,Defasado,1.0,Ágata,6.319141667,5.0,4.2,7.1,8.8,5.0,7.34375,7.215,3.7,3.8,5.2,,,,,,
RA-1196,2023,Aluno-1196,2008,2008-06-13,15.0,Masculino,2023,Privada,,,FASE 5,5.0,FASE 5,5B,FASE 5,5.0,Fase 5 (1° EM),0,0.0,False,0.0,Adequado,0.0,Ametista,7.03025,10.0,7.5,8.2,0.0,5.0,7.8125,8.045,8.0,6.2,8.3,,,,,,
RA-52,2023,Aluno-52,2009,2009-08-02,14.0,Masculino,2018,Privada - Programa de Apadrinhamento,,,FASE 5,5.0,FASE 5,5B,FASE 4,4.0,Fase 4 (9° ano),1,1.0,False,1.0,Adiantado,0.0,Ametista,7.9642,10.0,6.4,9.8,10.0,2.52,8.125,8.2975,7.7,4.8,6.7,,,,,,
RA-1197,2023,Aluno-1197,2007,2007-04-26,16.0,Feminino,2023,Pública,,,FASE 5,5.0,FASE 5,5B,FASE 6,6.0,Fase 6 (2° EM),-1,-1.0,False,-1.0,Defasado,1.0,Ágata,6.946058333,5.0,7.3,8.4,6.7,5.0,7.03125,7.215,5.3,7.2,9.3,,,,,,
RA-108,2023,Aluno-108,2005,2005-04-11,17.0,Feminino,2019,Concluiu o 3º EM,,,FASE 5,5.0,FASE 5,5B,FASE 7,7.0,Fase 7 (3° EM),-2,-2.0,False,-2.0,Defasado,1.0,Quartzo,4.9308,5.0,2.9,7.3,5.8,2.52,4.375,5.59,2.7,3.2,2.8,,,,,,
RA-1198,2023,Aluno-1198,2007,2007-11-08,16.0,Feminino,2023,Pública,,,FASE 5,5.0,FASE 5,5B,FASE 6,6.0,Fase 6 (2° EM),-1,-1.0,False,-1.0,Defasado,1.0,Ametista,7.515233333,5.0,6.7,9.4,8.3,6.26,7.5,7.9625,7.3,3.7,9.0,,,,,,
RA-127,2023,Aluno-127,2008,2008-07-18,15.0,Feminino,2022,Pública,,,FASE 5,5.0,FASE 5,5B,FASE 5,5.0,Fase 5 (1° EM),0,0.0,False,0.0,Adequado,0.0,Ametista,7.91935,10.0,6.4,7.8,8.8,6.26,8.4375,8.6725,4.7,6.3,8.2,,,,,,
RA-114,2023,Aluno-114,2006,2006-02-09,17.0,Masculino,2022,Pública,,,FASE 5,5.0,FASE 5,5B,FASE 7,7.0,Fase 7 (3° EM),-2,-2.0,False,-2.0,Defasado,1.0,Quartzo,5.335,5.0,5.6,6.0,0.0,3.14,7.5,7.255,4.0,4.5,8.3,,,,,,
RA-146,2023,Aluno-146,2007,2007-06-06,16.0,Feminino,2022,Pública,,,FASE 5,5.0,FASE 5,5C,FASE 6,6.0,Fase 6 (2° EM),-1,-1.0,False,-1.0,Defasado,1.0,Ametista,7.584483333,5.0,7.9,9.5,6.2,5.0,8.4375,8.2125,7.8,5.8,10.0,,,,,,
RA-1199,2023,Aluno-1199,2006,2006-11-01,17.0,Masculino,2023,Pública,,,FASE 5,5.0,FASE 5,5C,FASE 7,7.0,Fase 7 (3° EM),-2,-2.0,False,-2.0,Defasado,1.0,Ametista,7.024933333,5.0,6.2,9.1,6.7,5.0,6.875,8.0875,6.8,5.0,6.7,,,,,,
RA-70,2023,Aluno-70,2006,2006-08-20,17.0,Feminino,2017,Pública,,,FASE 5,5.0,FASE 5,5C,FASE 7,7.0,Fase 7 (3° EM),-2,-2.0,False,-2.0,Defasado,1.0,Ágata,6.869133333,5.0,4.3,9.2,9.2,5.0,7.5,7.545,3.0,3.5,6.3,,,,,,
RA-107,2023,Aluno-107,2007,2007-11-25,15.0,Feminino,2018,Pública,,,FASE 5,5.0,FASE 5,5C,FASE 5,5.0,Fase 5 (1° EM),0,0.0,False,0.0,Adequado,0.0,Ágata,6.845208333,10.0,7.0,8.5,0.0,5.0,7.34375,7.5875,6.0,5.2,9.7,,,,,,
RA-1200,2023,Aluno-1200,2007,2007-12-21,15.0,Feminino,2023,Pública,,,FASE 5,5.0,FASE 5,5C,FASE 5,5.0,Fase 5 (1° EM),0,0.0,False,0.0,Adequado,0.0,Quartzo,5.711166667,10.0,4.0,6.4,0.0,5.0,7.5,6.8725,4.3,2.3,5.5,,,,,,
RA-151,2023,Aluno-151,2006,2006-06-15,17.0,Feminino,2020,Pública,,,FASE 5,5.0,FASE 5,5C,FASE 7,7.0,Fase 7 (3° EM),-2,-2.0,False,-2.0,Defasado,1.0,Ágata,6.892541667,5.0,7.9,7.8,0.0,7.52,8.59375,8.1725,6.8,7.0,10.0,,,,,,
RA-85,2023,Aluno-85,2007,2007-02-13,16.0,Masculino,2022,Pública,,,FASE 5,5.0,FASE 5,5C,FASE 6,6.0,Fase 6 (2° EM),-1,-1.0,False,-1.0,Defasado,1.0,Ametista,7.08435,5.0,5.7,8.9,8.8,6.27,5.9375,7.8425,5.8,3.8,7.5,,,,,,
RA-1201,2023,Aluno-1201,2008,2008-02-18,15.0,Masculino,2023,Pública,,,FASE 5,5.0,FASE 5,5C,FASE 5,5.0,Fase 5 (1° EM),0,0.0,False,0.0,Adequado,0.0,Topázio,8.378008333,10.0,7.8,9.6,9.2,3.77,8.59375,8.7575,8.3,6.5,8.5,,,,,,
RA-131,2023,Aluno-131,2007,2007-02-15,16.0,Feminino,2016,Pública,,,FASE 5,5.0,FASE 5,5F,FASE 6,6.0,Fase 6 (2° EM),-1,-1.0,False,-1.0,Defasado,1.0,Quartzo,5.952358333,5.0,2.2,7.8,8.3,5.0,7.65625,6.8,0.0,3.0,3.5,,,,,,
RA-132,2023,Aluno-132,2008,2008-03-28,15.0,Feminino,2019,Privada - Programa de Apadrinhamento,,,FASE 5,5.0,FASE 5,5F,FASE 5,5.0,Fase 5 (1° EM),0,0.0,False,0.0,Adequado,0.0,Ametista,7.350625,10.0,6.5,8.7,7.5,2.52,7.65625,7.715,6.3,6.5,6.7,,,,,,
RA-133,2023,Aluno-133,2007,2007-04-27,16.0,Feminino,2016,Pública,,,FASE 5,5.0,FASE 5,5F,FASE 6,6.0,Fase 6 (2° EM),-1,-1.0,False,-1.0,Defasado,1.0,Ágata,6.168416667,5.0,5.3,7.9,7.5,2.52,7.1875,6.505,5.0,4.3,6.7,,,,,,
RA-104,2023,Aluno-104,2004,2004-06-08,19.0,Masculino,2022,Pública,,,FASE 5,5.0,FASE 5,5F,FASE 8,8.0,Fase 8 (Universitários),-3,-3.0,False,-3.0,Defasado,1.0,Quartzo,4.25,2.5,2.6,7.7,0.0,2.52,5.625,5.6275,3.7,1.8,2.3,,,,,,
RA-137,2023,Aluno-137,2005,2005-12-29,17.0,Feminino,2016,Privada - Programa de Apadrinhamento,,,FASE 5,5.0,FASE 5,5F,FASE 7,7.0,Fase 7 (3° EM),-2,-2.0,False,-2.0,Defasado,1.0,Quartzo,5.937025,5.0,6.0,6.3,7.1,2.52,6.40625,6.88,7.3,4.5,6.2,,,,,,
RA-144,2023,Aluno-144,2008,2008-12-23,14.0,Feminino,2017,Privada - Programa de Apadrinhamento,,,FASE 5,5.0,FASE 5,5F,FASE 4,4.0,Fase 4 (9° ano),1,1.0,False,1.0,Adiantado,0.0,Quartzo,4.990333333,10.0,4.4,5.2,0.0,2.52,6.25,6.0,3.3,2.5,7.3,,,,,,
RA-1202,2023,Aluno-1202,2007,2007-02-28,16.0,Feminino,2023,Pública,,,FASE 5,5.0,FASE 5,5F,FASE 6,6.0,Fase 6 (2° EM),-1,-1.0,False,-1.0,Defasado,1.0,Ágata,6.202008333,5.0,3.3,7.6,7.1,7.52,7.34375,6.67,4.5,3.3,2.0,,,,,,
RA-90,2023,Aluno-90,2009,2009-02-25,14.0,Feminino,2019,Privada - Programa de Apadrinhamento,,,FASE 5,5.0,FASE 5,5L,FASE 4,4.0,Fase 4 (9° ano),1,1.0,False,1.0,Adiantado,0.0,Topázio,8.699408333,10.0,7.7,9.6,10.0,7.52,8.59375,8.1725,6.7,6.8,9.5,,,,,,
RA-167,2023,Aluno-167,2006,2006-10-08,17.0,Feminino,2018,Privada - Programa de Apadrinhamento,,,FASE 5,5.0,FASE 5,5L,FASE 7,7.0,Fase 7 (3° EM),-2,-2.0,False,-2.0,Defasado,1.0,Ametista,7.806141667,5.0,7.9,9.9,8.8,5.0,7.96875,7.8375,8.3,7.2,8.3,,,,,,
RA-168,2023,Aluno-168,2007,2007-11-15,15.0,Feminino,2018,Privada - Programa de Apadrinhamento,,,FASE 5,5.0,FASE 5,5L,FASE 5,5.0,Fase 5 (1° EM),0,0.0,False,0.0,Adequado,0.0,Ágata,6.483083333,10.0,4.7,9.6,0.0,6.89,6.5625,6.4225,4.3,3.0,6.7,,,,,,
RA-1203,2023,Aluno-1203,2007,2007-04-10,16.0,Feminino,2023,Pública,,,FASE 5,5.0,FASE 5,5L,FASE 6,6.0,Fase 6 (2° EM),-1,-1.0,False,-1.0,Defasado,1.0,Ametista,7.487841667,5.0,7.2,10.0,9.2,2.52,7.96875,7.8775,6.7,5.8,9.2,,,,,,
RA-155,2023,Aluno-155,2006,2006-06-18,17.0,Masculino,2022,Pública,,,FASE 5,5.0,FASE 5,5L,FASE 7,7.0,Fase 7 (3° EM),-2,-2.0,False,-2.0,Defasado,1.0,Ágata,6.318991667,5.0,4.4,8.1,7.9,5.0,7.03125,6.5875,5.3,2.8,5.2,,,,,,
RA-94,2023,Aluno-94,2007,2007-01-07,16.0,Feminino,2018,Privada - Programa de Apadrinhamento,,,FASE 5,5.0,FASE 5,5L,FASE 6,6.0,Fase 6 (2° EM),-1,-1.0,False,-1.0,Defasado,1.0,Ametista,7.289333333,5.0,7.2,9.6,7.5,2.52,8.75,7.795,7.7,4.8,9.0,,,,,,
RA-81,2023,Aluno-81,2008,2008-03-22,15.0,Feminino,2017,Privada - Programa de Apadrinhamento,,,FASE 5,5.0,FASE 5,5L,FASE 5,5.0,Fase 5 (1° EM),0,0.0,False,0.0,Adequado,0.0,Ametista,7.45425,10.0,6.3,8.8,9.6,2.52,7.8125,7.2125,8.7,4.7,5.5,,,,,,
RA-302,2023,Aluno-302,2006,2006-02-18,17.0,Masculino,2022,Pública,,,FASE 5,5.0,FASE 5,5L,FASE 7,7.0,Fase 7 (3° EM),-2,-2.0,False,-2.0,Defasado,1.0,Quartzo,5.314333333,5.0,4.3,7.3,0.0,5.0,7.5,6.255,4.7,2.3,5.8,,,,,,
RA-171,2023,Aluno-171,2006,2006-09-16,17.0,Masculino,2022,Pública,,,FASE 5,5.0,FASE 5,5L,FASE 7,7.0,Fase 7 (3° EM),-2,-2.0,False,-2.0,Defasado,1.0,Ágata,6.293083333,5.0,5.2,7.2,7.5,5.0,7.1875,6.755,4.5,4.8,6.2,,,,,,
RA-160,2023,Aluno-160,2007,2007-09-21,16.0,Feminino,2021,Privada - Programa de Apadrinhamento,,,FASE 5,5.0,FASE 5,5L,FASE 6,6.0,Fase 6 (2° EM),-1,-1.0,False,-1.0,Defasado,1.0,Ágata,6.598266667,5.0,5.0,8.3,8.8,2.52,8.125,7.46,3.3,3.8,8.0,,,,,,
RA-1204,2023,Aluno-1204,2007,2007-04-16,16.0,Masculino,2023,Pública,,,FASE 5,5.0,FASE 5,5L,FASE 6,6.0,Fase 6 (2° EM),-1,-1.0,False,-1.0,Defasado,1.0,Ágata,6.940416667,5.0,6.1,8.7,7.5,5.0,7.8125,7.2125,5.0,3.7,9.7,,,,,,
RA-1205,2023,Aluno-1205,2005,2005-05-13,18.0,Feminino,2023,Pública,,,FASE 5,5.0,FASE 5,5L,FASE 8,8.0,Fase 8 (Universitários),-3,-3.0,False,-3.0,Defasado,1.0,Ágata,6.806466667,2.5,5.0,9.2,9.2,6.26,7.5,7.085,5.2,3.7,6.2,,,,,,
RA-173,2023,Aluno-173,2005,2005-11-16,17.0,Masculino,2019,Privada - Programa de Apadrinhamento,,,FASE 5,5.0,FASE 5,5L,FASE 7,7.0,Fase 7 (3° EM),-2,-2.0,False,-2.0,Defasado,1.0,Ametista,7.757466667,5.0,8.1,8.5,9.2,6.26,8.125,7.8775,9.0,6.2,9.2,,,,,,
RA-166,2023,Aluno-166,2008,2008-03-06,15.0,Masculino,2020,Privada - Programa de Apadrinhamento,,,FASE 5,5.0,FASE 5,5L,FASE 5,5.0,Fase 5 (1° EM),0,0.0,False,0.0,Adequado,0.0,Topázio,8.105583333,10.0,8.1,8.9,7.5,6.26,8.4375,7.4625,7.0,7.2,10.0,,,,,,
RA-175,2023,Aluno-175,2007,2007-04-03,16.0,Feminino,2018,Privada - Programa de Apadrinhamento,,,FASE 5,5.0,FASE 5,5L,FASE 6,6.0,Fase 6 (2° EM),-1,-1.0,False,-1.0,Defasado,1.0,Ágata,6.569516667,5.0,4.8,9.2,8.8,2.52,7.1875,7.085,5.0,5.0,4.5,,,,,,
RA-153,2023,Aluno-153,2008,2008-08-15,15.0,Feminino,2018,Privada - Programa de Apadrinhamento,,,FASE 5,5.0,FASE 5,5M,FASE 5,5.0,Fase 5 (1° EM),0,0.0,False,0.0,Adequado,0.0,Ametista,7.289966667,10.0,6.4,7.4,9.2,2.52,8.125,7.71,6.0,5.3,8.0,,,,,,
RA-1206,2023,Aluno-1206,2006,2006-05-17,17.0,Feminino,2023,Pública,,,FASE 5,5.0,FASE 5,5M,FASE 7,7.0,Fase 7 (3° EM),-2,-2.0,False,-2.0,Defasado,1.0,Ágata,6.724183333,5.0,5.6,8.3,8.8,2.52,7.8125,7.7125,4.7,3.7,8.3,,,,,,
RA-157,2023,Aluno-157,2010,2010-03-13,13.0,Feminino,2018,Privada - Programa de Apadrinhamento,,,FASE 5,5.0,FASE 5,5M,FASE 3,3.0,Fase 3 (7° e 8° ano),2,2.0,False,2.0,Adiantado,0.0,Ametista,7.879008333,10.0,6.8,9.9,7.1,2.52,8.59375,8.63,6.0,6.8,7.5,,,,,,
RA-1207,2023,Aluno-1207,2008,2008-12-02,15.0,Feminino,2023,Pública,,,FASE 5,5.0,FASE 5,5M,FASE 5,5.0,Fase 5 (1° EM),0,0.0,False,0.0,Adequado,0.0,Ametista,7.58235,10.0,5.5,9.0,8.8,5.0,7.8125,7.63,5.0,4.0,7.5,,,,,,
RA-1208,2023,Aluno-1208,2008,2008-02-29,15.0,Masculino,2023,Pública,,,FASE 5,5.0,FASE 5,5M,FASE 5,5.0,Fase 5 (1° EM),0,0.0,False,0.0,Adequado,0.0,Ametista,7.0651,10.0,6.2,8.8,8.8,2.52,6.875,6.2525,5.0,4.8,8.8,,,,,,
RA-1209,2023,Aluno-1209,2007,2007-10-23,16.0,Feminino,2023,Pública,,,FASE 5,5.0,FASE 5,5M,FASE 6,6.0,Fase 6 (2° EM),-1,-1.0,False,-1.0,Defasado,1.0,Ametista,7.43375,5.0,7.4,9.4,7.5,5.0,7.8125,7.7125,7.7,5.7,8.8,,,,,,
RA-158,2023,Aluno-158,2009,2009-05-01,14.0,Feminino,2017,Privada - Programa de Apadrinhamento,,,FASE 5,5.0,FASE 5,5M,FASE 4,4.0,Fase 4 (9° ano),1,1.0,False,1.0,Adiantado,0.0,Ametista,7.297425,10.0,6.0,9.0,7.1,2.52,8.28125,7.545,6.0,5.7,6.3,,,,,,
RA-161,2023,Aluno-161,2009,2009-05-29,14.0,Feminino,2018,Privada - Programa de Apadrinhamento,,,FASE 5,5.0,FASE 5,5M,FASE 4,4.0,Fase 4 (9° ano),1,1.0,False,1.0,Adiantado,0.0,Ágata,6.250166667,10.0,5.8,7.3,0.0,2.52,8.125,7.795,7.0,4.5,6.0,,,,,,
RA-164,2023,Aluno-164,2006,2006-12-29,16.0,Masculino,2018,Privada,,,FASE 5,5.0,FASE 5,5M,FASE 6,6.0,Fase 6 (2° EM),-1,-1.0,False,-1.0,Defasado,1.0,Quartzo,5.638666667,5.0,5.8,8.2,0.0,2.52,6.875,6.9625,6.0,4.2,7.3,,,,,,
RA-1210,2023,Aluno-1210,2007,2007-10-20,16.0,Feminino,2023,Pública,,,FASE 5,5.0,FASE 5,5M,FASE 6,6.0,Fase 6 (2° EM),-1,-1.0,False,-1.0,Defasado,1.0,Ametista,7.171083333,5.0,4.7,9.4,9.6,5.0,7.8125,8.09,5.0,2.0,7.0,,,,,,
RA-165,2023,Aluno-165,2008,2008-02-08,15.0,Feminino,2017,Privada - Programa de Apadrinhamento,,,FASE 5,5.0,FASE 5,5M,FASE 5,5.0,Fase 5 (1° EM),0,0.0,False,0.0,Adequado,0.0,Ametista,7.583433333,10.0,7.3,9.2,6.7,2.52,8.125,7.795,7.3,6.2,8.3,,,,,,
RA-1211,2023,Aluno-1211,2007,2007-07-24,16.0,Feminino,2023,Pública,,,FASE 5,5.0,FASE 5,5M,FASE 6,6.0,Fase 6 (2° EM),-1,-1.0,False,-1.0,Defasado,1.0,Ametista,7.09205,5.0,6.2,9.1,7.1,5.0,7.8125,7.7125,6.3,4.5,7.8,,,,,,
RA-1212,2023,Aluno-1212,2007,2007-07-20,16.0,Feminino,2023,Pública,,,FASE 5,5.0,FASE 5,5M,FASE 6,6.0,Fase 6 (2° EM),-1,-1.0,False,-1.0,Defasado,1.0,Ágata,6.755358333,5.0,4.2,8.9,8.3,5.0,7.65625,7.715,0.0,3.5,9.0,,,,,,
RA-1213,2023,Aluno-1213,2006,2006-03-07,17.0,Feminino,2023,Pública,,,FASE 5,5.0,FASE 5,5M,FASE 7,7.0,Fase 7 (3° EM),-2,-2.0,False,-2.0,Defasado,1.0,Quartzo,5.95625,5.0,6.0,8.4,0.0,2.52,7.8125,7.715,6.7,4.8,6.5,,,,,,
RA-40,2023,Aluno-40,2006,2006-08-28,17.0,Feminino,2016,Privada - Programa de Apadrinhamento,,,FASE 6,6.0,FASE 6,6A,FASE 7,7.0,Fase 7 (3° EM),-1,-1.0,False,-1.0,Defasado,1.0,Ametista,7.169975,5.0,5.9,8.2,7.5,7.52,7.96875,7.755,6.2,5.7,5.8,,,,,,
RA-1214,2023,Aluno-1214,2007,2007-02-28,16.0,Masculino,2023,Pública,,,FASE 6,6.0,FASE 6,6A,FASE 6,6.0,Fase 6 (2° EM),0,0.0,False,0.0,Adequado,0.0,Topázio,8.378666667,10.0,7.4,9.8,9.6,6.89,7.5,7.6725,8.0,5.0,9.3,,,,,,
RA-71,2023,Aluno-71,2005,2005-11-04,18.0,Feminino,2019,Pública,,,FASE 6,6.0,FASE 6,6A,FASE 8,8.0,Fase 8 (Universitários),-2,-2.0,False,-2.0,Defasado,1.0,Ametista,7.3651,5.0,6.6,9.8,6.7,6.26,7.5,7.7125,7.3,5.5,7.0,,,,,,
RA-53,2023,Aluno-53,2005,2005-04-13,18.0,Masculino,2022,Concluiu o 3º EM,,,FASE 6,6.0,FASE 6,6A,FASE 8,8.0,Fase 8 (Universitários),-2,-2.0,False,-2.0,Defasado,1.0,Ametista,7.600633333,5.0,7.7,9.1,9.2,5.63,7.5,7.5875,7.3,6.5,9.2,,,,,,
RA-43,2023,Aluno-43,2006,2006-06-27,17.0,Feminino,2019,Pública,,,FASE 6,6.0,FASE 6,6A,FASE 7,7.0,Fase 7 (3° EM),-1,-1.0,False,-1.0,Defasado,1.0,Ágata,6.4622,5.0,5.0,6.7,7.9,5.63,7.5,7.5875,4.0,5.0,6.0,,,,,,
RA-55,2023,Aluno-55,2006,2006-07-10,17.0,Feminino,2017,Pública,,,FASE 6,6.0,FASE 6,6A,FASE 7,7.0,Fase 7 (3° EM),-1,-1.0,False,-1.0,Defasado,1.0,Ágata,6.898033333,5.0,7.1,8.1,7.9,3.14,7.5,7.545,8.7,6.5,6.0,,,,,,
RA-44,2023,Aluno-44,2005,2005-11-09,18.0,Feminino,2021,Pública,,,FASE 6,6.0,FASE 6,6A,FASE 8,8.0,Fase 8 (Universitários),-2,-2.0,False,-2.0,Defasado,1.0,Ágata,6.258333333,5.0,6.9,8.5,0.0,5.01,7.5,7.17,7.3,5.8,7.5,,,,,,
RA-1215,2023,Aluno-1215,2007,2007-06-13,16.0,Feminino,2023,Pública,,,FASE 6,6.0,FASE 6,6A,FASE 6,6.0,Fase 6 (2° EM),0,0.0,False,0.0,Adequado,0.0,Ágata,6.339466667,10.0,4.1,5.6,7.1,5.0,7.5,7.1725,5.0,2.7,4.7,,,,,,
RA-45,2023,Aluno-45,2007,2007-04-04,16.0,Feminino,2019,Privada - Programa de Apadrinhamento,,,FASE 6,6.0,FASE 6,6A,FASE 6,6.0,Fase 6 (2° EM),0,0.0,False,0.0,Adequado,0.0,Topázio,8.303591667,10.0,7.9,9.6,7.1,6.26,8.28125,8.1725,7.8,6.3,9.7,,,,,,
RA-56,2023,Aluno-56,2007,2007-05-16,16.0,Feminino,2019,Privada - Programa de Apadrinhamento,,,FASE 6,6.0,FASE 6,6A,FASE 6,6.0,Fase 6 (2° EM),0,0.0,False,0.0,Adequado,0.0,Topázio,8.284333333,10.0,7.8,9.5,9.6,5.0,8.125,7.8,7.8,5.5,10.0,,,,,,
RA-57,2023,Aluno-57,2006,2006-09-07,17.0,Masculino,2017,Privada - Programa de Apadrinhamento,,,FASE 6,6.0,FASE 6,6A,FASE 7,7.0,Fase 7 (3° EM),-1,-1.0,False,-1.0,Defasado,1.0,Ágata,6.450875,5.0,7.2,8.0,0.0,5.63,7.96875,7.755,7.8,6.8,7.0,,,,,,
RA-58,2023,Aluno-58,2007,2007-03-05,16.0,Masculino,2017,Privada - Programa de Apadrinhamento,,,FASE 6,6.0,FASE 6,6A,FASE 6,6.0,Fase 6 (2° EM),0,0.0,False,0.0,Adequado,0.0,Ametista,7.70625,10.0,8.1,9.7,0.0,6.26,8.4375,8.3825,7.8,6.5,10.0,,,,,,
RA-59,2023,Aluno-59,2005,2005-11-10,18.0,Masculino,2022,Privada - Programa de Apadrinhamento,,,FASE 6,6.0,FASE 6,6A,FASE 8,8.0,Fase 8 (Universitários),-2,-2.0,False,-2.0,Defasado,1.0,Ametista,7.692291667,5.0,7.2,9.6,7.5,5.63,8.28125,8.4225,7.7,6.8,7.2,,,,,,
RA-1216,2023,Aluno-1216,2004,2004-03-15,19.0,Feminino,2023,Concluiu o 3º EM,,,FASE 6,6.0,FASE 6,6A,FASE 8,8.0,Fase 8 (Universitários),-2,-2.0,False,-2.0,Defasado,1.0,Ametista,7.7105,5.0,7.9,9.0,9.6,5.63,7.5,7.795,8.7,5.3,9.7,,,,,,
RA-78,2023,Aluno-78,2005,2005-03-09,18.0,Feminino,2018,Privada - Programa de Apadrinhamento,,,FASE 6,6.0,FASE 6,6A,FASE 8,8.0,Fase 8 (Universitários),-2,-2.0,False,-2.0,Defasado,1.0,Ágata,6.434625,5.0,6.7,7.7,0.0,6.26,8.28125,8.0025,8.5,4.8,6.8,,,,,,
RA-79,2023,Aluno-79,2006,2006-08-10,17.0,Feminino,2018,Privada - Programa de Apadrinhamento,,,FASE 6,6.0,FASE 6,6A,FASE 7,7.0,Fase 7 (3° EM),-1,-1.0,False,-1.0,Defasado,1.0,Ágata,6.635883333,5.0,7.6,6.2,5.8,5.0,7.8125,7.59,6.0,7.7,9.0,,,,,,
RA-61,2023,Aluno-61,2007,2007-03-20,16.0,Masculino,2021,Pública,,,FASE 6,6.0,FASE 6,6A,FASE 6,6.0,Fase 6 (2° EM),0,0.0,False,0.0,Adequado,0.0,Ametista,7.382108333,10.0,6.2,7.0,8.3,6.26,7.96875,7.4625,6.7,4.3,7.5,,,,,,
RA-63,2023,Aluno-63,2006,2006-07-10,17.0,Masculino,2018,Pública,,,FASE 6,6.0,FASE 6,6A,FASE 7,7.0,Fase 7 (3° EM),-1,-1.0,False,-1.0,Defasado,1.0,Topázio,8.0641,5.0,8.7,9.0,6.7,6.89,8.75,8.9675,9.3,7.3,9.5,,,,,,
RA-64,2023,Aluno-64,2006,2006-06-07,17.0,Feminino,2019,Privada - Programa de Apadrinhamento,,,FASE 6,6.0,FASE 6,6A,FASE 7,7.0,Fase 7 (3° EM),-1,-1.0,False,-1.0,Defasado,1.0,Ametista,7.452541667,5.0,6.7,9.2,7.5,6.89,7.34375,7.9625,7.0,6.0,7.2,,,,,,
RA-48,2023,Aluno-48,2007,2007-05-21,16.0,Feminino,2017,Privada - Programa de Apadrinhamento,,,FASE 6,6.0,FASE 6,6A,FASE 6,6.0,Fase 6 (2° EM),0,0.0,False,0.0,Adequado,0.0,Ametista,7.797058333,10.0,7.7,8.4,6.7,6.26,7.65625,7.6275,8.3,5.7,9.0,,,,,,
RA-109,2023,Aluno-109,2006,2006-07-10,17.0,Masculino,2021,Privada - Programa de Apadrinhamento,,,FASE 6,6.0,FASE 6,6A,FASE 7,7.0,Fase 7 (3° EM),-1,-1.0,False,-1.0,Defasado,1.0,Topázio,8.3184,5.0,8.3,9.9,8.3,7.52,8.75,8.59,7.0,8.2,9.7,,,,,,
RA-80,2023,Aluno-80,2006,2006-05-07,17.0,Feminino,2017,Privada - Programa de Apadrinhamento,,,FASE 6,6.0,FASE 6,6L,FASE 7,7.0,Fase 7 (3° EM),-1,-1.0,False,-1.0,Defasado,1.0,Ametista,7.252275,5.0,6.3,8.4,8.3,6.89,7.96875,7.465,8.2,5.7,5.0,,,,,,
RA-91,2023,Aluno-91,2006,2006-10-10,17.0,Feminino,2016,Privada - Programa de Apadrinhamento,,,FASE 6,6.0,FASE 6,6L,FASE 7,7.0,Fase 7 (3° EM),-1,-1.0,False,-1.0,Defasado,1.0,Ametista,7.42395,5.0,7.4,7.4,10.0,6.89,7.8125,7.4675,9.5,5.0,7.7,,,,,,
RA-1217,2023,Aluno-1217,2006,2006-03-31,17.0,Feminino,2023,Pública,,,FASE 6,6.0,FASE 6,6L,FASE 7,7.0,Fase 7 (3° EM),-1,-1.0,False,-1.0,Defasado,1.0,Ágata,6.064625,5.0,5.9,7.9,0.0,5.63,7.65625,7.38,7.0,4.0,6.7,,,,,,
RA-92,2023,Aluno-92,2006,2006-12-09,17.0,Feminino,2016,Privada - Programa de Apadrinhamento,,,FASE 6,6.0,FASE 6,6L,FASE 7,7.0,Fase 7 (3° EM),-1,-1.0,False,-1.0,Defasado,1.0,Ametista,7.375916667,5.0,6.7,9.4,9.6,5.63,7.1875,7.045,8.7,4.8,6.7,,,,,,
RA-96,2023,Aluno-96,2006,2006-01-21,17.0,Masculino,2021,Privada - Programa de Apadrinhamento,,,FASE 6,6.0,FASE 6,6L,FASE 7,7.0,Fase 7 (3° EM),-1,-1.0,False,-1.0,Defasado,1.0,Ametista,7.610791667,5.0,6.4,8.9,9.6,7.52,7.65625,7.84,6.8,4.8,7.7,,,,,,
RA-1218,2023,Aluno-1218,2006,2006-06-20,17.0,Masculino,2023,Pública,,,FASE 6,6.0,FASE 6,6L,FASE 7,7.0,Fase 7 (3° EM),-1,-1.0,False,-1.0,Defasado,1.0,Ágata,6.8265,5.0,5.3,9.2,7.5,5.0,7.5,7.1325,6.7,3.5,5.7,,,,,,
RA-1219,2023,Aluno-1219,2007,2007-03-02,16.0,Feminino,2023,Pública,,,FASE 6,6.0,FASE 6,6L,FASE 6,6.0,Fase 6 (2° EM),0,0.0,False,0.0,Adequado,0.0,Ametista,7.215141667,10.0,6.3,6.5,8.8,5.63,7.34375,7.38,7.2,5.5,6.3,,,,,,
RA-1220,2023,Aluno-1220,2005,2005-12-16,17.0,Feminino,2023,Pública,,,FASE 6,6.0,FASE 6,6L,FASE 7,7.0,Fase 7 (3° EM),-1,-1.0,False,-1.0,Defasado,1.0,Ágata,6.46725,5.0,6.8,9.0,0.0,5.0,7.8125,7.63,8.8,5.3,6.3,,,,,,
RA-84,2023,Aluno-84,2005,2005-11-10,18.0,Feminino,2018,Privada - Programa de Apadrinhamento,,,FASE 6,6.0,FASE 6,6L,FASE 8,8.0,Fase 8 (Universitários),-2,-2.0,False,-2.0,Defasado,1.0,Ágata,6.034416667,5.0,6.0,8.8,0.0,2.52,7.8125,7.6725,6.8,5.8,5.5,,,,,,
RA-99,2023,Aluno-99,2006,2006-04-21,17.0,Masculino,2019,Pública,,,FASE 6,6.0,FASE 6,6L,FASE 7,7.0,Fase 7 (3° EM),-1,-1.0,False,-1.0,Defasado,1.0,Ágata,6.68045,5.0,4.5,8.3,7.9,5.63,7.8125,7.4225,4.7,4.0,4.8,,,,,,
RA-87,2023,Aluno-87,2007,2007-09-26,16.0,Masculino,2021,Privada - Programa de Apadrinhamento,,,FASE 6,6.0,FASE 6,6L,FASE 6,6.0,Fase 6 (2° EM),0,0.0,False,0.0,Adequado,0.0,Topázio,8.6625,10.0,9.3,10.0,7.5,5.63,8.125,8.385,9.5,8.7,9.7,,,,,,
RA-89,2023,Aluno-89,2006,2006-06-22,17.0,Masculino,2021,Pública,,,FASE 6,6.0,FASE 6,6L,FASE 7,7.0,Fase 7 (3° EM),-1,-1.0,False,-1.0,Defasado,1.0,Ágata,6.700775,5.0,5.1,8.1,8.3,5.0,7.34375,7.465,6.3,2.3,6.7,,,,,,
RA-1221,2023,Aluno-1221,2001,2001-10-15,22.0,Feminino,2023,Concluiu o 3º EM,,,FASE 7,7.0,FASE 7,7A,FASE 8,8.0,Fase 8 (Universitários),-1,-1.0,False,-1.0,Defasado,1.0,Topázio,8.027466667,5.0,8.7,9.1,9.2,6.26,8.0,8.09,8.2,8.0,10.0,,,,,,
RA-27,2023,Aluno-27,2006,2006-01-05,17.0,Masculino,2016,Privada - Programa de Apadrinhamento,,,FASE 7,7.0,FASE 7,7A,FASE 7,7.0,Fase 7 (3° EM),0,0.0,False,0.0,Adequado,0.0,Ametista,7.921266667,10.0,6.9,7.7,6.7,6.89,8.625,8.8825,7.0,5.8,8.0,,,,,,
RA-1222,2023,Aluno-1222,2003,2003-12-11,19.0,Feminino,2023,Nenhuma das opções acima,,,FASE 7,7.0,FASE 7,7A,FASE 8,8.0,Fase 8 (Universitários),-1,-1.0,False,-1.0,Defasado,1.0,Ametista,7.026466667,5.0,6.8,10.0,7.1,5.63,6.875,6.005,5.0,6.5,9.0,,,,,,
RA-32,2023,Aluno-32,2006,2006-04-01,17.0,Feminino,2018,Privada - Programa de Apadrinhamento,,,FASE 7,7.0,FASE 7,7A,FASE 7,7.0,Fase 7 (3° EM),0,0.0,False,0.0,Adequado,0.0,Ágata,6.716666667,10.0,7.9,8.2,0.0,3.77,7.375,6.8775,9.0,5.8,9.0,,,,,,
RA-19,2023,Aluno-19,2003,2003-11-22,19.0,Feminino,2022,Nenhuma das opções acima,,,FASE 7,7.0,FASE 7,7A,FASE 8,8.0,Fase 8 (Universitários),-1,-1.0,False,-1.0,Defasado,1.0,Ametista,7.710866667,5.0,7.8,9.4,7.9,5.63,7.75,8.1725,7.7,7.0,8.8,,,,,,
RA-62,2023,Aluno-62,2005,2005-12-31,17.0,Feminino,2022,Pública,,,FASE 7,7.0,FASE 7,7A,FASE 7,7.0,Fase 7 (3° EM),0,0.0,False,0.0,Adequado,0.0,Ametista,7.610333333,10.0,7.5,9.8,0.0,6.89,8.25,8.215,9.3,6.8,6.3,,,,,,
RA-1223,2023,Aluno-1223,2006,2006-11-01,17.0,Masculino,2023,Pública,,,FASE 7,7.0,FASE 7,7A,FASE 7,7.0,Fase 7 (3° EM),0,0.0,False,0.0,Adequado,0.0,Topázio,8.187766667,10.0,9.0,9.3,8.8,5.0,6.875,7.2925,9.5,8.3,9.3,,,,,,
RA-38,2023,Aluno-38,2005,2005-12-23,17.0,Feminino,2017,Privada - Programa de Apadrinhamento,,,FASE 7,7.0,FASE 7,7A,FASE 7,7.0,Fase 7 (3° EM),0,0.0,False,0.0,Adequado,0.0,Topázio,8.835333333,10.0,7.7,9.7,9.6,7.52,8.75,8.8825,8.2,8.8,6.0,,,,,,
RA-1224,2023,Aluno-1224,2003,2003-01-09,20.0,Masculino,2023,Concluiu o 3º EM,,,FASE 7,7.0,FASE 7,7A,FASE 8,8.0,Fase 8 (Universitários),-1,-1.0,False,-1.0,Defasado,1.0,Ametista,7.5524,5.0,8.0,9.4,8.3,5.0,7.125,7.6325,8.2,6.3,9.5,,,,,,
RA-39,2023,Aluno-39,2006,2006-01-19,17.0,Feminino,2017,Privada - Programa de Apadrinhamento,,,FASE 7,7.0,FASE 7,7A,FASE 7,7.0,Fase 7 (3° EM),0,0.0,False,0.0,Adequado,0.0,Topázio,8.710333333,10.0,7.8,9.1,9.6,7.52,8.75,8.7575,8.3,7.8,7.2,,,,,,
RA-1225,2023,Aluno-1225,2005,2005-01-29,18.0,Feminino,2023,Concluiu o 3º EM,,,FASE 7,7.0,FASE 7,7E,FASE 8,8.0,Fase 8 (Universitários),-1,-1.0,False,-1.0,Defasado,1.0,,,5.0,,,7.5,2.52,,,,,,,,,,,
RA-76,2023,Aluno-76,2007,2007-12-31,15.0,Feminino,2017,Privada *Parcerias com Bolsa 100%,,,FASE 7,7.0,FASE 7,7E,FASE 5,5.0,Fase 5 (1° EM),2,2.0,False,2.0,Adiantado,0.0,,,10.0,,,10.0,2.52,,,,,,,,,,,
RA-26,2023,Aluno-26,2005,2005-11-10,18.0,Masculino,2022,Privada *Parcerias com Bolsa 100%,,,FASE 7,7.0,FASE 7,7E,FASE 8,8.0,Fase 8 (Universitários),-1,-1.0,False,-1.0,Defasado,1.0,,,5.0,,,0.0,7.52,,,,,,,,,,,
RA-1226,2023,Aluno-1226,2007,2007-09-03,16.0,Feminino,2023,Privada *Parcerias com Bolsa 100%,,,FASE 7,7.0,FASE 7,7E,FASE 6,6.0,Fase 6 (2° EM),1,1.0,False,1.0,Adiantado,0.0,,,10.0,,,9.2,7.52,,,,,,,,,,,
RA-93,2023,Aluno-93,2007,2007-08-13,16.0,Feminino,2016,Privada - Programa de Apadrinhamento,,,FASE 7,7.0,FASE 7,7E,FASE 6,6.0,Fase 6 (2° EM),1,1.0,False,1.0,Adiantado,0.0,,,10.0,,,7.9,3.14,,,,,,,,,,,
RA-119,2023,Aluno-119,2008,2008-06-19,15.0,Feminino,2016,Privada - Programa de Apadrinhamento,,,FASE 7,7.0,FASE 7,7E,FASE 5,5.0,Fase 5 (1° EM),2,2.0,False,2.0,Adiantado,0.0,,,10.0,,,6.7,2.52,,,,,,,,,,,
RA-1227,2023,Aluno-1227,2006,2006-11-15,16.0,Feminino,2023,Privada - Programa de Apadrinhamento,,,FASE 7,7.0,FASE 7,7E,FASE 6,6.0,Fase 6 (2° EM),1,1.0,False,1.0,Adiantado,0.0,,,10.0,,,9.2,2.52,,,,,,,,,,,
RA-1228,2023,Aluno-1228,2006,2006-05-26,17.0,Feminino,2023,Privada - Programa de Apadrinhamento,,,FASE 7,7.0,FASE 7,7E,FASE 7,7.0,Fase 7 (3° EM),0,0.0,False,0.0,Adequado,0.0,,,10.0,,,7.5,2.52,,,,,,,,,,,
RA-1229,2023,Aluno-1229,2006,2006-07-12,16.0,Feminino,2023,Privada - Programa de Apadrinhamento,,,FASE 7,7.0,FASE 7,7E,FASE 6,6.0,Fase 6 (2° EM),1,1.0,False,1.0,Adiantado,0.0,,,10.0,,,8.3,7.52,,,,,,,,,,,
RA-98,2023,Aluno-98,2007,2007-11-13,15.0,Feminino,2017,Privada *Parcerias com Bolsa 100%,,,FASE 7,7.0,FASE 7,7E,FASE 5,5.0,Fase 5 (1° EM),2,2.0,False,2.0,Adiantado,0.0,,,10.0,,,7.9,2.52,,,,,,,,,,,
RA-172,2023,Aluno-172,2008,2008-01-20,15.0,Feminino,2018,Privada - Programa de Apadrinhamento,,,FASE 7,7.0,FASE 7,7E,FASE 5,5.0,Fase 5 (1° EM),2,2.0,False,2.0,Adiantado,0.0,,,10.0,,,0.0,3.77,,,,,,,,,,,
RA-86,2023,Aluno-86,2006,2006-04-10,17.0,Masculino,2016,Privada *Parcerias com Bolsa 100%,,,FASE 7,7.0,FASE 7,7E,FASE 7,7.0,Fase 7 (3° EM),0,0.0,False,0.0,Adequado,0.0,,,10.0,,,8.3,6.89,,,,,,,,,,,
RA-1230,2023,Aluno-1230,2007,2007-02-27,16.0,Feminino,2021,Privada - Programa de Apadrinhamento,,,FASE 7,7.0,FASE 7,7E,FASE 6,6.0,Fase 6 (2° EM),1,1.0,False,1.0,Adiantado,0.0,,,10.0,,,0.0,2.52,,,,,,,,,,,
RA-1231,2023,Aluno-1231,2001,2001-09-26,22.0,Masculino,2021,Privada *Parcerias com Bolsa 100%,,,FASE 8,8.0,FASE 8,8A,FASE 8,8.0,Fase 8 (Universitários),0,0.0,False,0.0,Adequado,0.0,,,10.0,,,,,,,,,,,,,,,
RA-1232,2023,Aluno-1232,2002,2002-04-18,21.0,Masculino,2021,Privada *Parcerias com Bolsa 100%,,,FASE 8,8.0,FASE 8,8A,FASE 8,8.0,Fase 8 (Universitários),0,0.0,False,0.0,Adequado,0.0,,,10.0,,,,,,,,,,,,,,,
RA-1233,2023,Aluno-1233,2001,2001-07-30,22.0,Feminino,2021,Privada *Parcerias com Bolsa 100%,,,FASE 8,8.0,FASE 8,8A,FASE 8,8.0,Fase 8 (Universitários),0,0.0,False,0.0,Adequado,0.0,,,10.0,,,,,,,,,,,,,,,
RA-1234,2023,Aluno-1234,2002,2002-03-12,20.0,Feminino,2021,Privada *Parcerias com Bolsa 100%,,,FASE 8,8.0,FASE 8,8A,FASE 8,8.0,Fase 8 (Universitários),0,0.0,False,0.0,Adequado,0.0,,,10.0,,,,,,,,,,,,,,,
RA-1235,2023,Aluno-1235,2002,2002-06-25,21.0,Masculino,2021,Privada *Parcerias com Bolsa 100%,,,FASE 8,8.0,FASE 8,8A,FASE 8,8.0,Fase 8 (Universitários),0,0.0,False,0.0,Adequado,0.0,,,10.0,,,,,,,,,,,,,,,
RA-1236,2023,Aluno-1236,2002,2002-01-16,21.0,Feminino,2021,Privada *Parcerias com Bolsa 100%,,,FASE 8,8.0,FASE 8,8A,FASE 8,8.0,Fase 8 (Universitários),0,0.0,False,0.0,Adequado,0.0,,,10.0,,,,,,,,,,,,,,,
RA-1237,2023,Aluno-1237,2002,2002-03-02,21.0,Feminino,2021,Privada *Parcerias com Bolsa 100%,,,FASE 8,8.0,FASE 8,8A,FASE 8,8.0,Fase 8 (Universitários),0,0.0,False,0.0,Adequado,0.0,,,10.0,,,,,,,,,,,,,,,
RA-1238,2023,Aluno-1238,2002,2002-05-27,21.0,Feminino,2021,Privada *Parcerias com Bolsa 100%,,,FASE 8,8.0,FASE 8,8A,FASE 8,8.0,Fase 8 (Universitários),0,0.0,False,0.0,Adequado,0.0,,,10.0,,,,,,,,,,,,,,,
RA-1239,2023,Aluno-1239,2003,2003-05-05,20.0,Feminino,2021,Privada *Parcerias com Bolsa 100%,,,FASE 8,8.0,FASE 8,8B,FASE 8,8.0,Fase 8 (Universitários),0,0.0,False,0.0,Adequado,0.0,,,10.0,,,,,,,,,,,,,,,
RA-1240,2023,Aluno-1240,2003,2003-03-28,20.0,Masculino,2021,Privada *Parcerias com Bolsa 100%,,,FASE 8,8.0,FASE 8,8B,FASE 8,8.0,Fase 8 (Universitários),0,0.0,False,0.0,Adequado,0.0,,,10.0,,,,,,,,,,,,,,,
RA-1241,2023,Aluno-1241,2003,2003-12-05,20.0,Feminino,2021,Privada *Parcerias com Bolsa 100%,,,FASE 8,8.0,FASE 8,8B,FASE 8,8.0,Fase 8 (Universitários),0,0.0,False,0.0,Adequado,0.0,,,10.0,,,,,,,,,,,,,,,
RA-1242,2023,Aluno-1242,2003,2003-12-17,19.0,Feminino,2021,Privada *Parcerias com Bolsa 100%,,,FASE 8,8.0,FASE 8,8B,FASE 8,8.0,Fase 8 (Universitários),0,0.0,False,0.0,Adequado,0.0,,,10.0,,,,,,,,,,,,,,,
RA-1243,2023,Aluno-1243,2003,2003-04-12,19.0,Feminino,2021,Privada *Parcerias com Bolsa 100%,,,FASE 8,8.0,FASE 8,8B,FASE 8,8.0,Fase 8 (Universitários),0,0.0,False,0.0,Adequado,0.0,,,10.0,,,,,,,,,,,,,,,
RA-1244,2023,Aluno-1244,2003,2003-03-28,20.0,Feminino,2021,Privada *Parcerias com Bolsa 100%,,,FASE 8,8.0,FASE 8,8B,FASE 8,8.0,Fase 8 (Universitários),0,0.0,False,0.0,Adequado,0.0,,,10.0,,,,,,,,,,,,,,,
RA-1245,2023,Aluno-1245,2003,2003-10-10,20.0,Masculino,2021,Privada *Parcerias com Bolsa 100%,,,FASE 8,8.0,FASE 8,8B,FASE 8,8.0,Fase 8 (Universitários),0,0.0,False,0.0,Adequado,0.0,,,10.0,,,,,,,,,,,,,,,
RA-1246,2023,Aluno-1246,2003,2003-05-16,20.0,Feminino,2021,Privada - Pagamento por *Empresa Parceira,,,FASE 8,8.0,FASE 8,8B,FASE 8,8.0,Fase 8 (Universitários),0,0.0,False,0.0,Adequado,0.0,,,10.0,,,,,,,,,,,,,,,
RA-1247,2023,Aluno-1247,2002,2002-05-14,21.0,Feminino,2021,Privada *Parcerias com Bolsa 100%,,,FASE 8,8.0,FASE 8,8B,FASE 8,8.0,Fase 8 (Universitários),0,0.0,False,0.0,Adequado,0.0,,,10.0,,,,,,,,,,,,,,,
RA-1248,2023,Aluno-1248,2003,2003-01-13,20.0,Masculino,2021,Privada *Parcerias com Bolsa 100%,,,FASE 8,8.0,FASE 8,8B,FASE 8,8.0,Fase 8 (Universitários),0,0.0,False,0.0,Adequado,0.0,,,10.0,,,,,,,,,,,,,,,
RA-1249,2023,Aluno-1249,1996,1996-08-12,26.0,Masculino,2021,Privada *Parcerias com Bolsa 100%,,,FASE 8,8.0,FASE 8,8B,FASE 8,8.0,Fase 8 (Universitários),0,0.0,False,0.0,Adequado,0.0,,,10.0,,,,,,,,,,,,,,,
RA-1250,2023,Aluno-1250,2003,2003-08-07,20.0,Masculino,2021,Privada - Pagamento por *Empresa Parceira,,,FASE 8,8.0,FASE 8,8B,FASE 8,8.0,Fase 8 (Universitários),0,0.0,False,0.0,Adequado,0.0,,,10.0,,,,,,,,,,,,,,,
RA-1251,2023,Aluno-1251,2003,2003-02-16,20.0,Feminino,2021,Privada *Parcerias com Bolsa 100%,,,FASE 8,8.0,FASE 8,8B,FASE 8,8.0,Fase 8 (Universitários),0,0.0,False,0.0,Adequado,0.0,,,10.0,,,,,,,,,,,,,,,
RA-1252,2023,Aluno-1252,2002,2002-03-06,21.0,Feminino,2021,Privada *Parcerias com Bolsa 100%,,,FASE 8,8.0,FASE 8,8B,FASE 8,8.0,Fase 8 (Universitários),0,0.0,False,0.0,Adequado,0.0,,,10.0,,,,,,,,,,,,,,,
RA-1253,2023,Aluno-1253,1999,1999-11-27,23.0,Feminino,2021,Privada *Parcerias com Bolsa 100%,,,FASE 8,8.0,FASE 8,8D,FASE 8,8.0,Fase 8 (Universitários),0,0.0,False,0.0,Adequado,0.0,,,10.0,,,,,,,,,,,,,,,
RA-1254,2023,Aluno-1254,2003,2003-12-30,19.0,Masculino,2021,Privada *Parcerias com Bolsa 100%,,,FASE 8,8.0,FASE 8,8D,FASE 8,8.0,Fase 8 (Universitários),0,0.0,False,0.0,Adequado,0.0,,,10.0,,,,,,,,,,,,,,,
RA-1255,2023,Aluno-1255,2004,2004-04-03,19.0,Masculino,2021,Privada *Parcerias com Bolsa 100%,,,FASE 8,8.0,FASE 8,8D,FASE 8,8.0,Fase 8 (Universitários),0,0.0,False,0.0,Adequado,0.0,,,10.0,,,,,,,,,,,,,,,
RA-1256,2023,Aluno-1256,2004,2004-12-24,18.0,Feminino,2021,Privada *Parcerias com Bolsa 100%,,,FASE 8,8.0,FASE 8,8D,FASE 8,8.0,Fase 8 (Universitários),0,0.0,False,0.0,Adequado,0.0,,,10.0,,,,,,,,,,,,,,,
RA-1257,2023,Aluno-1257,2004,2004-11-30,18.0,Masculino,2021,Privada *Parcerias com Bolsa 100%,,,FASE 8,8.0,FASE 8,8D,FASE 8,8.0,Fase 8 (Universitários),0,0.0,False,0.0,Adequado,0.0,,,10.0,,,,,,,,,,,,,,,
RA-1258,2023,Aluno-1258,1998,1998-12-24,24.0,Masculino,2021,Privada *Parcerias com Bolsa 100%,,,FASE 8,8.0,FASE 8,8D,FASE 8,8.0,Fase 8 (Universitários),0,0.0,False,0.0,Adequado,0.0,,,10.0,,,,,,,,,,,,,,,
RA-1259,2023,Aluno-1259,2004,2004-02-02,19.0,Feminino,2021,Privada *Parcerias com Bolsa 100%,,,FASE 8,8.0,FASE 8,8D,FASE 8,8.0,Fase 8 (Universitários),0,0.0,False,0.0,Adequado,0.0,,,10.0,,,,,,,,,,,,,,,
RA-1260,2023,Aluno-1260,2004,2004-08-05,19.0,Masculino,2021,Privada *Parcerias com Bolsa 100%,,,FASE 8,8.0,FASE 8,8D,FASE 8,8.0,Fase 8 (Universitários),0,0.0,False,0.0,Adequado,0.0,,,10.0,,,,,,,,,,,,,,,
RA-1261,2023,Aluno-1261,2004,2004-03-05,19.0,Feminino,2021,Privada *Parcerias com Bolsa 100%,,,FASE 8,8.0,FASE 8,8D,FASE 8,8.0,Fase 8 (Universitários),0,0.0,False,0.0,Adequado,0.0,,,10.0,,,,,,,,,,,,,,,
RA-1262,2023,Aluno-1262,2004,2004-09-19,19.0,Feminino,2021,Privada *Parcerias com Bolsa 100%,,,FASE 8,8.0,FASE 8,8D,FASE 8,8.0,Fase 8 (Universitários),0,0.0,False,0.0,Adequado,0.0,,,10.0,,,,,,,,,,,,,,,
RA-1263,2023,Aluno-1263,2003,2003-11-10,20.0,Feminino,2021,Privada *Parcerias com Bolsa 100%,,,FASE 8,8.0,FASE 8,8D,FASE 8,8.0,Fase 8 (Universitários),0,0.0,False,0.0,Adequado,0.0,,,10.0,,,,,,,,,,,,,,,
RA-1264,2023,Aluno-1264,2002,2002-05-12,20.0,Feminino,2021,Privada *Parcerias com Bolsa 100%,,,FASE 8,8.0,FASE 8,8D,FASE 8,8.0,Fase 8 (Universitários),0,0.0,False,0.0,Adequado,0.0,,,10.0,,,,,,,,,,,,,,,
RA-1265,2023,Aluno-1265,2002,2002-03-12,20.0,Masculino,2022,Privada *Parcerias com Bolsa 100%,,,FASE 8,8.0,FASE 8,8D,FASE 8,8.0,Fase 8 (Universitários),0,0.0,False,0.0,Adequado,0.0,,,10.0,,,,,,,,,,,,,,,
RA-1266,2023,Aluno-1266,2004,2004-06-04,19.0,Feminino,2021,Privada *Parcerias com Bolsa 100%,,,FASE 8,8.0,FASE 8,8D,FASE 8,8.0,Fase 8 (Universitários),0,0.0,False,0.0,Adequado,0.0,,,10.0,,,,,,,,,,,,,,,
RA-1267,2023,Aluno-1267,2001,2001-06-29,22.0,Feminino,2021,Privada *Parcerias com Bolsa 100%,,,FASE 8,8.0,FASE 8,8D,FASE 8,8.0,Fase 8 (Universitários),0,0.0,False,0.0,Adequado,0.0,,,10.0,,,,,,,,,,,,,,,
RA-1268,2023,Aluno-1268,2004,2004-05-17,19.0,Masculino,2021,Privada *Parcerias com Bolsa 100%,,,FASE 8,8.0,FASE 8,8D,FASE 8,8.0,Fase 8 (Universitários),0,0.0,False,0.0,Adequado,0.0,,,10.0,,,,,,,,,,,,,,,
RA-14,2023,Aluno-14,2001,2001-11-29,21.0,Masculino,2022,Privada *Parcerias com Bolsa 100%,,,FASE 8,8.0,FASE 8,8E,FASE 8,8.0,Fase 8 (Universitários),0,0.0,False,0.0,Adequado,0.0,,,10.0,,,,,,,,,,,,,,,
RA-13,2023,Aluno-13,2004,2004-11-20,18.0,Masculino,2016,Privada *Parcerias com Bolsa 100%,,,FASE 8,8.0,FASE 8,8E,FASE 8,8.0,Fase 8 (Universitários),0,0.0,False,0.0,Adequado,0.0,,,10.0,,,,,,,,,,,,,,,
RA-12,2023,Aluno-12,2005,2005-04-29,18.0,Feminino,2020,Privada *Parcerias com Bolsa 100%,,,FASE 8,8.0,FASE 8,8E,FASE 8,8.0,Fase 8 (Universitários),0,0.0,False,0.0,Adequado,0.0,,,10.0,,,,,,,,,,,,,,,
RA-7,2023,Aluno-7,2004,2004-11-09,19.0,Masculino,2017,Privada *Parcerias com Bolsa 100%,,,FASE 8,8.0,FASE 8,8E,FASE 8,8.0,Fase 8 (Universitários),0,0.0,False,0.0,Adequado,0.0,,,10.0,,,,,,,,,,,,,,,
RA-6,2023,Aluno-6,2004,2004-12-01,19.0,Feminino,2021,Privada - Pagamento por *Empresa Parceira,,,FASE 8,8.0,FASE 8,8E,FASE 8,8.0,Fase 8 (Universitários),0,0.0,False,0.0,Adequado,0.0,,,10.0,,,,,,,,,,,,,,,
RA-5,2023,Aluno-5,2005,2005-12-01,18.0,Feminino,2016,Privada *Parcerias com Bolsa 100%,,,FASE 8,8.0,FASE 8,8E,FASE 8,8.0,Fase 8 (Universitários),0,0.0,False,0.0,Adequado,0.0,,,10.0,,,,,,,,,,,,,,,
RA-1,2023,Aluno-1,2003,2003-03-10,20.0,Feminino,2016,Privada *Parcerias com Bolsa 100%,,,FASE 8,8.0,FASE 8,8E,FASE 8,8.0,Fase 8 (Universitários),0,0.0,False,0.0,Adequado,0.0,,,10.0,,,,,,,,,,,,,,,
RA-36,2023,Aluno-36,2005,2005-07-26,18.0,Feminino,2019,Privada *Parcerias com Bolsa 100%,,,FASE 8,8.0,FASE 8,8E,FASE 8,8.0,Fase 8 (Universitários),0,0.0,False,0.0,Adequado,0.0,,,10.0,,,,,,,,,,,,,,,
RA-35,2023,Aluno-35,2005,2005-04-22,18.0,Feminino,2019,Privada *Parcerias com Bolsa 100%,,,FASE 8,8.0,FASE 8,8E,FASE 8,8.0,Fase 8 (Universitários),0,0.0,False,0.0,Adequado,0.0,,,10.0,,,,,,,,,,,,,,,
RA-34,2023,Aluno-34,2005,2005-05-03,18.0,Masculino,2016,Privada *Parcerias com Bolsa 100%,,,FASE 8,8.0,FASE 8,8E,FASE 8,8.0,Fase 8 (Universitários),0,0.0,False,0.0,Adequado,0.0,,,10.0,,,,,,,,,,,,,,,
RA-31,2023,Aluno-31,2005,2005-06-29,18.0,Feminino,2019,Privada *Parcerias com Bolsa 100%,,,FASE 8,8.0,FASE 8,8E,FASE 8,8.0,Fase 8 (Universitários),0,0.0,False,0.0,Adequado,0.0,,,10.0,,,,,,,,,,,,,,,
RA-23,2023,Aluno-23,2005,2005-03-11,17.0,Masculino,2021,Privada *Parcerias com Bolsa 100%,,,FASE 8,8.0,FASE 8,8E,FASE 7,7.0,Fase 7 (3° EM),1,1.0,False,1.0,Adiantado,0.0,,,10.0,,,,,,,,,,,,,,,
RA-88,2023,Aluno-88,2005,2005-05-14,18.0,Masculino,2021,Privada - Pagamento por *Empresa Parceira,,,FASE 8,8.0,FASE 8,8E,FASE 8,8.0,Fase 8 (Universitários),0,0.0,False,0.0,Adequado,0.0,,,10.0,,,,,,,,,,,,,,,
RA-1269,2023,Aluno-1269,2005,2005-03-31,18.0,Feminino,2021,Privada - Pagamento por *Empresa Parceira,,,FASE 8,8.0,FASE 8,8E,FASE 8,8.0,Fase 8 (Universitários),0,0.0,False,0.0,Adequado,0.0,,,10.0,,,,,,,,,,,,,,,
RA-49,2023,Aluno-49,2005,2005-06-21,18.0,Feminino,2022,Privada *Parcerias com Bolsa 100%,,,FASE 8,8.0,FASE 8,8E,FASE 8,8.0,Fase 8 (Universitários),0,0.0,False,0.0,Adequado,0.0,,,10.0,,,,,,,,,,,,,,,
RA-1270,2023,Aluno-1270,2004,2004-08-14,19.0,Feminino,2021,Privada *Parcerias com Bolsa 100%,,,FASE 8,8.0,FASE 8,8E,FASE 8,8.0,Fase 8 (Universitários),0,0.0,False,0.0,Adequado,0.0,,,10.0,,,,,,,,,,,,,,,
RA-29,2023,Aluno-29,2005,2005-07-09,18.0,Masculino,2022,Privada *Parcerias com Bolsa 100%,,,FASE 8,8.0,FASE 8,8E,FASE 8,8.0,Fase 8 (Universitários),0,0.0,False,0.0,Adequado,0.0,,,10.0,,,,,,,,,,,,,,,
RA-17,2023,Aluno-17,2002,2002-12-02,21.0,Masculino,2022,Privada - Pagamento por *Empresa Parceira,,,FASE 8,8.0,FASE 8,8E,FASE 8,8.0,Fase 8 (Universitários),0,0.0,False,0.0,Adequado,0.0,,,10.0,,,,,,,,,,,,,,,
RA-21,2023,Aluno-21,2004,2004-09-13,19.0,Masculino,2022,Privada *Parcerias com Bolsa 100%,,,FASE 8,8.0,FASE 8,8E,FASE 8,8.0,Fase 8 (Universitários),0,0.0,False,0.0,Adequado,0.0,,,10.0,,,,,,,,,,,,,,,
RA-25,2023,Aluno-25,2005,2005-05-18,18.0,Feminino,2021,Privada *Parcerias com Bolsa 100%,,,FASE 8,8.0,FASE 8,8E,FASE 8,8.0,Fase 8 (Universitários),0,0.0,False,0.0,Adequado,0.0,,,10.0,,,,,,,,,,,,,,,
RA-2,2023,Aluno-2,2005,2005-05-17,18.0,Feminino,2017,Privada *Parcerias com Bolsa 100%,,,FASE 8,8.0,FASE 8,8E,FASE 8,8.0,Fase 8 (Universitários),0,0.0,False,0.0,Adequado,0.0,,,10.0,,,,,,,,,,,,,,,
RA-1271,2023,Aluno-1271,2004,2004-11-23,18.0,Feminino,2021,Privada *Parcerias com Bolsa 100%,,,FASE 8,8.0,FASE 8,8E,FASE 8,8.0,Fase 8 (Universitários),0,0.0,False,0.0,Adequado,0.0,,,10.0,,,,,,,,,,,,,,,
RA-1272,2023,Aluno-1272,2004,2004-04-11,18.0,Feminino,2021,Privada *Parcerias com Bolsa 100%,,,FASE 8,8.0,FASE 8,8E,FASE 8,8.0,Fase 8 (Universitários),0,0.0,False,0.0,Adequado,0.0,,,10.0,,,,,,,,,,,,,,,
RA-1273,2023,Aluno-1273,2005,2005-11-29,17.0,Feminino,2023,Privada - Pagamento por *Empresa Parceira,,,FASE 8,8.0,FASE 8,8E,FASE 7,7.0,Fase 7 (3° EM),1,1.0,False,1.0,Adiantado,0.0,,,10.0,,,,,,,,,,,,,,,
RA-1274,2023,Aluno-1274,2005,2005-07-10,18.0,Feminino,2021,Privada - Pagamento por *Empresa Parceira,,,FASE 8,8.0,FASE 8,8E,FASE 8,8.0,Fase 8 (Universitários),0,0.0,False,0.0,Adequado,0.0,,,10.0,,,,,,,,,,,,,,,
RA-1275,2024,Aluno-1275,2016,2016-07-28,8.0,Masculino,2024,Pública,EE Chácara Florida II,Cursando,ALFA,0.0,ALFA,ALFA A - G0/G1,ALFA,0.0,ALFA (1° e 2° ano),0,0.0,False,0.0,Adequado,0.0,Ametista,7.611366666700001,10.0,8.0,8.6666666665,10.002,6.26,5.625,5.446666667,10.0,6.0,,,,,,,
RA-1276,2024,Aluno-1276,2016,2016-10-16,8.0,Feminino,2024,Pública,EE Chácara Florida II,Cursando,ALFA,0.0,ALFA,ALFA A - G0/G1,ALFA,0.0,ALFA (1° e 2° ano),0,0.0,False,0.0,Adequado,0.0,Topázio,8.002866666700001,10.0,8.0,9.3333333335,10.002,3.76,7.5,7.05,10.0,6.0,,,,,,,
RA-1277,2024,Aluno-1277,2016,2016-08-16,8.0,Masculino,2024,Pública,EE Dom Pedro Villas Boas de Souza,Cursando,ALFA,0.0,ALFA,ALFA A - G0/G1,ALFA,0.0,ALFA (1° e 2° ano),0,0.0,False,0.0,Adequado,0.0,Ametista,7.952200000100001,10.0,8.0,9.0833333335,10.002,3.76,7.5,7.046666667,10.0,6.0,,,,,,,
RA-868,2024,Aluno-868,2015,2015-11-08,8.0,Masculino,2023,Pública,EE Chácara Florida II,Cursando,ALFA,0.0,ALFA,ALFA A - G0/G1,FASE 1,1.0,Fase 1 (3° e 4° ano),-1,-1.0,False,-1.0,Defasado,1.0,Ametista,7.156366666600001,5.0,7.0,9.75,8.002,3.76,6.875,7.213333333,8.0,6.0,,,,,,,
RA-1278,2024,Aluno-1278,2015,2015-03-22,9.0,Masculino,2024,Pública,EM Etelvina Delfim Simões,Cursando,ALFA,0.0,ALFA,ALFA A - G0/G1,FASE 1,1.0,Fase 1 (3° e 4° ano),-1,-1.0,False,-1.0,Defasado,1.0,Quartzo,5.444199999900001,5.0,7.5,4.1666666665,9.002,3.76,5.0,4.173333333,8.0,7.0,,,,,,,
RA-1279,2024,Aluno-1279,2015,2015-06-10,9.0,Feminino,2024,Pública,EE Chácara Florida II,Cursando,ALFA,0.0,ALFA,ALFA B - G2/G3,FASE 1,1.0,Fase 1 (3° e 4° ano),-1,-1.0,False,-1.0,Defasado,1.0,Topázio,8.0822,5.0,8.25,10.0,10.002,6.26,7.5,7.78,9.0,7.5,,,,,,,
RA-861,2024,Aluno-861,2015,2015-06-17,9.0,Feminino,2023,Pública,EE Dom Pedro Villas Boas de Souza,Cursando,ALFA,0.0,ALFA,ALFA B - G2/G3,FASE 1,1.0,Fase 1 (3° e 4° ano),-1,-1.0,False,-1.0,Defasado,1.0,Topázio,8.959700000000002,5.0,10.0,10.0,9.502,7.51,8.125,9.73,10.0,10.0,,,,,,,
RA-862,2024,Aluno-862,2014,2014-05-31,10.0,Masculino,2023,Pública,EE Dom Pedro Villas Boas de Souza,Cursando,ALFA,0.0,ALFA,ALFA B - G2/G3,FASE 2,2.0,Fase 2 (5° e 6° ano),-2,-2.0,False,-2.0,Defasado,1.0,Ametista,7.346677272700001,5.0,7.5,8.6136363635,9.002,7.51,7.1875,6.27,10.0,5.0,,,,,,,
RA-1280,2024,Aluno-1280,2015,2015-05-17,9.0,Masculino,2024,Pública,EM Etelvina Delfim Simões,Cursando,ALFA,0.0,ALFA,ALFA B - G2/G3,FASE 1,1.0,Fase 1 (3° e 4° ano),-1,-1.0,False,-1.0,Defasado,1.0,Topázio,8.152624242500002,5.0,8.5,9.5454545455,10.002,6.26,7.5,8.336666667,10.0,7.0,,,,,,,
RA-1281,2024,Aluno-1281,2015,2015-02-20,9.0,Feminino,2024,Pública,EE Chácara Florida II,Cursando,ALFA,0.0,ALFA,ALFA B - G2/G3,FASE 1,1.0,Fase 1 (3° e 4° ano),-1,-1.0,False,-1.0,Defasado,1.0,Ametista,7.982890909100001,5.0,9.25,9.5454545455,7.918,6.26,7.5,7.78,10.0,8.5,,,,,,,
RA-895,2024,Aluno-895,2015,2015-05-27,9.0,Feminino,2023,Pública,EE Dom Pedro Villas Boas de Souza,Cursando,ALFA,0.0,ALFA,ALFA B - G2/G3,FASE 1,1.0,Fase 1 (3° e 4° ano),-1,-1.0,False,-1.0,Defasado,1.0,Topázio,8.2579575757,5.0,9.5,9.5454545455,9.502,6.26,7.5,8.113333333,10.0,9.0,,,,,,,
RA-884,2024,Aluno-884,2015,2015-12-02,8.0,Feminino,2023,Pública,EM Pedro Antonio de Almeida,Cursando,ALFA,0.0,ALFA,ALFA B - G2/G3,FASE 1,1.0,Fase 1 (3° e 4° ano),-1,-1.0,False,-1.0,Defasado,1.0,Topázio,8.0345030302,5.0,8.75,8.818181818,10.002,6.26,7.5,8.223333333,10.0,7.5,,,,,,,
RA-1282,2024,Aluno-1282,2014,2014-11-26,9.0,Feminino,2024,Pública,EE Chácara Florida II,Cursando,ALFA,0.0,ALFA,ALFA B - G2/G3,FASE 1,1.0,Fase 1 (3° e 4° ano),-1,-1.0,False,-1.0,Defasado,1.0,Ametista,7.8769272727000015,5.0,9.25,8.1136363635,9.502,6.26,7.5,7.89,10.0,8.5,,,,,,,
RA-889,2024,Aluno-889,2015,2015-07-07,9.0,Masculino,2023,Pública,EM Maria Ignez Concelles Irma Ines,Cursando,ALFA,0.0,ALFA,ALFA B - G2/G3,FASE 1,1.0,Fase 1 (3° e 4° ano),-1,-1.0,False,-1.0,Defasado,1.0,Topázio,8.191290909100001,5.0,9.75,9.2954545455,8.502,6.26,7.5,8.28,10.0,9.5,,,,,,,
RA-867,2024,Aluno-867,2015,2015-06-29,9.0,Masculino,2023,Pública,EE Dom Pedro Villas Boas de Souza,Cursando,ALFA,0.0,ALFA,ALFA B - G2/G3,FASE 1,1.0,Fase 1 (3° e 4° ano),-1,-1.0,False,-1.0,Defasado,1.0,Ametista,7.583018181800001,5.0,8.5,7.409090909,9.002,7.51,7.5,7.5,10.0,7.0,,,,,,,
RA-1283,2024,Aluno-1283,2014,2014-03-20,10.0,Masculino,2024,Pública,EE Dom Pedro Villas Boas de Souza,Cursando,ALFA,0.0,ALFA,ALFA B - G2/G3,FASE 2,2.0,Fase 2 (5° e 6° ano),-2,-2.0,False,-2.0,Defasado,1.0,Topázio,8.3033538462,5.0,9.0,9.230769231,10.002,7.51,7.5,8.28,10.0,8.0,,,,,,,
RA-891,2024,Aluno-891,2014,2014-10-03,10.0,Feminino,2023,Pública,EE Chácara Florida II,Cursando,ALFA,0.0,ALFA,ALFA B - G2/G3,FASE 1,1.0,Fase 1 (3° e 4° ano),-1,-1.0,False,-1.0,Defasado,1.0,Topázio,8.035957575700001,5.0,8.75,9.0454545455,10.002,6.26,7.5,8.003333333,10.0,7.5,,,,,,,
RA-1284,2024,Aluno-1284,2016,2016-09-28,8.0,Feminino,2024,Pública,EE Dom Pedro Villas Boas de Souza,Cursando,ALFA,0.0,ALFA,ALFA C - G0/G1,ALFA,0.0,ALFA (1° e 2° ano),0,0.0,False,0.0,Adequado,0.0,Topázio,8.3800152174,10.0,10.0,9.347826087,9.002,2.51,7.8125,7.89,10.0,10.0,,,,,,,
RA-1012,2024,Aluno-1012,2015,2015-05-18,9.0,Feminino,2023,Pública,EE Joaquim Mendes Feliz,Cursando,ALFA,0.0,ALFA,ALFA C - G0/G1,FASE 1,1.0,Fase 1 (3° e 4° ano),-1,-1.0,False,-1.0,Defasado,1.0,Topázio,8.057128571400002,5.0,9.75,9.523809524,9.502,2.51,8.125,8.443333333,10.0,9.5,,,,,,,
RA-1285,2024,Aluno-1285,2017,2017-03-19,7.0,Feminino,2024,Pública,Estuda em outra cidade,Cursando,ALFA,0.0,ALFA,ALFA C - G0/G1,ALFA,0.0,ALFA (1° e 2° ano),0,0.0,False,0.0,Adequado,0.0,Topázio,8.156578882000002,10.0,8.0,8.830227742999998,10.002,2.51,7.5,8.946666667,8.0,8.0,,,,,,,
RA-1286,2024,Aluno-1286,2016,2016-12-06,7.0,Masculino,2024,Pública,EM Etelvina Delfim Simões,Cursando,ALFA,0.0,ALFA,ALFA C - G0/G1,ALFA,0.0,ALFA (1° e 2° ano),0,0.0,False,0.0,Adequado,0.0,Quartzo,5.914801966800001,10.0,7.0,5.051759834,8.002,2.51,5.3125,4.61,8.0,6.0,,,,,,,
RA-1287,2024,Aluno-1287,2016,2016-03-07,8.0,Feminino,2024,Pública,EE Dom Pedro Villas Boas de Souza,Cursando,ALFA,0.0,ALFA,ALFA C - G0/G1,FASE 1,1.0,Fase 1 (3° e 4° ano),-1,-1.0,False,-1.0,Defasado,1.0,Ametista,7.619650310500001,5.0,7.75,9.3064182195,10.002,2.51,8.125,8.223333333,8.0,7.5,,,,,,,
RA-1288,2024,Aluno-1288,2017,2017-02-09,7.0,Feminino,2024,Pública,EM Etelvina Delfim Simões,Cursando,ALFA,0.0,ALFA,ALFA C - G0/G1,ALFA,0.0,ALFA (1° e 2° ano),0,0.0,False,0.0,Adequado,0.0,Ametista,7.9208899585,10.0,10.0,7.9813664595,9.002,2.51,7.1875,7.273333333,10.0,10.0,,,,,,,
RA-1289,2024,Aluno-1289,2014,2014-04-15,10.0,Feminino,2024,Pública,EE Dom Pedro Villas Boas de Souza,Cursando,ALFA,0.0,ALFA,ALFA D - G2/G3,FASE 1,1.0,Fase 1 (3° e 4° ano),-1,-1.0,False,-1.0,Defasado,1.0,Ametista,7.2171722223,5.0,7.75,9.4444444445,7.002,7.51,5.9375,6.166666667,9.0,6.5,,,,,,,
RA-1290,2024,Aluno-1290,2015,2015-07-14,9.0,Masculino,2024,Pública,EE Dom Pedro Villas Boas de Souza,Cursando,ALFA,0.0,ALFA,ALFA D - G2/G3,FASE 1,1.0,Fase 1 (3° e 4° ano),-1,-1.0,False,-1.0,Defasado,1.0,Topázio,8.407200000000001,5.0,8.75,10.0,10.002,7.51,7.5,8.28,10.0,7.5,,,,,,,
RA-1291,2024,Aluno-1291,2015,2015-07-05,9.0,Masculino,2024,Pública,EE Chácara Florida II,Cursando,ALFA,0.0,ALFA,ALFA D - G2/G3,FASE 1,1.0,Fase 1 (3° e 4° ano),-1,-1.0,False,-1.0,Defasado,1.0,Topázio,8.079200000000002,5.0,8.25,9.5,9.502,7.51,7.5,7.89,10.0,6.5,,,,,,,
RA-885,2024,Aluno-885,2015,2015-10-30,9.0,Masculino,2023,Pública,EE Dom Pedro Villas Boas de Souza,Cursando,ALFA,0.0,ALFA,ALFA D - G2/G3,FASE 1,1.0,Fase 1 (3° e 4° ano),-1,-1.0,False,-1.0,Defasado,1.0,Topázio,8.2072,5.0,8.5,10.0,8.502,7.51,7.5,8.28,10.0,7.0,,,,,,,
RA-1292,2024,Aluno-1292,2015,2015-06-20,9.0,Feminino,2024,Pública,EE Francisco de Paula Teixeira,Cursando,ALFA,0.0,ALFA,ALFA D - G2/G3,FASE 1,1.0,Fase 1 (3° e 4° ano),-1,-1.0,False,-1.0,Defasado,1.0,Ágata,6.9031621211,5.0,8.25,4.7727272725,7.502,7.51,7.1875,7.893333333,10.0,6.5,,,,,,,
RA-1293,2024,Aluno-1293,2015,2015-09-13,9.0,Feminino,2024,Pública,EE Dom Pedro Villas Boas de Souza,Cursando,ALFA,0.0,ALFA,ALFA D - G2/G3,FASE 1,1.0,Fase 1 (3° e 4° ano),-1,-1.0,False,-1.0,Defasado,1.0,Topázio,8.005023232300001,5.0,8.5,9.4949494945,8.002,7.51,6.875,8.336666667,8.5,8.5,,,,,,,
RA-888,2024,Aluno-888,2016,2016-04-11,8.0,Masculino,2023,Pública,EE Dom Pedro Villas Boas de Souza,Cursando,ALFA,0.0,ALFA,ALFA D - G2/G3,FASE 1,1.0,Fase 1 (3° e 4° ano),-1,-1.0,False,-1.0,Defasado,1.0,Topázio,8.1942,5.0,8.5,10.0,9.002,6.88,7.5,8.28,9.0,8.0,,,,,,,
RA-1294,2024,Aluno-1294,2014,2014-02-10,10.0,Masculino,2024,Pública,EE Dom Pedro Villas Boas de Souza,Cursando,ALFA,0.0,ALFA,ALFA D - G2/G3,FASE 2,2.0,Fase 2 (5° e 6° ano),-2,-2.0,False,-2.0,Defasado,1.0,Ametista,7.9493666666,5.0,7.75,10.0,9.502,7.51,6.875,7.553333333,9.0,6.5,,,,,,,
RA-1009,2024,Aluno-1009,2015,2015-03-27,9.0,Masculino,2023,Pública,EE Dom Pedro Villas Boas de Souza,Cursando,ALFA,0.0,ALFA,ALFA E - G2/G3,FASE 1,1.0,Fase 1 (3° e 4° ano),-1,-1.0,False,-1.0,Defasado,1.0,Ágata,6.395389393900001,5.0,7.5,6.8863636365000005,8.002,2.51,6.5625,6.553333333,10.0,5.0,,,,,,,
RA-1013,2024,Aluno-1013,2015,2015-12-25,8.0,Masculino,2023,Pública,EE Dom Pedro Villas Boas de Souza,Cursando,ALFA,0.0,ALFA,ALFA E - G2/G3,FASE 1,1.0,Fase 1 (3° e 4° ano),-1,-1.0,False,-1.0,Defasado,1.0,Quartzo,5.7839559808,5.0,7.75,5.6937799039999994,9.002,2.51,5.0,4.72,8.0,7.5,,,,,,,
RA-1295,2024,Aluno-1295,2016,2016-09-23,8.0,Feminino,2024,Pública,EE Dom Pedro Villas Boas de Souza,Cursando,ALFA,0.0,ALFA,ALFA E - G2/G3,ALFA,0.0,ALFA (1° e 2° ano),0,0.0,False,0.0,Adequado,0.0,Topázio,8.0617454545,10.0,7.5,9.5227272725,10.002,2.51,7.5,8.28,7.0,8.0,,,,,,,
RA-1296,2024,Aluno-1296,2015,2015-10-02,9.0,Feminino,2024,Pública,EM Etelvina Delfim Simões,Cursando,ALFA,0.0,ALFA,ALFA E - G2/G3,FASE 1,1.0,Fase 1 (3° e 4° ano),-1,-1.0,False,-1.0,Defasado,1.0,Ametista,7.0574222223000005,5.0,6.5,8.4444444445,9.002,2.51,7.5,8.336666667,7.5,5.5,,,,,,,
RA-863,2024,Aluno-863,2016,2016-02-25,8.0,Masculino,2023,Pública,EE Dom Pedro Villas Boas de Souza,Cursando,ALFA,0.0,ALFA,ALFA E - G2/G3,FASE 1,1.0,Fase 1 (3° e 4° ano),-1,-1.0,False,-1.0,Defasado,1.0,Quartzo,4.6684348484000004,5.0,5.5,3.159090909,8.502,2.51,4.6875,4.333333333,10.0,1.0,,,,,,,
RA-1297,2024,Aluno-1297,2016,2016-05-13,8.0,Masculino,2024,Pública,EE Dom Pedro Villas Boas de Souza,Cursando,ALFA,0.0,ALFA,ALFA E - G2/G3,FASE 1,1.0,Fase 1 (3° e 4° ano),-1,-1.0,False,-1.0,Defasado,1.0,Ametista,7.620247619000001,5.0,9.25,9.761904762,9.502,2.51,7.5,6.833333333,10.0,8.5,,,,,,,
RA-1014,2024,Aluno-1014,2016,2016-02-05,8.0,Feminino,2023,Pública,EE Dom Pedro Villas Boas de Souza,Cursando,ALFA,0.0,ALFA,ALFA E - G2/G3,FASE 1,1.0,Fase 1 (3° e 4° ano),-1,-1.0,False,-1.0,Defasado,1.0,Ágata,6.315972727300001,5.0,5.25,7.8863636365000005,8.502,2.51,6.875,7.0,6.5,4.0,,,,,,,
RA-880,2024,Aluno-880,2015,2015-11-29,8.0,Feminino,2023,Pública,EE Chácara Florida II,Cursando,ALFA,0.0,ALFA,ALFA E - G2/G3,FASE 1,1.0,Fase 1 (3° e 4° ano),-1,-1.0,False,-1.0,Defasado,1.0,Ágata,6.853080434800001,5.0,6.5,8.445652174,9.502,2.51,7.1875,7.22,7.5,5.5,,,,,,,
RA-886,2024,Aluno-886,2016,2016-01-05,8.0,Feminino,2023,Pública,EM Etelvina Delfim Simões,Cursando,ALFA,0.0,ALFA,ALFA E - G2/G3,FASE 1,1.0,Fase 1 (3° e 4° ano),-1,-1.0,False,-1.0,Defasado,1.0,Topázio,8.419200000000002,5.0,8.75,10.0,9.502,8.13,7.5,8.28,9.0,8.5,,,,,,,
RA-1298,2024,Aluno-1298,2016,2016-04-25,8.0,Masculino,2024,Pública,EE Dom Pedro Villas Boas de Souza,Cursando,ALFA,0.0,ALFA,ALFA E - G2/G3,ALFA,0.0,ALFA (1° e 2° ano),0,0.0,False,0.0,Adequado,0.0,Ametista,7.577287995300001,10.0,6.75,6.643356643500001,9.502,7.51,7.1875,7.393333333,7.0,6.5,,,,,,,
RA-1299,2024,Aluno-1299,2014,2014-04-19,10.0,Masculino,2024,Pública,EM Etelvina Delfim Simões,Cursando,ALFA,0.0,ALFA,ALFA E - G2/G3,FASE 2,2.0,Fase 2 (5° e 6° ano),-2,-2.0,False,-2.0,Defasado,1.0,Ametista,7.069727777800001,5.0,6.5,7.638888889,8.502,7.51,7.1875,7.11,7.0,6.0,,,,,,,
RA-904,2024,Aluno-904,2016,2016-02-12,8.0,Feminino,2023,Pública,EE Chácara Florida II,Cursando,ALFA,0.0,ALFA,ALFA F - G0/G1,FASE 1,1.0,Fase 1 (3° e 4° ano),-1,-1.0,False,-1.0,Defasado,1.0,Ametista,7.6352,5.0,6.0,8.75,9.502,7.51,7.5,8.67,6.0,6.0,,,,,,,
RA-1300,2024,Aluno-1300,2016,2016-06-03,8.0,Feminino,2024,Pública,EM Maria Ignez Concelles Irma Ines,Cursando,ALFA,0.0,ALFA,ALFA F - G0/G1,FASE 1,1.0,Fase 1 (3° e 4° ano),-1,-1.0,False,-1.0,Defasado,1.0,Ametista,7.623866666600001,5.0,9.0,8.75,8.502,2.51,7.5,8.613333333,10.0,8.0,,,,,,,
RA-1301,2024,Aluno-1301,2015,2015-12-01,8.0,Masculino,2024,Pública,EM Etelvina Delfim Simões,Cursando,ALFA,0.0,ALFA,ALFA F - G0/G1,FASE 1,1.0,Fase 1 (3° e 4° ano),-1,-1.0,False,-1.0,Defasado,1.0,Quartzo,5.6345333333,5.0,7.0,2.9166666665000003,9.502,2.51,7.5,6.0,10.0,4.0,,,,,,,
RA-1302,2024,Aluno-1302,2016,2016-10-10,8.0,Masculino,2024,Pública,EE Dom Pedro Villas Boas de Souza,Cursando,ALFA,0.0,ALFA,ALFA F - G0/G1,ALFA,0.0,ALFA (1° e 2° ano),0,0.0,False,0.0,Adequado,0.0,Quartzo,5.758866666800001,10.0,4.0,5.416666667,10.002,2.51,6.25,4.996666667,4.0,4.0,,,,,,,
RA-1303,2024,Aluno-1303,2016,2016-09-22,8.0,Feminino,2024,Pública,EE Dom Pedro Villas Boas de Souza,Cursando,ALFA,0.0,ALFA,ALFA F - G0/G1,ALFA,0.0,ALFA (1° e 2° ano),0,0.0,False,0.0,Adequado,0.0,Topázio,8.8352,10.0,10.0,10.0,10.002,2.51,7.5,9.17,10.0,10.0,,,,,,,
RA-1304,2024,Aluno-1304,2014,2014-04-01,10.0,Feminino,2024,Pública,EM Maria Ignez Concelles Irma Ines,Cursando,ALFA,0.0,ALFA,ALFA G - G2/G3,FASE 2,2.0,Fase 2 (5° e 6° ano),-2,-2.0,False,-2.0,Defasado,1.0,Ametista,7.085119934500001,5.0,6.0,7.9575163395,9.002,8.135,7.8125,6.493333333,6.0,6.0,,,,,,,
RA-1305,2024,Aluno-1305,2014,2014-09-17,10.0,Feminino,2024,Pública,EM Etelvina Delfim Simões,Cursando,ALFA,0.0,ALFA,ALFA G - G2/G3,FASE 1,1.0,Fase 1 (3° e 4° ano),-1,-1.0,False,-1.0,Defasado,1.0,Ágata,6.685221929800001,5.0,4.75,8.710526316,8.502,2.51,7.8125,8.053333333,2.0,7.5,,,,,,,
RA-1306,2024,Aluno-1306,2016,2016-03-24,8.0,Feminino,2024,Pública,EM Maria Ignez Concelles Irma Ines,Cursando,ALFA,0.0,ALFA,ALFA G - G2/G3,FASE 1,1.0,Fase 1 (3° e 4° ano),-1,-1.0,False,-1.0,Defasado,1.0,Topázio,8.503033333400001,5.0,9.75,10.0,9.002,8.135,7.5,7.946666667,10.0,9.5,,,,,,,
RA-702,2024,Aluno-702,2014,2014-02-03,10.0,Feminino,2022,Pública,EM Maria Ignez Concelles Irma Ines,Cursando,ALFA,0.0,ALFA,ALFA G - G2/G3,FASE 2,2.0,Fase 2 (5° e 6° ano),-2,-2.0,False,-2.0,Defasado,1.0,Ametista,7.665116666600001,5.0,9.25,9.75,9.002,2.51,7.8125,7.163333333,10.0,8.5,,,,,,,
RA-725,2024,Aluno-725,2014,2014-09-30,10.0,Masculino,2022,Pública,EM Maria Ignez Concelles Irma Ines,Cursando,ALFA,0.0,ALFA,ALFA G - G2/G3,FASE 1,1.0,Fase 1 (3° e 4° ano),-1,-1.0,False,-1.0,Defasado,1.0,Ametista,7.0900771929,5.0,7.25,7.6710526315,7.502,7.51,7.5,6.773333333,7.0,7.5,,,,,,,
RA-912,2024,Aluno-912,2014,2014-06-13,10.0,Feminino,2023,Pública,EM Maria Ignez Concelles Irma Ines,Cursando,ALFA,0.0,ALFA,ALFA G - G2/G3,FASE 2,2.0,Fase 2 (5° e 6° ano),-2,-2.0,False,-2.0,Defasado,1.0,Ametista,7.697103508700001,5.0,7.25,9.4736842105,9.002,7.51,8.125,6.943333333,7.0,7.5,,,,,,,
RA-918,2024,Aluno-918,2016,2016-03-19,8.0,Feminino,2023,Pública,EM Maria Ignez Concelles Irma Ines,Cursando,ALFA,0.0,ALFA,ALFA G - G2/G3,FASE 1,1.0,Fase 1 (3° e 4° ano),-1,-1.0,False,-1.0,Defasado,1.0,Quartzo,5.657357017600001,5.0,2.75,8.697368421,7.918,2.51,5.9375,6.156666667,1.0,4.5,,,,,,,
RA-920,2024,Aluno-920,2015,2015-07-20,9.0,Feminino,2023,Pública,EM Maria Ignez Concelles Irma Ines,Cursando,ALFA,0.0,ALFA,ALFA G - G2/G3,FASE 1,1.0,Fase 1 (3° e 4° ano),-1,-1.0,False,-1.0,Defasado,1.0,Ametista,7.7494938597,5.0,8.25,7.6710526315,9.502,7.51,7.1875,8.226666667,9.0,7.5,,,,,,,
RA-1307,2024,Aluno-1307,2016,2016-08-30,8.0,Masculino,2024,Pública,EE Dom Pedro Villas Boas de Souza,Cursando,ALFA,0.0,ALFA,ALFA H - G0/G1,ALFA,0.0,ALFA (1° e 2° ano),0,0.0,False,0.0,Adequado,0.0,Ágata,6.5940333333000005,10.0,5.5,5.833333333500001,10.002,6.255,6.25,5.383333333,7.0,4.0,,,,,,,
RA-1308,2024,Aluno-1308,2015,2015-04-30,9.0,Feminino,2024,Pública,EE Dom Pedro Villas Boas de Souza,Cursando,ALFA,0.0,ALFA,ALFA H - G0/G1,FASE 1,1.0,Fase 1 (3° e 4° ano),-1,-1.0,False,-1.0,Defasado,1.0,Ágata,6.876997101400001,5.0,6.0,7.445652174,10.002,7.51,7.5,5.933333333,8.0,4.0,,,,,,,
RA-1309,2024,Aluno-1309,2016,2016-12-27,7.0,Feminino,2024,Pública,EM Maria Ignez Concelles Irma Ines,Cursando,ALFA,0.0,ALFA,ALFA H - G0/G1,ALFA,0.0,ALFA (1° e 2° ano),0,0.0,False,0.0,Adequado,0.0,Topázio,8.379199999899999,10.0,7.5,9.1666666665,9.002,7.51,7.5,8.223333333,8.0,7.0,,,,,,,
RA-1310,2024,Aluno-1310,2017,2017-02-14,7.0,Feminino,2024,Pública,EE Dom Pedro Villas Boas de Souza,Cursando,ALFA,0.0,ALFA,ALFA H - G0/G1,ALFA,0.0,ALFA (1° e 2° ano),0,0.0,False,0.0,Adequado,0.0,Topázio,8.3907833334,10.0,10.0,9.375,8.502,2.51,7.8125,8.166666667,10.0,10.0,,,,,,,
RA-1311,2024,Aluno-1311,2016,2016-09-06,8.0,Masculino,2024,Pública,EM Maria Ignez Concelles Irma Ines,Cursando,ALFA,0.0,ALFA,ALFA H - G0/G1,ALFA,0.0,ALFA (1° e 2° ano),0,0.0,False,0.0,Adequado,0.0,Ágata,6.4118666668,10.0,0.0,9.166666667,9.002,2.51,7.5,8.386666667,0.0,0.0,,,,,,,
RA-1312,2024,Aluno-1312,2015,2015-08-10,9.0,Masculino,2024,Pública,EE Dom Pedro Villas Boas de Souza,Cursando,ALFA,0.0,ALFA,ALFA H - G0/G1,FASE 1,1.0,Fase 1 (3° e 4° ano),-1,-1.0,False,-1.0,Defasado,1.0,Ametista,7.510200000000001,5.0,6.5,8.333333333,10.002,7.51,6.25,8.336666667,8.0,5.0,,,,,,,
RA-1313,2024,Aluno-1313,2016,2016-07-27,8.0,Masculino,2024,Pública,EM Maria Ignez Concelles Irma Ines,Cursando,ALFA,0.0,ALFA,ALFA H - G0/G1,ALFA,0.0,ALFA (1° e 2° ano),0,0.0,False,0.0,Adequado,0.0,Topázio,8.0155333334,10.0,6.25,8.125,9.502,7.51,7.5,8.446666667,4.0,8.5,,,,,,,
RA-1314,2024,Aluno-1314,2017,2017-04-02,7.0,Feminino,2024,Pública,EE Dom Pedro Villas Boas de Souza,Cursando,ALFA,0.0,ALFA,ALFA H - G0/G1,ALFA,0.0,ALFA (1° e 2° ano),0,0.0,False,0.0,Adequado,0.0,Topázio,8.239799999999999,10.0,9.0,8.541666667,7.418,7.51,7.5,7.443333333,8.0,10.0,,,,,,,
RA-1315,2024,Aluno-1315,2017,2017-04-16,7.0,Masculino,2024,Pública,EM Maria Ignez Concelles Irma Ines,Cursando,ALFA,0.0,ALFA,ALFA H - G0/G1,ALFA,0.0,ALFA (1° e 2° ano),0,0.0,False,0.0,Adequado,0.0,Topázio,8.3510666667,10.0,9.0,8.3333333335,6.834,7.51,7.5,8.5,10.0,8.0,,,,,,,
RA-921,2024,Aluno-921,2016,2016-04-13,8.0,Feminino,2023,Pública,EE Dom Pedro Villas Boas de Souza,Cursando,ALFA,0.0,ALFA,ALFA I - G2/G3,FASE 1,1.0,Fase 1 (3° e 4° ano),-1,-1.0,False,-1.0,Defasado,1.0,Ametista,7.2838203209,5.0,6.0,8.6631016045,8.502,7.51,7.5,7.5,5.0,7.0,,,,,,,
RA-1316,2024,Aluno-1316,2015,2015-02-26,9.0,Feminino,2024,Pública,EE Dom Pedro Villas Boas de Souza,Cursando,ALFA,0.0,ALFA,ALFA I - G2/G3,FASE 1,1.0,Fase 1 (3° e 4° ano),-1,-1.0,False,-1.0,Defasado,1.0,Ametista,7.59291123,5.0,7.75,8.20855615,9.002,7.51,7.5,7.5,9.0,6.5,,,,,,,
RA-1317,2024,Aluno-1317,2015,2015-05-11,9.0,Feminino,2024,Pública,EE Dom Pedro Villas Boas de Souza,Cursando,ALFA,0.0,ALFA,ALFA I - G2/G3,FASE 1,1.0,Fase 1 (3° e 4° ano),-1,-1.0,False,-1.0,Defasado,1.0,Ametista,7.665638502700001,5.0,10.0,7.0721925135,7.502,7.51,7.5,7.5,10.0,10.0,,,,,,,
RA-897,2024,Aluno-897,2014,2014-08-02,10.0,Masculino,2023,Pública,EE Francisco de Paula Teixeira,Cursando,ALFA,0.0,ALFA,ALFA I - G2/G3,FASE 1,1.0,Fase 1 (3° e 4° ano),-1,-1.0,False,-1.0,Defasado,1.0,Quartzo,5.2212050505,5.0,6.0,2.7525252525,7.002,2.51,6.875,6.66,5.5,6.5,,,,,,,
RA-908,2024,Aluno-908,2015,2015-06-08,9.0,Feminino,2023,Pública,EE Joaquim Mendes Feliz,Cursando,ALFA,0.0,ALFA,ALFA I - G2/G3,FASE 1,1.0,Fase 1 (3° e 4° ano),-1,-1.0,False,-1.0,Defasado,1.0,Ágata,6.764292246,5.0,4.75,8.14171123,8.502,7.51,7.1875,6.83,3.0,6.5,,,,,,,
RA-916,2024,Aluno-916,2014,2014-03-18,10.0,Feminino,2023,Pública,EM Maria Ignez Concelles Irma Ines,Cursando,ALFA,0.0,ALFA,ALFA I - G2/G3,FASE 2,2.0,Fase 2 (5° e 6° ano),-2,-2.0,False,-2.0,Defasado,1.0,Quartzo,5.5058531621,5.0,2.75,7.3320158105,8.502,2.51,6.5625,6.16,3.5,2.0,,,,,,,
RA-924,2024,Aluno-924,2015,2015-08-02,9.0,Masculino,2023,Pública,EE Dom Pedro Villas Boas de Souza,Cursando,ALFA,0.0,ALFA,ALFA I - G2/G3,FASE 1,1.0,Fase 1 (3° e 4° ano),-1,-1.0,False,-1.0,Defasado,1.0,Ágata,6.4727360962,5.0,7.0,4.598930481,7.002,7.51,7.1875,7.415,7.5,6.5,,,,,,,
RA-925,2024,Aluno-925,2015,2015-12-01,8.0,Masculino,2023,Pública,EE Dom Pedro Villas Boas de Souza,Cursando,ALFA,0.0,ALFA,ALFA I - G2/G3,FASE 1,1.0,Fase 1 (3° e 4° ano),-1,-1.0,False,-1.0,Defasado,1.0,Ágata,6.587019518800001,5.0,4.75,7.005347594,8.002,7.51,7.1875,7.33,3.0,6.5,,,,,,,
RA-1008,2024,Aluno-1008,2015,2015-05-22,9.0,Masculino,2023,Pública,EE Joaquim Mendes Feliz,Cursando,ALFA,0.0,ALFA,ALFA I - G2/G3,FASE 1,1.0,Fase 1 (3° e 4° ano),-1,-1.0,False,-1.0,Defasado,1.0,Ágata,6.8667414438000005,5.0,7.0,6.483957219,7.002,7.51,7.1875,7.5,6.5,7.5,,,,,,,
RA-919,2024,Aluno-919,2014,2014-04-16,10.0,Masculino,2023,Pública,EM Maria Ignez Concelles Irma Ines,Cursando,ALFA,0.0,ALFA,ALFA I - G2/G3,FASE 2,2.0,Fase 2 (5° e 6° ano),-2,-2.0,False,-2.0,Defasado,1.0,Quartzo,5.799702673800001,5.0,5.25,4.692513369,7.002,6.255,6.875,6.49,6.5,4.0,,,,,,,
RA-1318,2024,Aluno-1318,2016,2016-04-18,8.0,Feminino,2024,Pública,EE Dom Pedro Villas Boas de Souza,Cursando,ALFA,0.0,ALFA,ALFA I - G2/G3,FASE 1,1.0,Fase 1 (3° e 4° ano),-1,-1.0,False,-1.0,Defasado,1.0,Ágata,6.823383155100001,5.0,5.0,7.6871657755000005,8.502,7.51,7.1875,7.33,4.0,6.0,,,,,,,
RA-1003,2024,Aluno-1003,2015,2015-01-22,9.0,Masculino,2023,Pública,EM Maria Ignez Concelles Irma Ines,Cursando,ALFA,0.0,ALFA,ALFA J - G2/G3,FASE 1,1.0,Fase 1 (3° e 4° ano),-1,-1.0,False,-1.0,Defasado,1.0,Ametista,7.627588888900001,5.0,8.25,8.6944444445,8.002,7.51,6.875,7.5,10.0,6.5,,,,,,,
RA-1004,2024,Aluno-1004,2014,2014-12-29,9.0,Feminino,2023,Pública,EM Pedro Antonio de Almeida,Cursando,ALFA,0.0,ALFA,ALFA J - G2/G3,FASE 1,1.0,Fase 1 (3° e 4° ano),-1,-1.0,False,-1.0,Defasado,1.0,Ametista,7.801200000000001,5.0,7.5,9.25,9.502,7.51,7.5,7.5,7.5,7.5,,,,,,,
RA-1006,2024,Aluno-1006,2015,2015-05-24,9.0,Feminino,2023,Pública,EM Pedro Antonio de Almeida,Cursando,ALFA,0.0,ALFA,ALFA J - G2/G3,FASE 1,1.0,Fase 1 (3° e 4° ano),-1,-1.0,False,-1.0,Defasado,1.0,Ametista,7.040088888900001,5.0,5.0,8.4444444445,8.502,7.51,7.5,7.5,5.0,5.0,,,,,,,
RA-1319,2024,Aluno-1319,2015,2015-01-31,9.0,Masculino,2024,Pública,EM Etelvina Delfim Simões,Cursando,ALFA,0.0,ALFA,ALFA J - G2/G3,FASE 1,1.0,Fase 1 (3° e 4° ano),-1,-1.0,False,-1.0,Defasado,1.0,Ametista,7.201526797300001,5.0,8.5,5.7516339865,8.502,7.51,7.5,7.5,10.0,7.0,,,,,,,
RA-858,2024,Aluno-858,2015,2015-02-09,9.0,Masculino,2022,Pública,EE Dom Pedro Villas Boas de Souza,Cursando,ALFA,0.0,ALFA,ALFA J - G2/G3,FASE 1,1.0,Fase 1 (3° e 4° ano),-1,-1.0,False,-1.0,Defasado,1.0,Ágata,6.917866666700001,5.0,8.25,6.833333333500001,9.002,2.51,7.5,7.5,10.0,6.5,,,,,,,
RA-905,2024,Aluno-905,2013,2013-11-27,10.0,Masculino,2023,Pública,EM Pedro Antonio de Almeida,Cursando,ALFA,0.0,ALFA,ALFA J - G2/G3,FASE 2,2.0,Fase 2 (5° e 6° ano),-2,-2.0,False,-2.0,Defasado,1.0,Ágata,6.3925823529,5.0,3.0,7.7794117645,9.002,7.51,6.875,6.99,2.0,4.0,,,,,,,
RA-907,2024,Aluno-907,2015,2015-10-23,9.0,Feminino,2023,Privada,EE Dom Pedro Villas Boas de Souza,Cursando,ALFA,0.0,ALFA,ALFA J - G2/G3,FASE 1,1.0,Fase 1 (3° e 4° ano),-1,-1.0,False,-1.0,Defasado,1.0,Ametista,7.9400888889,5.0,8.75,8.9444444445,9.002,7.51,7.5,7.5,10.0,7.5,,,,,,,
RA-1320,2024,Aluno-1320,2014,2014-10-30,10.0,Masculino,2024,Pública,EE Dom Pedro Villas Boas de Souza,Cursando,ALFA,0.0,ALFA,ALFA J - G2/G3,FASE 1,1.0,Fase 1 (3° e 4° ano),-1,-1.0,False,-1.0,Defasado,1.0,Ametista,7.8845333333,5.0,8.25,9.1666666665,9.002,7.51,7.5,7.5,9.0,7.5,,,,,,,
RA-909,2024,Aluno-909,2013,2013-10-22,11.0,Feminino,2023,Pública,EE Dom Pedro Villas Boas de Souza,Cursando,ALFA,0.0,ALFA,ALFA J - G2/G3,FASE 2,2.0,Fase 2 (5° e 6° ano),-2,-2.0,False,-2.0,Defasado,1.0,Ametista,7.722033333300001,5.0,8.25,8.1666666665,10.002,7.51,6.875,7.5,10.0,6.5,,,,,,,
RA-729,2024,Aluno-729,2014,2014-09-03,10.0,Feminino,2022,Pública,EM Maria Ignez Concelles Irma Ines,Cursando,ALFA,0.0,ALFA,ALFA J - G2/G3,FASE 1,1.0,Fase 1 (3° e 4° ano),-1,-1.0,False,-1.0,Defasado,1.0,Ágata,6.684533333300001,5.0,6.0,8.4166666665,8.002,2.51,7.5,7.5,6.0,6.0,,,,,,,
RA-1321,2024,Aluno-1321,2016,2016-12-03,7.0,Masculino,2024,Pública,EM Amanda Consuelo da Cunha,Cursando,ALFA,0.0,ALFA,ALFA K - G0/G1,ALFA,0.0,ALFA (1° e 2° ano),0,0.0,False,0.0,Adequado,0.0,Ametista,7.95295,10.0,8.75,8.875,9.002,6.885,6.5625,5.915,10.0,7.5,,,,,,,
RA-1322,2024,Aluno-1322,2016,2016-07-30,8.0,Feminino,2024,Pública,EE Jardim Silvania,Cursando,ALFA,0.0,ALFA,ALFA K - G0/G1,ALFA,0.0,ALFA (1° e 2° ano),0,0.0,False,0.0,Adequado,0.0,Topázio,8.47795,10.0,7.5,9.0,9.502,7.51,8.4375,8.165,8.5,6.5,,,,,,,
RA-1323,2024,Aluno-1323,2015,2015-04-14,9.0,Masculino,2024,Pública,EE Helio Luiz Dobrochinski Prof,Cursando,ALFA,0.0,ALFA,ALFA K - G0/G1,FASE 1,1.0,Fase 1 (3° e 4° ano),-1,-1.0,False,-1.0,Defasado,1.0,Ametista,7.487366666700001,5.0,7.0,9.0833333335,10.002,7.51,6.875,6.66,10.0,4.0,,,,,,,
RA-1324,2024,Aluno-1324,2015,2015-04-18,9.0,Masculino,2024,Pública,EE Helio Luiz Dobrochinski Prof,Cursando,ALFA,0.0,ALFA,ALFA K - G0/G1,FASE 1,1.0,Fase 1 (3° e 4° ano),-1,-1.0,False,-1.0,Defasado,1.0,Topázio,8.332450000000001,5.0,8.5,10.0,10.002,7.51,7.8125,8.0,10.0,7.0,,,,,,,
RA-931,2024,Aluno-931,2015,2015-04-08,9.0,Masculino,2023,Pública,EM Amanda Consuelo da Cunha,Cursando,ALFA,0.0,ALFA,ALFA K - G0/G1,FASE 1,1.0,Fase 1 (3° e 4° ano),-1,-1.0,False,-1.0,Defasado,1.0,Ametista,7.075466666700001,5.0,8.5,8.5833333335,7.918,2.51,7.5,6.83,8.0,9.0,,,,,,,
RA-1325,2024,Aluno-1325,2016,2016-05-04,8.0,Masculino,2024,Pública,EE Helio Luiz Dobrochinski Prof,Cursando,ALFA,0.0,ALFA,ALFA K - G0/G1,ALFA,0.0,ALFA (1° e 2° ano),0,0.0,False,0.0,Adequado,0.0,Topázio,8.9824954545,10.0,10.0,9.5227272725,9.002,7.51,8.4375,7.915,10.0,10.0,,,,,,,
RA-1326,2024,Aluno-1326,2016,2016-06-29,8.0,Feminino,2024,Pública,EE Helio Luiz Dobrochinski Prof,Cursando,ALFA,0.0,ALFA,ALFA K - G0/G1,ALFA,0.0,ALFA (1° e 2° ano),0,0.0,False,0.0,Adequado,0.0,Ametista,7.6397833333000005,10.0,4.5,9.2916666665,9.002,7.51,7.8125,7.245,0.0,9.0,,,,,,,
RA-1327,2024,Aluno-1327,2017,2017-03-03,7.0,Feminino,2024,Pública,EM Amanda Consuelo da Cunha,Cursando,ALFA,0.0,ALFA,ALFA K - G0/G1,ALFA,0.0,ALFA (1° e 2° ano),0,0.0,False,0.0,Adequado,0.0,Topázio,8.264116666700001,10.0,7.5,9.3333333335,9.002,7.51,7.8125,7.325,10.0,5.0,,,,,,,
RA-1328,2024,Aluno-1328,2015,2015-11-18,8.0,Feminino,2024,Pública,EM Amanda Consuelo da Cunha,Cursando,ALFA,0.0,ALFA,ALFA K - G0/G1,FASE 1,1.0,Fase 1 (3° e 4° ano),-1,-1.0,False,-1.0,Defasado,1.0,Topázio,8.0588666667,5.0,10.0,8.2083333335,8.502,7.51,7.5,7.83,10.0,10.0,,,,,,,
RA-1329,2024,Aluno-1329,2016,2016-05-25,8.0,Masculino,2024,Pública,EE Helio Luiz Dobrochinski Prof,Cursando,ALFA,0.0,ALFA,ALFA K - G0/G1,ALFA,0.0,ALFA (1° e 2° ano),0,0.0,False,0.0,Adequado,0.0,Ametista,7.98945,10.0,6.5,10.0,9.502,7.51,6.5625,6.66,10.0,3.0,,,,,,,
RA-1330,2024,Aluno-1330,2016,2016-10-07,8.0,Feminino,2024,Pública,EE Helio Luiz Dobrochinski Prof,Cursando,ALFA,0.0,ALFA,ALFA K - G0/G1,ALFA,0.0,ALFA (1° e 2° ano),0,0.0,False,0.0,Adequado,0.0,Topázio,8.944616666700002,10.0,9.5,9.3333333335,10.002,7.51,8.4375,7.915,10.0,9.0,,,,,,,
RA-1331,2024,Aluno-1331,2017,2017-03-10,7.0,Feminino,2024,Pública,EE Jardim Campestre,Cursando,ALFA,0.0,ALFA,ALFA K - G0/G1,ALFA,0.0,ALFA (1° e 2° ano),0,0.0,False,0.0,Adequado,0.0,Ametista,7.8522833333,10.0,7.25,7.291666666499999,9.002,7.51,8.4375,7.245,8.0,6.5,,,,,,,
RA-944,2024,Aluno-944,2014,2014-01-20,10.0,Feminino,2023,Pública,EM Cecilia Cristina de Oliveira Rodrigues,Cursando,ALFA,0.0,ALFA,ALFA L - G2/G3,FASE 2,2.0,Fase 2 (5° e 6° ano),-2,-2.0,False,-2.0,Defasado,1.0,Ametista,7.8262,5.0,9.0,7.25,9.002,7.51,8.75,7.75,10.0,8.0,,,,,,,
RA-1332,2024,Aluno-1332,2014,2014-05-03,10.0,Masculino,2024,Pública,EE Helio Luiz Dobrochinski Prof,Cursando,ALFA,0.0,ALFA,ALFA L - G2/G3,FASE 2,2.0,Fase 2 (5° e 6° ano),-2,-2.0,False,-2.0,Defasado,1.0,Topázio,8.1040529412,5.0,8.25,9.411764706,8.502,7.51,9.375,7.665,10.0,6.5,,,,,,,
RA-754,2024,Aluno-754,2013,2013-09-05,11.0,Masculino,2022,Pública,EM Cecilia Cristina de Oliveira Rodrigues,Cursando,ALFA,0.0,ALFA,ALFA L - G2/G3,FASE 2,2.0,Fase 2 (5° e 6° ano),-2,-2.0,False,-2.0,Defasado,1.0,Quartzo,5.6127,5.0,6.25,6.25,8.502,5.625,2.5,4.75,6.0,6.5,,,,,,,
RA-1333,2024,Aluno-1333,2015,2015-05-30,9.0,Masculino,2024,Pública,EE Helio Luiz Dobrochinski Prof,Cursando,ALFA,0.0,ALFA,ALFA L - G2/G3,FASE 1,1.0,Fase 1 (3° e 4° ano),-1,-1.0,False,-1.0,Defasado,1.0,Topázio,8.213199999999999,5.0,9.25,10.0,7.502,6.255,9.375,7.75,10.0,8.5,,,,,,,
RA-934,2024,Aluno-934,2015,2015-09-15,9.0,Feminino,2023,Pública,EM Amanda Consuelo da Cunha,Cursando,ALFA,0.0,ALFA,ALFA L - G2/G3,FASE 1,1.0,Fase 1 (3° e 4° ano),-1,-1.0,False,-1.0,Defasado,1.0,Topázio,8.338700000000001,5.0,8.5,9.75,9.502,7.51,9.375,7.75,10.0,7.0,,,,,,,
RA-1334,2024,Aluno-1334,2015,2015-10-23,9.0,Masculino,2024,Pública,EE Helio Luiz Dobrochinski Prof,Cursando,ALFA,0.0,ALFA,ALFA L - G2/G3,FASE 1,1.0,Fase 1 (3° e 4° ano),-1,-1.0,False,-1.0,Defasado,1.0,Topázio,8.350200000000001,5.0,9.0,10.0,10.002,5.625,9.375,7.75,10.0,8.0,,,,,,,
RA-941,2024,Aluno-941,2015,2015-03-02,9.0,Feminino,2023,Pública,EM Amanda Consuelo da Cunha,Cursando,ALFA,0.0,ALFA,ALFA L - G2/G3,FASE 1,1.0,Fase 1 (3° e 4° ano),-1,-1.0,False,-1.0,Defasado,1.0,Ametista,7.746700000000001,5.0,8.75,9.25,8.002,5.01,8.125,7.665,10.0,7.5,,,,,,,
RA-756,2024,Aluno-756,2013,2013-09-09,11.0,Masculino,2022,Pública,EM Amanda Consuelo da Cunha,Cursando,ALFA,0.0,ALFA,ALFA L - G2/G3,FASE 2,2.0,Fase 2 (5° e 6° ano),-2,-2.0,False,-2.0,Defasado,1.0,Ametista,7.361700000000001,5.0,5.5,8.75,10.002,7.51,8.125,7.24,10.0,1.0,,,,,,,
RA-1335,2024,Aluno-1335,2014,2014-01-24,10.0,Masculino,2024,Pública,EE Helio Luiz Dobrochinski Prof,Cursando,ALFA,0.0,ALFA,ALFA L - G2/G3,FASE 2,2.0,Fase 2 (5° e 6° ano),-2,-2.0,False,-2.0,Defasado,1.0,Topázio,8.3217,5.0,8.75,9.75,9.002,7.51,9.375,7.665,10.0,7.5,,,,,,,
RA-773,2024,Aluno-773,2013,2013-12-31,10.0,Feminino,2022,Pública,EM Cecilia Cristina de Oliveira Rodrigues,Cursando,ALFA,0.0,ALFA,ALFA L - G2/G3,FASE 2,2.0,Fase 2 (5° e 6° ano),-2,-2.0,False,-2.0,Defasado,1.0,Ágata,6.566200000000001,5.0,5.0,8.75,10.002,2.51,7.5,6.575,8.0,2.0,,,,,,,
RA-938,2024,Aluno-938,2014,2014-06-01,10.0,Masculino,2023,Pública,EM Amanda Consuelo da Cunha,Cursando,ALFA,0.0,ALFA,ALFA L - G2/G3,FASE 1,1.0,Fase 1 (3° e 4° ano),-1,-1.0,False,-1.0,Defasado,1.0,Topázio,8.0056026915,5.0,7.75,9.544513457499999,9.502,7.51,8.125,7.665,10.0,5.5,,,,,,,
RA-1336,2024,Aluno-1336,2016,2016-05-27,8.0,Feminino,2024,Pública,EE Helio Luiz Dobrochinski Prof,Cursando,ALFA,0.0,ALFA,ALFA M - G0/G1,FASE 1,1.0,Fase 1 (3° e 4° ano),-1,-1.0,False,-1.0,Defasado,1.0,Ametista,7.141365631500001,5.0,9.5,6.2008281575,9.502,2.51,7.5,7.75,10.0,9.0,,,,,,,
RA-1337,2024,Aluno-1337,2014,2014-02-17,10.0,Masculino,2024,Pública,EE Helio Luiz Dobrochinski Prof,Cursando,ALFA,0.0,ALFA,ALFA M - G0/G1,FASE 2,2.0,Fase 2 (5° e 6° ano),-2,-2.0,False,-2.0,Defasado,1.0,Ágata,6.015144444400001,5.0,6.0,4.722222222,8.002,7.51,6.875,5.66,6.0,6.0,,,,,,,
RA-1338,2024,Aluno-1338,2015,2015-12-11,8.0,Masculino,2024,Pública,EM Cecilia Cristina de Oliveira Rodrigues,Cursando,ALFA,0.0,ALFA,ALFA M - G0/G1,FASE 1,1.0,Fase 1 (3° e 4° ano),-1,-1.0,False,-1.0,Defasado,1.0,Ágata,6.1368428571,5.0,3.0,8.6607142855,8.002,7.51,6.875,5.33,2.0,4.0,,,,,,,
RA-1339,2024,Aluno-1339,2016,2016-05-14,8.0,Feminino,2024,Pública,EE Helio Luiz Dobrochinski Prof,Cursando,ALFA,0.0,ALFA,ALFA M - G0/G1,FASE 1,1.0,Fase 1 (3° e 4° ano),-1,-1.0,False,-1.0,Defasado,1.0,Ametista,7.3547,5.0,8.75,10.0,8.502,6.885,5.0,5.33,10.0,7.5,,,,,,,
RA-1340,2024,Aluno-1340,2016,2016-09-11,8.0,Feminino,2024,Pública,EM Etelvina Delfim Simões,Cursando,ALFA,0.0,ALFA,ALFA M - G0/G1,ALFA,0.0,ALFA (1° e 2° ano),0,0.0,False,0.0,Adequado,0.0,Topázio,8.3422714286,10.0,10.0,8.392857143,9.502,7.51,5.625,7.0,10.0,10.0,,,,,,,
RA-1341,2024,Aluno-1341,2015,2015-08-16,9.0,Masculino,2024,Pública,EE Helio Luiz Dobrochinski Prof,Cursando,ALFA,0.0,ALFA,ALFA M - G0/G1,FASE 1,1.0,Fase 1 (3° e 4° ano),-1,-1.0,False,-1.0,Defasado,1.0,Ametista,7.862906349200001,5.0,10.0,9.246031746,10.002,7.51,5.625,6.0,10.0,10.0,,,,,,,
RA-947,2024,Aluno-947,2015,2015-03-02,9.0,Masculino,2023,Pública,EE Helio Luiz Dobrochinski Prof,Cursando,ALFA,0.0,ALFA,ALFA M - G0/G1,FASE 1,1.0,Fase 1 (3° e 4° ano),-1,-1.0,False,-1.0,Defasado,1.0,Ágata,6.053509523800001,5.0,4.5,7.619047619,9.002,7.51,5.625,4.58,4.0,5.0,,,,,,,
RA-1342,2024,Aluno-1342,2015,2015-11-17,8.0,Masculino,2024,Pública,EM Cecilia Cristina de Oliveira Rodrigues,Cursando,ALFA,0.0,ALFA,ALFA M - G0/G1,FASE 1,1.0,Fase 1 (3° e 4° ano),-1,-1.0,False,-1.0,Defasado,1.0,Ametista,7.8185809524000005,5.0,9.0,9.761904762,9.502,7.51,7.5,5.575,10.0,8.0,,,,,,,
RA-1343,2024,Aluno-1343,2017,2017-03-08,7.0,Feminino,2024,Pública,EE Helio Luiz Dobrochinski Prof,Cursando,ALFA,0.0,ALFA,ALFA M - G0/G1,ALFA,0.0,ALFA (1° e 2° ano),0,0.0,False,0.0,Adequado,0.0,Topázio,8.8262,10.0,9.75,10.0,8.002,7.51,6.25,8.5,10.0,9.5,,,,,,,
RA-1344,2024,Aluno-1344,2016,2016-07-25,8.0,Feminino,2024,Pública,EE Helio Luiz Dobrochinski Prof,Cursando,ALFA,0.0,ALFA,ALFA N - G2/G3,ALFA,0.0,ALFA (1° e 2° ano),0,0.0,False,0.0,Adequado,0.0,Topázio,9.3612,10.0,10.0,10.0,8.502,7.51,8.75,9.425,10.0,10.0,,,,,,,
RA-945,2024,Aluno-945,2015,2015-04-02,9.0,Masculino,2023,Pública,EM Cecilia Cristina de Oliveira Rodrigues,Cursando,ALFA,0.0,ALFA,ALFA N - G2/G3,FASE 1,1.0,Fase 1 (3° e 4° ano),-1,-1.0,False,-1.0,Defasado,1.0,Ametista,7.4195809524000005,5.0,8.75,9.511904762,9.002,2.51,7.5,6.83,10.0,7.5,,,,,,,
RA-946,2024,Aluno-946,2016,2016-01-11,8.0,Masculino,2023,Pública,EE Helio Luiz Dobrochinski Prof,Cursando,ALFA,0.0,ALFA,ALFA N - G2/G3,FASE 1,1.0,Fase 1 (3° e 4° ano),-1,-1.0,False,-1.0,Defasado,1.0,Ágata,6.677723809500001,5.0,4.5,8.7976190475,9.502,2.51,7.5,7.835,3.0,6.0,,,,,,,
RA-1345,2024,Aluno-1345,2015,2015-09-18,9.0,Masculino,2023,Pública,EM Cecilia Cristina de Oliveira Rodrigues,Cursando,ALFA,0.0,ALFA,ALFA N - G2/G3,FASE 1,1.0,Fase 1 (3° e 4° ano),-1,-1.0,False,-1.0,Defasado,1.0,Ametista,7.2340128655000004,5.0,6.25,9.4590643275,8.502,7.51,6.25,6.83,6.0,6.5,,,,,,,
RA-771,2024,Aluno-771,2015,2015-11-05,9.0,Feminino,2022,Pública,EM Cecilia Cristina de Oliveira Rodrigues,Cursando,ALFA,0.0,ALFA,ALFA N - G2/G3,FASE 1,1.0,Fase 1 (3° e 4° ano),-1,-1.0,False,-1.0,Defasado,1.0,Ágata,6.066009523800001,5.0,6.5,6.619047619,8.502,3.135,5.625,6.08,6.5,6.5,,,,,,,
RA-1346,2024,Aluno-1346,2016,2016-10-08,8.0,Masculino,2024,Pública,EM Cecilia Cristina de Oliveira Rodrigues,Cursando,ALFA,0.0,ALFA,ALFA N - G2/G3,ALFA,0.0,ALFA (1° e 2° ano),0,0.0,False,0.0,Adequado,0.0,Ametista,7.3701047619,10.0,5.5,8.0595238095,9.502,7.51,6.25,6.66,5.0,6.0,,,,,,,
RA-1347,2024,Aluno-1347,2015,2015-10-31,9.0,Masculino,2024,Pública,EE Helio Luiz Dobrochinski Prof,Cursando,ALFA,0.0,ALFA,ALFA N - G2/G3,FASE 1,1.0,Fase 1 (3° e 4° ano),-1,-1.0,False,-1.0,Defasado,1.0,Ágata,6.153842857100001,5.0,5.0,8.7857142855,8.502,2.51,5.625,6.165,5.0,5.0,,,,,,,
RA-949,2024,Aluno-949,2015,2015-08-03,9.0,Feminino,2023,Pública,EE Luiz Schunck,Cursando,ALFA,0.0,ALFA,ALFA N - G2/G3,FASE 1,1.0,Fase 1 (3° e 4° ano),-1,-1.0,False,-1.0,Defasado,1.0,Ametista,7.1323428571,5.0,6.5,8.7857142855,9.002,7.51,6.25,6.495,6.0,7.0,,,,,,,
RA-950,2024,Aluno-950,2014,2014-11-17,9.0,Feminino,2023,Pública,EE Helio Luiz Dobrochinski Prof,Cursando,ALFA,0.0,ALFA,ALFA N - G2/G3,FASE 1,1.0,Fase 1 (3° e 4° ano),-1,-1.0,False,-1.0,Defasado,1.0,Ametista,7.693461904800001,5.0,7.0,9.023809524,9.502,7.51,6.875,8.0,7.5,6.5,,,,,,,
RA-951,2024,Aluno-951,2016,2016-05-23,8.0,Feminino,2023,Privada,João Friaza Colégio,Cursando,ALFA,0.0,ALFA,ALFA N - G2/G3,FASE 1,1.0,Fase 1 (3° e 4° ano),-1,-1.0,False,-1.0,Defasado,1.0,Ágata,6.4483428571,5.0,4.0,9.0357142855,10.002,2.51,6.25,7.325,5.0,3.0,,,,,,,
RA-1002,2024,Aluno-1002,2014,2014-07-13,10.0,Feminino,2023,Pública,EM Cecilia Cristina de Oliveira Rodrigues,Cursando,ALFA,0.0,ALFA,ALFA N - G2/G3,FASE 1,1.0,Fase 1 (3° e 4° ano),-1,-1.0,False,-1.0,Defasado,1.0,Ametista,7.967866666700001,5.0,9.25,7.833333333500001,9.002,7.51,7.5,8.25,10.0,8.5,,,,,,,
RA-774,2024,Aluno-774,2014,2014-09-09,10.0,Feminino,2022,Pública,EM Cecilia Cristina de Oliveira Rodrigues,Cursando,ALFA,0.0,ALFA,ALFA N - G2/G3,FASE 1,1.0,Fase 1 (3° e 4° ano),-1,-1.0,False,-1.0,Defasado,1.0,Quartzo,5.685771428600001,5.0,3.75,6.3928571430000005,10.002,2.51,6.25,6.405,2.0,5.5,,,,,,,
RA-749,2024,Aluno-749,2013,2013-12-23,10.0,Masculino,2022,Pública,EM Amanda Consuelo da Cunha,Cursando,ALFA,0.0,ALFA,ALFA O - G2/G3,FASE 2,2.0,Fase 2 (5° e 6° ano),-2,-2.0,False,-2.0,Defasado,1.0,Topázio,8.3373184211,5.0,8.75,9.7368421055,9.502,8.13,8.4375,7.665,10.0,7.5,,,,,,,
RA-929,2024,Aluno-929,2015,2015-10-22,9.0,Feminino,2023,Pública,EM Amanda Consuelo da Cunha,Cursando,ALFA,0.0,ALFA,ALFA O - G2/G3,FASE 1,1.0,Fase 1 (3° e 4° ano),-1,-1.0,False,-1.0,Defasado,1.0,Ametista,7.7244368421,5.0,6.75,9.4736842105,9.002,7.51,8.125,7.58,7.0,6.5,,,,,,,
RA-930,2024,Aluno-930,2015,2015-10-13,9.0,Masculino,2023,Pública,EE Jardim Campestre,Cursando,ALFA,0.0,ALFA,ALFA O - G2/G3,FASE 1,1.0,Fase 1 (3° e 4° ano),-1,-1.0,False,-1.0,Defasado,1.0,Ametista,7.9298184211,5.0,8.0,9.7368421055,8.502,7.51,7.8125,7.5,8.0,8.0,,,,,,,
RA-787,2024,Aluno-787,2014,2014-08-01,10.0,Masculino,2022,Pública,EE Helio Luiz Dobrochinski Prof,Cursando,ALFA,0.0,ALFA,ALFA O - G2/G3,FASE 1,1.0,Fase 1 (3° e 4° ano),-1,-1.0,False,-1.0,Defasado,1.0,Ametista,7.73495,5.0,7.25,9.75,9.002,7.51,7.1875,7.325,10.0,4.5,,,,,,,
RA-1348,2024,Aluno-1348,2015,2015-12-04,8.0,Masculino,2024,Pública,EE Jardim Silvania,Cursando,ALFA,0.0,ALFA,ALFA O - G2/G3,FASE 1,1.0,Fase 1 (3° e 4° ano),-1,-1.0,False,-1.0,Defasado,1.0,Ametista,7.9604662539,5.0,9.0,8.5913312695,7.502,7.51,8.75,7.83,10.0,8.0,,,,,,,
RA-935,2024,Aluno-935,2014,2014-09-23,10.0,Masculino,2023,Pública,EE Jardim Campestre,Cursando,ALFA,0.0,ALFA,ALFA O - G2/G3,FASE 1,1.0,Fase 1 (3° e 4° ano),-1,-1.0,False,-1.0,Defasado,1.0,Topázio,8.3422,5.0,8.5,10.0,9.502,7.51,8.75,7.83,10.0,7.0,,,,,,,
RA-1349,2024,Aluno-1349,2014,2014-09-09,10.0,Masculino,2024,Pública,EE Jardim Campestre,Cursando,ALFA,0.0,ALFA,ALFA O - G2/G3,FASE 1,1.0,Fase 1 (3° e 4° ano),-1,-1.0,False,-1.0,Defasado,1.0,Ametista,7.855727777800001,5.0,8.5,8.388888889,8.002,7.51,8.4375,7.915,10.0,7.0,,,,,,,
RA-937,2024,Aluno-937,2015,2015-03-03,9.0,Feminino,2023,Pública,EE Helio Luiz Dobrochinski Prof,Cursando,ALFA,0.0,ALFA,ALFA O - G2/G3,FASE 1,1.0,Fase 1 (3° e 4° ano),-1,-1.0,False,-1.0,Defasado,1.0,Topázio,8.3792,5.0,7.5,10.0,10.002,9.38,8.75,7.83,8.0,7.0,,,,,,,
RA-1350,2024,Aluno-1350,2014,2014-04-10,10.0,Feminino,2024,Pública,EE Jardim Campestre,Cursando,ALFA,0.0,ALFA,ALFA O - G2/G3,FASE 2,2.0,Fase 2 (5° e 6° ano),-2,-2.0,False,-2.0,Defasado,1.0,Topázio,8.335450000000002,5.0,8.5,10.0,8.502,8.755,8.4375,7.83,10.0,7.0,,,,,,,
RA-1351,2024,Aluno-1351,2015,2015-04-20,9.0,Masculino,2024,Pública,EE Helio Luiz Dobrochinski Prof,Cursando,ALFA,0.0,ALFA,ALFA O - G2/G3,FASE 1,1.0,Fase 1 (3° e 4° ano),-1,-1.0,False,-1.0,Defasado,1.0,Topázio,8.1861038462,5.0,8.75,9.230769231,9.002,8.13,8.4375,7.665,10.0,7.5,,,,,,,
RA-959,2024,Aluno-959,2015,2015-08-17,9.0,Masculino,2023,Pública,EE Jardim Campestre,Cursando,ALFA,0.0,ALFA,ALFA O - G2/G3,FASE 1,1.0,Fase 1 (3° e 4° ano),-1,-1.0,False,-1.0,Defasado,1.0,Topázio,8.379818421100001,5.0,9.5,9.7368421055,10.002,7.51,7.8125,7.5,10.0,9.0,,,,,,,
RA-1352,2024,Aluno-1352,2015,2015-03-06,9.0,Masculino,2024,Pública,EM Amanda Consuelo da Cunha,Cursando,ALFA,0.0,ALFA,ALFA O - G2/G3,FASE 1,1.0,Fase 1 (3° e 4° ano),-1,-1.0,False,-1.0,Defasado,1.0,Topázio,8.289950000000001,5.0,8.5,9.5,10.002,8.13,8.4375,7.665,8.0,9.0,,,,,,,
RA-1353,2024,Aluno-1353,2014,2014-10-19,10.0,Feminino,2024,Pública,EE Luiz Schunck,Cursando,ALFA,0.0,ALFA,ALFA Q - G2/G3,FASE 1,1.0,Fase 1 (3° e 4° ano),-1,-1.0,False,-1.0,Defasado,1.0,Ágata,6.454700000000001,5.0,3.0,9.5,8.002,7.51,6.875,6.08,3.5,2.5,,,,,,,
RA-1354,2024,Aluno-1354,2014,2014-07-08,10.0,Feminino,2024,Pública,EE Luiz Schunck,Cursando,ALFA,0.0,ALFA,ALFA Q - G2/G3,FASE 1,1.0,Fase 1 (3° e 4° ano),-1,-1.0,False,-1.0,Defasado,1.0,Ametista,7.353427272700001,5.0,6.0,8.3636363635,9.502,7.51,8.125,7.335,6.5,5.5,,,,,,,
RA-979,2024,Aluno-979,2015,2015-07-19,9.0,Masculino,2023,Pública,EM Etelvina Delfim Simões,Cursando,ALFA,0.0,ALFA,ALFA Q - G2/G3,FASE 1,1.0,Fase 1 (3° e 4° ano),-1,-1.0,False,-1.0,Defasado,1.0,Topázio,8.0352454545,5.0,8.25,9.5227272725,9.502,7.51,8.125,7.335,9.5,7.0,,,,,,,
RA-1355,2024,Aluno-1355,2014,2014-10-15,10.0,Masculino,2024,Pública,EE Helio Luiz Dobrochinski Prof,Cursando,ALFA,0.0,ALFA,ALFA Q - G2/G3,FASE 1,1.0,Fase 1 (3° e 4° ano),-1,-1.0,False,-1.0,Defasado,1.0,Ametista,7.202245454500001,5.0,7.0,6.5227272725,10.002,7.51,8.125,7.17,8.0,6.0,,,,,,,
RA-971,2024,Aluno-971,2015,2015-03-04,9.0,Masculino,2023,Pública,EE Luiz Schunck,Cursando,ALFA,0.0,ALFA,ALFA Q - G2/G3,FASE 1,1.0,Fase 1 (3° e 4° ano),-1,-1.0,False,-1.0,Defasado,1.0,Ágata,6.8916181818,5.0,6.75,7.909090909,7.418,7.51,7.5,6.085,8.5,5.0,,,,,,,
RA-972,2024,Aluno-972,2015,2015-09-24,9.0,Masculino,2023,Pública,EM Etelvina Delfim Simões,Cursando,ALFA,0.0,ALFA,ALFA Q - G2/G3,FASE 1,1.0,Fase 1 (3° e 4° ano),-1,-1.0,False,-1.0,Defasado,1.0,Ametista,7.537472727300001,5.0,6.75,8.3863636365,9.502,7.51,8.75,7.17,8.0,5.5,,,,,,,
RA-965,2024,Aluno-965,2014,2014-03-26,10.0,Feminino,2023,Pública,EE Luiz Schunck,Cursando,ALFA,0.0,ALFA,ALFA Q - G2/G3,FASE 2,2.0,Fase 2 (5° e 6° ano),-2,-2.0,False,-2.0,Defasado,1.0,Ágata,6.1376545455,5.0,2.25,6.4772727275,9.002,7.51,8.75,6.83,2.0,2.5,,,,,,,
RA-973,2024,Aluno-973,2014,2014-02-12,10.0,Masculino,2023,Pública,EM Cecilia Cristina de Oliveira Rodrigues,Cursando,ALFA,0.0,ALFA,ALFA Q - G2/G3,FASE 2,2.0,Fase 2 (5° e 6° ano),-2,-2.0,False,-2.0,Defasado,1.0,Ágata,6.9318363636,5.0,3.75,9.318181818,10.002,7.51,7.5,6.585,6.5,1.0,,,,,,,
RA-1356,2024,Aluno-1356,2016,2016-08-24,8.0,Feminino,2024,Pública,EE Helio Luiz Dobrochinski Prof,Cursando,ALFA,0.0,ALFA,ALFA Q - G2/G3,ALFA,0.0,ALFA (1° e 2° ano),0,0.0,False,0.0,Adequado,0.0,Ametista,7.8695888889,10.0,5.5,9.4444444445,9.002,7.51,8.125,7.085,5.5,5.5,,,,,,,
RA-966,2024,Aluno-966,2014,2014-06-05,10.0,Masculino,2023,Pública,EE Helio Luiz Dobrochinski Prof,Cursando,ALFA,0.0,ALFA,ALFA Q - G2/G3,FASE 2,2.0,Fase 2 (5° e 6° ano),-2,-2.0,False,-2.0,Defasado,1.0,Ametista,7.9943363636,5.0,9.0,8.568181818,9.502,7.51,8.125,7.335,9.5,8.5,,,,,,,
RA-1357,2024,Aluno-1357,2015,2015-01-27,9.0,Masculino,2024,Pública,EE Luiz Schunck,Cursando,ALFA,0.0,ALFA,ALFA Q - G2/G3,FASE 1,1.0,Fase 1 (3° e 4° ano),-1,-1.0,False,-1.0,Defasado,1.0,Ametista,7.1807,5.0,6.75,7.5,8.002,7.51,8.125,7.335,8.0,5.5,,,,,,,
RA-969,2024,Aluno-969,2015,2015-08-17,9.0,Masculino,2023,Pública,EE Helio Luiz Dobrochinski Prof,Cursando,ALFA,0.0,ALFA,ALFA Q - G2/G3,FASE 1,1.0,Fase 1 (3° e 4° ano),-1,-1.0,False,-1.0,Defasado,1.0,Ametista,7.453427272700001,5.0,7.25,7.8636363634999995,9.002,7.51,8.125,7.335,9.0,5.5,,,,,,,
RA-1358,2024,Aluno-1358,2016,2016-11-10,7.0,Feminino,2024,Pública,EE Luiz Schunck,Cursando,ALFA,0.0,ALFA,ALFA R - G0/G1,ALFA,0.0,ALFA (1° e 2° ano),0,0.0,False,0.0,Adequado,0.0,Ágata,6.552990476200001,10.0,4.0,7.380952381,9.168,5.01,6.25,6.17,4.0,4.0,,,,,,,
RA-1359,2024,Aluno-1359,2017,2017-05-20,7.0,Feminino,2024,Pública,EE Luiz Schunck,Cursando,ALFA,0.0,ALFA,ALFA R - G0/G1,ALFA,0.0,ALFA (1° e 2° ano),0,0.0,False,0.0,Adequado,0.0,Ametista,7.2102,10.0,6.0,9.0,8.502,5.635,5.625,6.17,4.0,8.0,,,,,,,
RA-1360,2024,Aluno-1360,2016,2016-04-28,8.0,Masculino,2024,Pública,EE Luiz Schunck,Cursando,ALFA,0.0,ALFA,ALFA R - G0/G1,ALFA,0.0,ALFA (1° e 2° ano),0,0.0,False,0.0,Adequado,0.0,Ágata,6.8480623189,10.0,5.0,7.0018115945,8.502,7.51,5.625,6.42,0.0,10.0,,,,,,,
RA-1361,2024,Aluno-1361,2016,2016-09-11,8.0,Feminino,2024,Pública,EE Helio Luiz Dobrochinski Prof,Cursando,ALFA,0.0,ALFA,ALFA R - G0/G1,ALFA,0.0,ALFA (1° e 2° ano),0,0.0,False,0.0,Adequado,0.0,Topázio,8.738700000000001,10.0,10.0,9.375,9.502,5.635,7.5,8.0,10.0,10.0,,,,,,,
RA-975,2024,Aluno-975,2015,2015-12-04,8.0,Feminino,2023,Pública,EE Luiz Schunck,Cursando,ALFA,0.0,ALFA,ALFA R - G0/G1,FASE 1,1.0,Fase 1 (3° e 4° ano),-1,-1.0,False,-1.0,Defasado,1.0,Ametista,7.1463666667000005,5.0,8.0,7.708333333500001,8.502,5.01,6.875,7.33,8.0,8.0,,,,,,,
RA-1362,2024,Aluno-1362,2017,2017-06-02,7.0,Masculino,2024,Pública,EE Luiz Schunck,Cursando,ALFA,0.0,ALFA,ALFA R - G0/G1,ALFA,0.0,ALFA (1° e 2° ano),0,0.0,False,0.0,Adequado,0.0,Ametista,7.709200000000001,10.0,8.5,6.875,10.002,5.635,6.875,6.915,8.0,9.0,,,,,,,
RA-977,2024,Aluno-977,2015,2015-12-30,8.0,Feminino,2023,Pública,EE Luiz Schunck,Cursando,ALFA,0.0,ALFA,ALFA R - G0/G1,FASE 1,1.0,Fase 1 (3° e 4° ano),-1,-1.0,False,-1.0,Defasado,1.0,Ametista,7.188033333300001,5.0,7.0,7.291666666499999,10.002,6.26,6.875,7.58,5.0,9.0,,,,,,,
RA-1363,2024,Aluno-1363,2017,2017-01-21,7.0,Feminino,2024,Pública,EE Luiz Schunck,Cursando,ALFA,0.0,ALFA,ALFA S - G2/G3,ALFA,0.0,ALFA (1° e 2° ano),0,0.0,False,0.0,Adequado,0.0,Ametista,7.690800000000001,10.0,6.5,10.0,7.418,5.635,6.875,6.99,6.5,6.5,,,,,,,
RA-981,2024,Aluno-981,2016,2016-01-20,8.0,Feminino,2023,Pública,EE Helio Luiz Dobrochinski Prof,Cursando,ALFA,0.0,ALFA,ALFA S - G2/G3,FASE 1,1.0,Fase 1 (3° e 4° ano),-1,-1.0,False,-1.0,Defasado,1.0,Ágata,6.6513739130000005,5.0,6.0,7.010869565,9.002,6.26,6.25,6.99,6.0,6.0,,,,,,,
RA-1364,2024,Aluno-1364,2015,2015-09-24,9.0,Masculino,2024,Pública,EE Luiz Schunck,Cursando,ALFA,0.0,ALFA,ALFA S - G2/G3,FASE 1,1.0,Fase 1 (3° e 4° ano),-1,-1.0,False,-1.0,Defasado,1.0,Ametista,7.570033333300001,5.0,8.75,8.4166666665,8.002,7.51,6.875,6.99,9.5,8.0,,,,,,,
RA-1365,2024,Aluno-1365,2015,2015-07-21,9.0,Masculino,2024,Pública,EM Cecilia Cristina de Oliveira Rodrigues,Cursando,ALFA,0.0,ALFA,ALFA S - G2/G3,FASE 1,1.0,Fase 1 (3° e 4° ano),-1,-1.0,False,-1.0,Defasado,1.0,Ametista,7.3700333333,5.0,6.5,9.7916666665,9.002,6.26,6.875,6.99,5.5,7.5,,,,,,,
RA-1366,2024,Aluno-1366,2015,2015-11-29,8.0,Feminino,2024,Pública,EE Luiz Schunck,Cursando,ALFA,0.0,ALFA,ALFA S - G2/G3,FASE 1,1.0,Fase 1 (3° e 4° ano),-1,-1.0,False,-1.0,Defasado,1.0,Ágata,6.919852173900001,5.0,6.5,6.6032608695,9.002,7.51,7.5,6.99,6.5,6.5,,,,,,,
RA-974,2024,Aluno-974,2015,2015-12-09,8.0,Masculino,2023,Pública,EE Helio Luiz Dobrochinski Prof,Cursando,ALFA,0.0,ALFA,ALFA S - G2/G3,FASE 1,1.0,Fase 1 (3° e 4° ano),-1,-1.0,False,-1.0,Defasado,1.0,Ametista,7.6077217391,5.0,6.5,9.282608695499999,9.502,7.51,7.5,7.5,6.0,7.0,,,,,,,
RA-1367,2024,Aluno-1367,2016,2016-08-17,8.0,Feminino,2024,Pública,EE Helio Luiz Dobrochinski Prof,Cursando,ALFA,0.0,ALFA,ALFA S - G2/G3,ALFA,0.0,ALFA (1° e 2° ano),0,0.0,False,0.0,Adequado,0.0,Topázio,8.427286956500001,10.0,8.75,8.3804347825,10.002,7.51,7.5,7.5,9.0,8.5,,,,,,,
RA-1368,2024,Aluno-1368,2016,2016-09-18,8.0,Masculino,2024,Pública,EE Luiz Schunck,Cursando,ALFA,0.0,ALFA,ALFA S - G2/G3,ALFA,0.0,ALFA (1° e 2° ano),0,0.0,False,0.0,Adequado,0.0,Topázio,8.6012,10.0,9.5,10.0,7.002,7.51,7.5,7.5,10.0,9.0,,,,,,,
RA-1369,2024,Aluno-1369,2017,2017-02-05,7.0,Feminino,2024,Pública,EE Luiz Schunck,Cursando,ALFA,0.0,ALFA,ALFA S - G2/G3,ALFA,0.0,ALFA (1° e 2° ano),0,0.0,False,0.0,Adequado,0.0,Topázio,8.052286956500001,10.0,8.0,8.6304347825,8.502,6.26,7.5,7.5,8.0,8.0,,,,,,,
RA-978,2024,Aluno-978,2015,2015-11-10,8.0,Feminino,2023,Pública,EE Luiz Schunck,Cursando,ALFA,0.0,ALFA,ALFA S - G2/G3,FASE 1,1.0,Fase 1 (3° e 4° ano),-1,-1.0,False,-1.0,Defasado,1.0,Ametista,7.4637,5.0,6.5,9.5,9.502,6.26,6.875,7.5,6.0,7.0,,,,,,,
RA-1370,2024,Aluno-1370,2015,2015-09-04,9.0,Masculino,2024,Pública,EE Luiz Schunck,Cursando,ALFA,0.0,ALFA,ALFA S - G2/G3,FASE 1,1.0,Fase 1 (3° e 4° ano),-1,-1.0,False,-1.0,Defasado,1.0,Topázio,8.0456444444,5.0,9.0,8.722222222,10.002,7.51,7.5,7.5,10.0,8.0,,,,,,,
RA-1371,2024,Aluno-1371,2013,2013-06-26,11.0,Feminino,2024,Pública,EE Helio Luiz Dobrochinski Prof,Cursando,ALFA,0.0,ALFA,ALFA S - G2/G3,FASE 1,1.0,Fase 1 (3° e 4° ano),-1,-1.0,False,-1.0,Defasado,1.0,Ágata,6.4843521739,5.0,4.5,6.9782608695,7.502,7.51,6.875,7.5,3.0,6.0,,,,,,,
RA-1372,2024,Aluno-1372,2016,2016-06-16,8.0,Feminino,2024,Pública,EE Jardim Silvania,Cursando,ALFA,0.0,ALFA,ALFA T - G2/G3,ALFA,0.0,ALFA (1° e 2° ano),0,0.0,False,0.0,Adequado,0.0,Ametista,7.9632000000000005,10.0,4.75,10.0,9.502,8.13,7.5,7.5,3.0,6.5,,,,,,,
RA-1373,2024,Aluno-1373,2015,2015-08-04,9.0,Feminino,2024,Pública,EE Joaquim Mendes Feliz,Cursando,ALFA,0.0,ALFA,ALFA T - G2/G3,FASE 1,1.0,Fase 1 (3° e 4° ano),-1,-1.0,False,-1.0,Defasado,1.0,Ametista,7.577286956500001,5.0,6.75,8.8804347825,9.502,7.51,7.5,7.5,6.0,7.5,,,,,,,
RA-1374,2024,Aluno-1374,2015,2015-03-20,9.0,Masculino,2024,Pública,EE Dom Pedro Villas Boas de Souza,Cursando,ALFA,0.0,ALFA,ALFA T - G2/G3,FASE 1,1.0,Fase 1 (3° e 4° ano),-1,-1.0,False,-1.0,Defasado,1.0,Ametista,7.3707652174,5.0,5.25,9.347826087,9.502,7.51,7.5,7.5,5.0,5.5,,,,,,,
RA-1375,2024,Aluno-1375,2015,2015-08-01,9.0,Masculino,2024,Pública,EE Dom Pedro Villas Boas de Souza,Cursando,ALFA,0.0,ALFA,ALFA T - G2/G3,FASE 1,1.0,Fase 1 (3° e 4° ano),-1,-1.0,False,-1.0,Defasado,1.0,Topázio,8.101200000000002,5.0,8.25,10.0,9.502,7.51,7.5,7.5,10.0,6.5,,,,,,,
RA-1376,2024,Aluno-1376,2015,2015-10-16,9.0,Masculino,2024,Pública,EE Dom Pedro Villas Boas de Souza,Cursando,ALFA,0.0,ALFA,ALFA T - G2/G3,FASE 1,1.0,Fase 1 (3° e 4° ano),-1,-1.0,False,-1.0,Defasado,1.0,Topázio,8.2742769231,5.0,9.75,9.6153846155,9.002,7.51,7.5,7.5,10.0,9.5,,,,,,,
RA-994,2024,Aluno-994,2014,2014-12-18,9.0,Feminino,2023,Pública,EE Levi Pereira Martins Professor,Cursando,ALFA,0.0,ALFA,ALFA T - G2/G3,FASE 1,1.0,Fase 1 (3° e 4° ano),-1,-1.0,False,-1.0,Defasado,1.0,Ametista,7.7982217391,5.0,8.25,9.532608695499999,9.002,6.88,6.875,7.33,10.0,6.5,,,,,,,
RA-1377,2024,Aluno-1377,2016,2016-08-09,8.0,Masculino,2024,Pública,EE Dom Pedro Villas Boas de Souza,Cursando,ALFA,0.0,ALFA,ALFA T - G2/G3,ALFA,0.0,ALFA (1° e 2° ano),0,0.0,False,0.0,Adequado,0.0,Ametista,7.8987,10.0,5.5,10.0,9.002,8.13,6.875,6.99,5.0,6.0,,,,,,,
RA-1378,2024,Aluno-1378,2014,2014-09-30,10.0,Feminino,2024,Pública,EM Cecilia Cristina de Oliveira Rodrigues,Cursando,ALFA,0.0,ALFA,ALFA U - G2/G3,FASE 1,1.0,Fase 1 (3° e 4° ano),-1,-1.0,False,-1.0,Defasado,1.0,Ametista,7.6703428571,5.0,6.75,9.2857142855,9.002,8.13,7.5,7.5,7.5,6.0,,,,,,,
RA-1379,2024,Aluno-1379,2016,2016-03-14,8.0,Masculino,2024,Pública,EE Helio Luiz Dobrochinski Prof,Cursando,ALFA,0.0,ALFA,ALFA U - G2/G3,FASE 1,1.0,Fase 1 (3° e 4° ano),-1,-1.0,False,-1.0,Defasado,1.0,Ágata,6.638292105300001,5.0,7.25,8.6842105265,9.502,3.755,5.9375,5.16,8.5,6.0,,,,,,,
RA-1380,2024,Aluno-1380,2016,2016-11-01,8.0,Masculino,2024,Pública,Estuda em outra cidade,Cursando,ALFA,0.0,ALFA,ALFA U - G2/G3,ALFA,0.0,ALFA (1° e 2° ano),0,0.0,False,0.0,Adequado,0.0,Ametista,7.964342230600001,10.0,8.0,8.784461152999999,9.502,4.385,7.1875,7.5,10.0,6.0,,,,,,,
RA-770,2024,Aluno-770,2015,2015-06-07,9.0,Masculino,2022,Pública,EE Luiz Schunck,Cursando,ALFA,0.0,ALFA,ALFA U - G2/G3,FASE 1,1.0,Fase 1 (3° e 4° ano),-1,-1.0,False,-1.0,Defasado,1.0,Ametista,7.3057112782,5.0,5.0,9.022556391,10.002,7.51,7.5,7.5,4.0,6.0,,,,,,,
RA-1381,2024,Aluno-1381,2016,2016-06-18,8.0,Feminino,2024,Pública,EE Helio Luiz Dobrochinski Prof,Cursando,ALFA,0.0,ALFA,ALFA U - G2/G3,ALFA,0.0,ALFA (1° e 2° ano),0,0.0,False,0.0,Adequado,0.0,Topázio,9.038200000000002,10.0,9.5,10.0,9.502,8.13,8.75,7.5,10.0,9.0,,,,,,,
RA-1382,2024,Aluno-1382,2015,2015-08-17,9.0,Feminino,2024,Pública,EE Helio Luiz Dobrochinski Prof,Cursando,ALFA,0.0,ALFA,ALFA U - G2/G3,FASE 1,1.0,Fase 1 (3° e 4° ano),-1,-1.0,False,-1.0,Defasado,1.0,Ametista,7.834830952400001,5.0,7.5,9.761904762,8.502,7.51,7.8125,7.5,8.0,7.0,,,,,,,
RA-1383,2024,Aluno-1383,2016,2016-04-23,8.0,Feminino,2024,Pública,EE Luiz Schunck,Cursando,ALFA,0.0,ALFA,ALFA U - G2/G3,ALFA,0.0,ALFA (1° e 2° ano),0,0.0,False,0.0,Adequado,0.0,Topázio,8.3720803259,10.0,8.5,9.2606516295,8.502,7.51,7.1875,7.5,10.0,7.0,,,,,,,
RA-1384,2024,Aluno-1384,2014,2014-05-13,10.0,Masculino,2024,Pública,EE Helio Luiz Dobrochinski Prof,Cursando,ALFA,0.0,ALFA,ALFA U - G2/G3,FASE 2,2.0,Fase 2 (5° e 6° ano),-2,-2.0,False,-2.0,Defasado,1.0,Ágata,6.221984461100001,5.0,5.0,7.5689223055,8.002,7.51,6.25,5.16,5.0,5.0,,,,,,,
RA-1385,2024,Aluno-1385,2015,2015-12-04,8.0,Masculino,2024,Pública,EE Helio Luiz Dobrochinski Prof,Cursando,ALFA,0.0,ALFA,ALFA U - G2/G3,FASE 1,1.0,Fase 1 (3° e 4° ano),-1,-1.0,False,-1.0,Defasado,1.0,Ametista,7.7262,5.0,8.0,10.0,10.002,4.385,6.875,7.5,9.0,7.0,,,,,,,
RA-1386,2024,Aluno-1386,2016,2016-03-05,8.0,Feminino,2024,Pública,EM Cecilia Cristina de Oliveira Rodrigues,Cursando,ALFA,0.0,ALFA,ALFA U - G2/G3,FASE 1,1.0,Fase 1 (3° e 4° ano),-1,-1.0,False,-1.0,Defasado,1.0,Ametista,7.803580952400001,5.0,7.25,9.761904762,9.002,7.51,7.5,7.5,8.5,6.0,,,,,,,
RA-1387,2024,Aluno-1387,2016,2016-02-27,8.0,Feminino,2024,Pública,EM Cecilia Cristina de Oliveira Rodrigues,Cursando,ALFA,0.0,ALFA,ALFA U - G2/G3,FASE 1,1.0,Fase 1 (3° e 4° ano),-1,-1.0,False,-1.0,Defasado,1.0,Ametista,7.8030796992,5.0,8.0,8.759398496,9.502,7.51,7.5,7.5,9.0,7.0,,,,,,,
RA-1388,2024,Aluno-1388,2016,2016-03-04,8.0,Feminino,2024,Pública,EE Dom Pedro Villas Boas de Souza,Cursando,ALFA,0.0,ALFA,ALFA Y - G0/G1,FASE 1,1.0,Fase 1 (3° e 4° ano),-1,-1.0,False,-1.0,Defasado,1.0,Ametista,7.015057142799999,5.0,5.0,8.214285713999999,9.002,6.88,7.5,7.67,4.0,6.0,,,,,,,
RA-1389,2024,Aluno-1389,2017,2017-03-12,7.0,Feminino,2024,Pública,EE Dom Pedro Villas Boas de Souza,Cursando,ALFA,0.0,ALFA,ALFA Y - G0/G1,ALFA,0.0,ALFA (1° e 2° ano),0,0.0,False,0.0,Adequado,0.0,Topázio,8.980533333299999,10.0,10.0,9.7916666665,9.002,6.88,7.5,8.42,10.0,10.0,,,,,,,
RA-1390,2024,Aluno-1390,2016,2016-11-12,7.0,Feminino,2024,Pública,EE Dom Pedro Villas Boas de Souza,Cursando,ALFA,0.0,ALFA,ALFA Y - G0/G1,ALFA,0.0,ALFA (1° e 2° ano),0,0.0,False,0.0,Adequado,0.0,Topázio,8.4930333333,10.0,8.25,9.7916666665,9.502,5.005,7.5,8.42,8.0,8.5,,,,,,,
RA-1391,2024,Aluno-1391,2016,2016-12-14,7.0,Masculino,2024,Pública,EE Dom Pedro Villas Boas de Souza,Cursando,ALFA,0.0,ALFA,ALFA Y - G0/G1,ALFA,0.0,ALFA (1° e 2° ano),0,0.0,False,0.0,Adequado,0.0,Topázio,8.8435333333,10.0,10.0,9.2916666665,8.502,7.51,7.5,8.17,10.0,10.0,,,,,,,
RA-1392,2024,Aluno-1392,2015,2015-01-06,9.0,Masculino,2024,Pública,EM Etelvina Delfim Simões,Cursando,ALFA,0.0,ALFA,ALFA Y - G0/G1,FASE 1,1.0,Fase 1 (3° e 4° ano),-1,-1.0,False,-1.0,Defasado,1.0,Quartzo,5.4262,5.0,0.0,5.625,9.002,7.51,7.5,7.0,0.0,0.0,,,,,,,
RA-1393,2024,Aluno-1393,2017,2017-05-02,7.0,Feminino,2024,Pública,EE Francisco de Paula Teixeira,Cursando,ALFA,0.0,ALFA,ALFA Y - G0/G1,ALFA,0.0,ALFA (1° e 2° ano),0,0.0,False,0.0,Adequado,0.0,Ametista,7.2597000000000005,10.0,5.0,7.5,9.502,3.755,7.5,8.42,10.0,0.0,,,,,,,
RA-990,2024,Aluno-990,2014,2014-06-12,10.0,Masculino,2023,Pública,EE Chácara Florida II,Cursando,FASE 1,1.0,1A,1A,FASE 2,2.0,Fase 2 (5° e 6° ano),-1,-1.0,False,-1.0,Defasado,1.0,Ametista,7.812283333400001,5.0,8.0,7.5,9.502,7.51,8.4375,8.336666667,9.5,6.5,,,,,,,
RA-1394,2024,Aluno-1394,2013,2013-12-26,10.0,Feminino,2024,Pública,EE Chácara Florida II,Cursando,FASE 1,1.0,1A,1A,FASE 2,2.0,Fase 2 (5° e 6° ano),-1,-1.0,False,-1.0,Defasado,1.0,Ametista,7.503255555500002,5.0,5.75,8.6944444445,9.502,7.51,8.125,8.003333333,5.5,6.0,,,,,,,
RA-991,2024,Aluno-991,2014,2014-04-30,10.0,Feminino,2023,Pública,EM Etelvina Delfim Simões,Cursando,FASE 1,1.0,1A,1A,FASE 2,2.0,Fase 2 (5° e 6° ano),-1,-1.0,False,-1.0,Defasado,1.0,Ametista,7.057230303000001,5.0,6.5,8.181818182,9.002,6.26,7.5,6.723333333,7.0,6.0,,,,,,,
RA-1018,2024,Aluno-1018,2013,2013-12-10,10.0,Masculino,2023,Pública,EE Dom Pedro Villas Boas de Souza,Cursando,FASE 1,1.0,1A,1A,FASE 2,2.0,Fase 2 (5° e 6° ano),-1,-1.0,False,-1.0,Defasado,1.0,Ametista,7.7054045454,5.0,8.25,7.727272727,8.502,6.26,8.4375,8.45,8.5,8.0,,,,,,,
RA-1395,2024,Aluno-1395,2014,2014-12-12,9.0,Feminino,2024,Pública,EE Dom Pedro Villas Boas de Souza,Cursando,FASE 1,1.0,1A,1A,FASE 1,1.0,Fase 1 (3° e 4° ano),0,0.0,False,0.0,Adequado,0.0,Topázio,8.5997833334,10.0,7.75,10.0,9.502,7.51,7.8125,7.836666667,7.5,8.0,,,,,,,
RA-1396,2024,Aluno-1396,2013,2013-07-30,11.0,Feminino,2024,Pública,EM Bairro Lagoa Grande,Cursando,FASE 1,1.0,1A,1A,FASE 2,2.0,Fase 2 (5° e 6° ano),-1,-1.0,False,-1.0,Defasado,1.0,Ametista,7.8477,5.0,6.5,10.0,9.502,7.51,8.125,7.67,6.0,7.0,,,,,,,
RA-1025,2024,Aluno-1025,2013,2013-12-18,10.0,Masculino,2023,Pública,EE Dom Pedro Villas Boas de Souza,Cursando,FASE 1,1.0,1A,1A,FASE 2,2.0,Fase 2 (5° e 6° ano),-1,-1.0,False,-1.0,Defasado,1.0,Ametista,7.897071212,5.0,9.0,7.727272727,9.002,7.51,8.4375,7.783333333,10.0,8.0,,,,,,,
RA-1019,2024,Aluno-1019,2015,2015-03-23,9.0,Feminino,2023,Pública,EM Etelvina Delfim Simões,Cursando,FASE 1,1.0,1A,1A,FASE 1,1.0,Fase 1 (3° e 4° ano),0,0.0,False,0.0,Adequado,0.0,Topázio,8.692255194900001,10.0,8.75,9.3073593075,9.502,6.26,7.8125,8.616666667,9.5,8.0,,,,,,,
RA-879,2024,Aluno-879,2014,2014-03-05,10.0,Feminino,2023,Pública,EM Etelvina Delfim Simões,Cursando,FASE 1,1.0,1A,1A,FASE 2,2.0,Fase 2 (5° e 6° ano),-1,-1.0,False,-1.0,Defasado,1.0,Topázio,8.1096318182,5.0,8.5,9.090909091,9.502,6.26,7.8125,8.67,8.0,9.0,,,,,,,
RA-1020,2024,Aluno-1020,2014,2014-07-25,10.0,Feminino,2023,Pública,EE Dom Pedro Villas Boas de Souza,Cursando,FASE 1,1.0,1A,1A,FASE 1,1.0,Fase 1 (3° e 4° ano),0,0.0,False,0.0,Adequado,0.0,Topázio,8.9544954545,10.0,9.0,9.7727272725,9.002,6.88,8.4375,8.84,10.0,8.0,,,,,,,
RA-1021,2024,Aluno-1021,2014,2014-03-10,10.0,Masculino,2023,Pública,EE Dom Pedro Villas Boas de Souza,Cursando,FASE 1,1.0,1A,1A,FASE 2,2.0,Fase 2 (5° e 6° ano),-1,-1.0,False,-1.0,Defasado,1.0,Topázio,8.0985863636,5.0,8.0,9.318181818,9.502,7.51,8.4375,7.95,9.0,7.0,,,,,,,
RA-1022,2024,Aluno-1022,2014,2014-02-25,10.0,Masculino,2023,Pública,EE Dom Pedro Villas Boas de Souza,Cursando,FASE 1,1.0,1A,1A,FASE 2,2.0,Fase 2 (5° e 6° ano),-1,-1.0,False,-1.0,Defasado,1.0,Ametista,7.613169697000002,5.0,6.5,9.318181818,9.502,6.26,7.5,8.116666667,5.5,7.5,,,,,,,
RA-1397,2024,Aluno-1397,2014,2014-04-26,10.0,Feminino,2024,Pública,EE Dom Pedro Villas Boas de Souza,Cursando,FASE 1,1.0,1A,1A,FASE 2,2.0,Fase 2 (5° e 6° ano),-1,-1.0,False,-1.0,Defasado,1.0,Ametista,7.8280333334000005,5.0,7.0,10.0,9.002,6.26,8.125,7.946666667,7.0,7.0,,,,,,,
RA-699,2024,Aluno-699,2013,2013-07-13,11.0,Masculino,2022,Pública,EE Dom Pedro Villas Boas de Souza,Cursando,FASE 1,1.0,1A,1A,FASE 2,2.0,Fase 2 (5° e 6° ano),-1,-1.0,False,-1.0,Defasado,1.0,Ágata,6.427771212000001,5.0,6.5,7.727272727000001,6.334,6.26,6.5625,5.833333333,7.0,6.0,,,,,,,
RA-1398,2024,Aluno-1398,2013,2013-02-08,11.0,Feminino,2024,Pública,EE Leonice de Aquino Oliveira,Cursando,FASE 1,1.0,1B,1B,FASE 2,2.0,Fase 2 (5° e 6° ano),-1,-1.0,False,-1.0,Defasado,1.0,Ametista,7.989700527000001,5.0,8.0,9.555335968,6.918,7.51,8.125,8.616666667,8.0,8.0,,,,,,,
RA-871,2024,Aluno-871,2014,2014-06-21,10.0,Masculino,2023,Pública,EE Chácara Florida II,Cursando,FASE 1,1.0,1B,1B,FASE 1,1.0,Fase 1 (3° e 4° ano),0,0.0,False,0.0,Adequado,0.0,Ametista,7.2917293147999995,10.0,7.25,9.328063240999999,8.502,4.38,5.3125,5.783333333,6.0,8.5,,,,,,,
RA-1399,2024,Aluno-1399,2013,2013-03-01,11.0,Feminino,2024,Pública,EE Olivia de Faria Nogueira,Cursando,FASE 1,1.0,1B,1B,FASE 2,2.0,Fase 2 (5° e 6° ano),-1,-1.0,False,-1.0,Defasado,1.0,Ametista,7.438578787899999,5.0,6.0,9.7727272725,9.002,5.005,7.5,8.166666667,6.0,6.0,,,,,,,
RA-873,2024,Aluno-873,2012,2012-03-01,12.0,Feminino,2023,Pública,EE Olivia de Faria Nogueira,Cursando,FASE 1,1.0,1B,1B,FASE 3,3.0,Fase 3 (7° e 8° ano),-2,-2.0,False,-2.0,Defasado,1.0,Ametista,7.61095,5.0,6.75,10.0,8.002,6.88,7.1875,7.77,7.0,6.5,,,,,,,
RA-898,2024,Aluno-898,2014,2014-06-03,10.0,Masculino,2023,Pública,EE Dom Pedro Villas Boas de Souza,Cursando,FASE 1,1.0,1B,1B,FASE 2,2.0,Fase 2 (5° e 6° ano),-1,-1.0,False,-1.0,Defasado,1.0,Ametista,7.8661333334000005,5.0,7.5,10.0,6.418,7.51,7.5,8.616666667,9.0,6.0,,,,,,,
RA-750,2024,Aluno-750,2012,2012-03-06,12.0,Masculino,2021,Pública,EE Mario Francisco de Amorim,Cursando,FASE 1,1.0,1B,1B,FASE 3,3.0,Fase 3 (7° e 8° ano),-2,-2.0,False,-2.0,Defasado,1.0,Quartzo,4.542230369,5.0,3.75,5.938735178,6.249,4.38,4.0625,3.176666667,0.5,7.0,,,,,,,
RA-899,2024,Aluno-899,2015,2015-03-27,9.0,Masculino,2023,Pública,EE Chácara Florida II,Cursando,FASE 1,1.0,1B,1B,FASE 1,1.0,Fase 1 (3° e 4° ano),0,0.0,False,0.0,Adequado,0.0,Topázio,8.425024769300002,10.0,8.25,9.1007905135,10.002,5.635,8.125,7.893333333,8.0,8.5,,,,,,,
RA-878,2024,Aluno-878,2013,2013-07-22,11.0,Masculino,2023,Pública,EE Chácara Florida II,Cursando,FASE 1,1.0,1B,1B,FASE 2,2.0,Fase 2 (5° e 6° ano),-1,-1.0,False,-1.0,Defasado,1.0,Ágata,6.5335560606000005,5.0,6.75,6.1363636360000005,9.002,4.38,7.1875,6.996666667,6.0,7.5,,,,,,,
RA-893,2024,Aluno-893,2014,2014-10-05,10.0,Masculino,2023,Pública,EE Chácara Florida II,Cursando,FASE 1,1.0,1B,1B,FASE 1,1.0,Fase 1 (3° e 4° ano),0,0.0,False,0.0,Adequado,0.0,Topázio,8.8910333334,10.0,9.25,10.0,9.002,7.51,8.125,7.886666667,10.0,8.5,,,,,,,
RA-1024,2024,Aluno-1024,2013,2013-05-17,11.0,Feminino,2023,Pública,Escola João Paulo II,Cursando,FASE 1,1.0,1B,1B,FASE 2,2.0,Fase 2 (5° e 6° ano),-1,-1.0,False,-1.0,Defasado,1.0,Topázio,8.6516166666,5.0,10.0,10.0,8.002,7.51,8.4375,8.783333333,10.0,10.0,,,,,,,
RA-900,2024,Aluno-900,2015,2015-03-18,9.0,Feminino,2023,Pública,EE Dom Pedro Villas Boas de Souza,Cursando,FASE 1,1.0,1B,1B,FASE 1,1.0,Fase 1 (3° e 4° ano),0,0.0,False,0.0,Adequado,0.0,Topázio,8.802003030200002,10.0,8.5,9.318181818,9.002,8.13,8.125,8.563333333,8.0,9.0,,,,,,,
RA-903,2024,Aluno-903,2015,2015-04-04,9.0,Feminino,2023,Pública,EE Dom Pedro Villas Boas de Souza,Cursando,FASE 1,1.0,1B,1B,FASE 1,1.0,Fase 1 (3° e 4° ano),0,0.0,False,0.0,Adequado,0.0,Topázio,8.0758287879,10.0,5.0,9.7727272725,10.002,7.505,7.8125,7.946666667,6.0,4.0,,,,,,,
RA-1400,2024,Aluno-1400,2015,2015-01-18,9.0,Masculino,2024,Pública,EE Dom Pedro Villas Boas de Souza,Cursando,FASE 1,1.0,1B,1B,FASE 1,1.0,Fase 1 (3° e 4° ano),0,0.0,False,0.0,Adequado,0.0,Ametista,7.622839525700001,10.0,7.25,6.6501976285,8.418,7.51,7.5,7.5,6.5,8.0,,,,,,,
RA-851,2024,Aluno-851,2014,2014-03-03,10.0,Masculino,2022,Pública,EM Eurides José Amorim,Cursando,FASE 1,1.0,1B,1B,FASE 2,2.0,Fase 2 (5° e 6° ano),-1,-1.0,False,-1.0,Defasado,1.0,Ágata,6.2114602109,5.0,6.0,7.3221343875,9.002,5.63,5.625,5.106666667,5.0,7.0,,,,,,,
RA-1028,2024,Aluno-1028,2012,2012-02-17,12.0,Masculino,2023,Pública,EE Olivia de Faria Nogueira,Cursando,FASE 1,1.0,1B,1B,FASE 3,3.0,Fase 3 (7° e 8° ano),-2,-2.0,False,-2.0,Defasado,1.0,Ametista,7.1404338602,5.0,7.5,7.055335968,8.002,5.63,6.875,8.393333333,6.0,9.0,,,,,,,
RA-922,2024,Aluno-922,2014,2014-12-03,9.0,Feminino,2023,Pública,EE Francisco de Paula Teixeira,Cursando,FASE 1,1.0,1C,1C,FASE 1,1.0,Fase 1 (3° e 4° ano),0,0.0,False,0.0,Adequado,0.0,Topázio,8.5209954545,10.0,7.75,9.5227272725,9.002,7.51,7.8125,8.17,7.5,8.0,,,,,,,
RA-684,2024,Aluno-684,2015,2015-01-15,9.0,Masculino,2022,Privada,Recanto Betânia Centro Educacional,Cursando,FASE 1,1.0,1C,1C,FASE 1,1.0,Fase 1 (3° e 4° ano),0,0.0,False,0.0,Adequado,0.0,Ametista,7.769381818200001,10.0,4.25,9.090909091,10.002,7.51,7.5,8.0,2.5,6.0,,,,,,,
RA-1031,2024,Aluno-1031,2013,2013-03-13,11.0,Masculino,2023,Pública,EE Joaquim Mendes Feliz,Cursando,FASE 1,1.0,1C,1C,FASE 2,2.0,Fase 2 (5° e 6° ano),-1,-1.0,False,-1.0,Defasado,1.0,Ágata,6.8757227273,5.0,6.25,8.6363636365,9.502,7.51,5.3125,5.83,5.5,7.0,,,,,,,
RA-892,2024,Aluno-892,2015,2015-01-16,9.0,Masculino,2023,Pública,EE Dom Pedro Villas Boas de Souza,Cursando,FASE 1,1.0,1C,1C,FASE 1,1.0,Fase 1 (3° e 4° ano),0,0.0,False,0.0,Adequado,0.0,Topázio,8.697700000000001,10.0,8.75,10.0,8.002,7.51,8.125,7.92,10.0,7.5,,,,,,,
RA-1029,2024,Aluno-1029,2014,2014-02-22,10.0,Feminino,2023,Pública,EE Dom Pedro Villas Boas de Souza,Cursando,FASE 1,1.0,1C,1C,FASE 2,2.0,Fase 2 (5° e 6° ano),-1,-1.0,False,-1.0,Defasado,1.0,Ametista,7.797790909100001,5.0,8.75,8.7954545455,9.002,6.885,7.5,7.25,8.0,9.5,,,,,,,
RA-1032,2024,Aluno-1032,2013,2013-06-05,11.0,Masculino,2023,Pública,EE Joaquim Mendes Feliz,Cursando,FASE 1,1.0,1C,1C,FASE 2,2.0,Fase 2 (5° e 6° ano),-1,-1.0,False,-1.0,Defasado,1.0,Topázio,8.01645,5.0,8.0,9.75,8.502,7.51,7.8125,7.92,9.0,7.0,,,,,,,
RA-894,2024,Aluno-894,2014,2014-04-14,10.0,Feminino,2023,Pública,EE Dom Pedro Villas Boas de Souza,Cursando,FASE 1,1.0,1C,1C,FASE 2,2.0,Fase 2 (5° e 6° ano),-1,-1.0,False,-1.0,Defasado,1.0,Topázio,8.67895,5.0,9.5,10.0,10.002,7.51,8.4375,8.42,9.0,10.0,,,,,,,
RA-1401,2024,Aluno-1401,2011,2011-04-30,13.0,Masculino,2024,Pública,EE Paschoal Carlos Magno,Cursando,FASE 1,1.0,1C,1C,FASE 3,3.0,Fase 3 (7° e 8° ano),-2,-2.0,False,-2.0,Defasado,1.0,Topázio,8.1188277778,5.0,10.0,8.888888889,6.918,7.51,7.8125,8.085,10.0,10.0,,,,,,,
RA-896,2024,Aluno-896,2015,2015-12-24,8.0,Masculino,2023,Pública,EE Dom Pedro Villas Boas de Souza,Cursando,FASE 1,1.0,1C,1C,FASE 1,1.0,Fase 1 (3° e 4° ano),0,0.0,False,0.0,Adequado,0.0,Topázio,8.2852454545,10.0,6.5,9.7727272725,8.502,7.51,8.125,8.085,6.5,6.5,,,,,,,
RA-693,2024,Aluno-693,2015,2015-04-03,9.0,Feminino,2022,Pública,EE Dom Pedro Villas Boas de Souza,Cursando,FASE 1,1.0,1C,1C,FASE 1,1.0,Fase 1 (3° e 4° ano),0,0.0,False,0.0,Adequado,0.0,Topázio,8.9079954545,10.0,8.0,9.5227272725,10.002,9.38,7.8125,8.42,8.0,8.0,,,,,,,
RA-743,2024,Aluno-743,2013,2013-08-31,11.0,Feminino,2022,Pública,EE Dom Pedro Villas Boas de Souza,Cursando,FASE 1,1.0,1C,1C,FASE 2,2.0,Fase 2 (5° e 6° ano),-1,-1.0,False,-1.0,Defasado,1.0,Ametista,7.655745454500001,5.0,7.0,9.2727272725,9.002,7.51,7.5,7.5,6.5,7.5,,,,,,,
RA-681,2024,Aluno-681,2012,2012-12-14,11.0,Masculino,2022,Privada,João Friaza Colégio,Cursando,FASE 1,1.0,1C,1C,FASE 2,2.0,Fase 2 (5° e 6° ano),-1,-1.0,False,-1.0,Defasado,1.0,Ágata,6.0398818182000005,5.0,2.5,7.840909091,9.502,6.26,5.625,6.665,5.0,0.0,,,,,,,
RA-1035,2024,Aluno-1035,2014,2014-01-31,10.0,Masculino,2023,Pública,EE Dom Pedro Villas Boas de Souza,Cursando,FASE 1,1.0,1C,1C,FASE 2,2.0,Fase 2 (5° e 6° ano),-1,-1.0,False,-1.0,Defasado,1.0,Ametista,7.833495454500001,5.0,7.0,9.0227272725,9.502,7.51,8.4375,7.92,6.5,7.5,,,,,,,
RA-850,2024,Aluno-850,2014,2014-01-22,10.0,Masculino,2022,Pública,EE Chácara Florida II,Cursando,FASE 1,1.0,1C,1C,FASE 2,2.0,Fase 2 (5° e 6° ano),-1,-1.0,False,-1.0,Defasado,1.0,Ametista,7.864245454500001,5.0,7.75,9.2727272725,10.002,6.255,7.5,7.92,6.0,9.5,,,,,,,
RA-1402,2024,Aluno-1402,2014,2014-07-07,10.0,Feminino,2024,Pública,EE Dom Pedro Villas Boas de Souza,Cursando,FASE 1,1.0,1D,1D,FASE 1,1.0,Fase 1 (3° e 4° ano),0,0.0,False,0.0,Adequado,0.0,Topázio,8.588040909100002,10.0,7.25,9.5454545455,10.002,7.51,8.4375,8.17,7.0,7.5,,,,,,,
RA-1403,2024,Aluno-1403,2013,2013-06-08,11.0,Feminino,2024,Pública,EE Joaquim Mendes Feliz,Cursando,FASE 1,1.0,1D,1D,FASE 2,2.0,Fase 2 (5° e 6° ano),-1,-1.0,False,-1.0,Defasado,1.0,Topázio,8.257421861500001,5.0,8.75,9.3073593075,9.002,7.51,8.4375,8.255,7.5,10.0,,,,,,,
RA-1404,2024,Aluno-1404,2014,2014-12-25,9.0,Feminino,2024,Pública,EE Dom Pedro Villas Boas de Souza,Cursando,FASE 1,1.0,1D,1D,FASE 1,1.0,Fase 1 (3° e 4° ano),0,0.0,False,0.0,Adequado,0.0,Topázio,8.3971318182,10.0,7.5,9.090909091,8.502,7.51,8.4375,8.17,6.0,9.0,,,,,,,
RA-923,2024,Aluno-923,2015,2015-04-01,9.0,Feminino,2023,Pública,EE Dom Pedro Villas Boas de Souza,Cursando,FASE 1,1.0,1D,1D,FASE 1,1.0,Fase 1 (3° e 4° ano),0,0.0,False,0.0,Adequado,0.0,Ametista,7.688609090900001,10.0,5.5,7.9545454545,8.002,7.51,8.125,8.17,5.0,6.0,,,,,,,
RA-847,2024,Aluno-847,2013,2013-04-30,11.0,Masculino,2022,Pública,EE Paschoal Carlos Magno,Cursando,FASE 1,1.0,1D,1D,FASE 2,2.0,Fase 2 (5° e 6° ano),-1,-1.0,False,-1.0,Defasado,1.0,Quartzo,5.009290909100001,5.0,1.0,4.5454545455,9.002,5.01,7.5,6.245,0.0,2.0,,,,,,,
RA-1405,2024,Aluno-1405,2014,2014-09-29,10.0,Feminino,2024,Pública,EE Dom Pedro Villas Boas de Souza,Cursando,FASE 1,1.0,1D,1D,FASE 1,1.0,Fase 1 (3° e 4° ano),0,0.0,False,0.0,Adequado,0.0,Topázio,8.4749727273,10.0,8.75,8.6363636365,8.002,7.51,8.125,8.17,8.0,9.5,,,,,,,
RA-1406,2024,Aluno-1406,2014,2014-04-10,10.0,Feminino,2024,Pública,EE Joaquim Mendes Feliz,Cursando,FASE 1,1.0,1D,1D,FASE 2,2.0,Fase 2 (5° e 6° ano),-1,-1.0,False,-1.0,Defasado,1.0,Ametista,7.8186772727000005,5.0,7.5,8.8636363635,8.002,7.51,8.4375,8.255,5.5,9.5,,,,,,,
RA-1407,2024,Aluno-1407,2014,2014-06-01,10.0,Masculino,2024,Pública,EE Joaquim Mendes Feliz,Cursando,FASE 1,1.0,1D,1D,FASE 2,2.0,Fase 2 (5° e 6° ano),-1,-1.0,False,-1.0,Defasado,1.0,Ametista,7.546086363600001,5.0,5.75,9.318181818,10.002,7.51,7.8125,7.5,5.5,6.0,,,,,,,
RA-1408,2024,Aluno-1408,2013,2013-07-22,11.0,Masculino,2024,Pública,EE Dom Pedro Villas Boas de Souza,Cursando,FASE 1,1.0,1D,1D,FASE 2,2.0,Fase 2 (5° e 6° ano),-1,-1.0,False,-1.0,Defasado,1.0,Ametista,7.626768181800001,5.0,6.75,8.409090909,10.002,7.51,8.4375,7.5,5.5,8.0,,,,,,,
RA-1409,2024,Aluno-1409,2014,2014-02-04,10.0,Masculino,2024,Pública,EE Dom Pedro Villas Boas de Souza,Cursando,FASE 1,1.0,1D,1D,FASE 2,2.0,Fase 2 (5° e 6° ano),-1,-1.0,False,-1.0,Defasado,1.0,Ametista,7.863131818100001,5.0,7.25,9.0909090905,10.002,7.51,8.4375,7.5,7.5,7.0,,,,,,,
RA-1410,2024,Aluno-1410,2013,2013-10-28,11.0,Masculino,2024,Pública,EE Levi Pereira Martins Professor,Cursando,FASE 1,1.0,1E,1E,FASE 2,2.0,Fase 2 (5° e 6° ano),-1,-1.0,False,-1.0,Defasado,1.0,Ametista,7.5319272727,5.0,6.25,8.1136363635,9.002,7.51,8.75,8.165,6.5,6.0,,,,,,,
RA-874,2024,Aluno-874,2013,2013-11-17,10.0,Masculino,2023,Pública,EE Chácara Florida II,Cursando,FASE 1,1.0,1E,1E,FASE 2,2.0,Fase 2 (5° e 6° ano),-1,-1.0,False,-1.0,Defasado,1.0,Ametista,7.0235939394,5.0,7.75,4.696969697,9.502,6.26,8.75,7.915,6.0,9.5,,,,,,,
RA-1411,2024,Aluno-1411,2013,2013-02-25,11.0,Masculino,2024,Pública,EE Alexandre Rodrigues Nogueira,Cursando,FASE 1,1.0,1E,1E,FASE 2,2.0,Fase 2 (5° e 6° ano),-1,-1.0,False,-1.0,Defasado,1.0,Ágata,6.886950000000001,5.0,2.75,9.5,9.002,6.26,8.4375,7.835,5.5,0.0,,,,,,,
RA-1412,2024,Aluno-1412,2014,2014-09-10,10.0,Masculino,2024,Pública,EE Chácara Florida II,Cursando,FASE 1,1.0,1E,1E,FASE 1,1.0,Fase 1 (3° e 4° ano),0,0.0,False,0.0,Adequado,0.0,Topázio,9.204671861500001,10.0,9.75,9.3073593075,10.002,7.51,8.75,8.835,10.0,9.5,,,,,,,
RA-690,2024,Aluno-690,2013,2013-09-01,11.0,Feminino,2022,Pública,EE Dom Pedro Villas Boas de Souza,Cursando,FASE 1,1.0,1E,1E,FASE 2,2.0,Fase 2 (5° e 6° ano),-1,-1.0,False,-1.0,Defasado,1.0,Ametista,7.3853681818000005,5.0,6.25,8.409090909,7.918,7.51,8.4375,7.835,7.5,5.0,,,,,,,
RA-1413,2024,Aluno-1413,2012,2012-03-21,12.0,Masculino,2024,Pública,EE Olivia de Faria Nogueira,Cursando,FASE 1,1.0,1E,1E,FASE 3,3.0,Fase 3 (7° e 8° ano),-2,-2.0,False,-2.0,Defasado,1.0,Ametista,7.747564718600001,5.0,7.25,8.593073593,9.002,7.51,8.4375,7.92,7.5,7.0,,,,,,,
RA-1414,2024,Aluno-1414,2014,2014-10-26,10.0,Feminino,2024,Pública,EM Etelvina Delfim Simões,Cursando,FASE 1,1.0,1E,1E,FASE 1,1.0,Fase 1 (3° e 4° ano),0,0.0,False,0.0,Adequado,0.0,Topázio,8.840007359300001,10.0,8.5,9.2965367965,9.502,6.885,8.75,8.835,10.0,7.0,,,,,,,
RA-995,2024,Aluno-995,2012,2012-04-02,12.0,Feminino,2023,Pública,EE Mario Francisco de Amorim,Cursando,FASE 1,1.0,1E,1E,FASE 3,3.0,Fase 3 (7° e 8° ano),-2,-2.0,False,-2.0,Defasado,1.0,Quartzo,5.110372077899999,5.0,2.0,5.3896103895,10.002,5.635,7.1875,4.25,0.0,4.0,,,,,,,
RA-853,2024,Aluno-853,2014,2014-07-19,10.0,Feminino,2022,Pública,EM Maria Ignez Concelles Irma Ines,Cursando,FASE 1,1.0,1G,1G,FASE 1,1.0,Fase 1 (3° e 4° ano),0,0.0,False,0.0,Adequado,0.0,Ametista,7.986866666600001,10.0,6.25,9.5833333335,8.502,6.26,8.333333333,7.553333333,6.5,6.0,,,,,,,
RA-854,2024,Aluno-854,2014,2014-11-08,9.0,Feminino,2022,Pública,EM Maria Ignez Concelles Irma Ines,Cursando,FASE 1,1.0,1G,1G,FASE 1,1.0,Fase 1 (3° e 4° ano),0,0.0,False,0.0,Adequado,0.0,Ametista,7.826199999900001,10.0,7.0,10.0,9.502,6.26,5.833333333,6.333333333,7.0,7.0,,,,,,,
RA-1415,2024,Aluno-1415,2014,2014-05-17,10.0,Feminino,2024,Pública,EM Maria Ignez Concelles Irma Ines,Cursando,FASE 1,1.0,1G,1G,FASE 2,2.0,Fase 2 (5° e 6° ano),-1,-1.0,False,-1.0,Defasado,1.0,Ametista,7.3712454546,5.0,6.75,9.7727272725,8.002,6.26,7.291666667,7.056666667,6.5,7.0,,,,,,,
RA-842,2024,Aluno-842,2014,2014-05-13,10.0,Feminino,2022,Pública,EM Etelvina Delfim Simões,Cursando,FASE 1,1.0,1G,1G,FASE 2,2.0,Fase 2 (5° e 6° ano),-1,-1.0,False,-1.0,Defasado,1.0,Ametista,7.072914756400001,5.0,7.5,7.549407115,8.502,6.26,6.875,6.996666667,6.0,9.0,,,,,,,
RA-700,2024,Aluno-700,2013,2013-10-29,11.0,Feminino,2022,Pública,EM Maria Ignez Concelles Irma Ines,Cursando,FASE 1,1.0,1G,1G,FASE 2,2.0,Fase 2 (5° e 6° ano),-1,-1.0,False,-1.0,Defasado,1.0,Ametista,7.005745454500001,5.0,5.25,9.564393939,8.502,5.635,7.291666667,7.0,5.0,5.5,,,,,,,
RA-1416,2024,Aluno-1416,2012,2012-10-06,12.0,Feminino,2024,Pública,EE Loris Nassif Mattar Profa,Cursando,FASE 1,1.0,1G,1G,FASE 2,2.0,Fase 2 (5° e 6° ano),-1,-1.0,False,-1.0,Defasado,1.0,Ametista,7.375503030400001,5.0,7.75,8.2765151515,8.502,7.51,7.916666667,6.386666667,6.5,9.0,,,,,,,
RA-911,2024,Aluno-911,2012,2012-05-19,12.0,Masculino,2023,Pública,EE Leonice de Aquino Oliveira,Cursando,FASE 1,1.0,1G,1G,FASE 3,3.0,Fase 3 (7° e 8° ano),-2,-2.0,False,-2.0,Defasado,1.0,Quartzo,5.4552454547,5.0,4.5,4.772727273,8.002,7.51,6.041666667,4.726666667,5.0,4.0,,,,,,,
RA-859,2024,Aluno-859,2015,2015-03-20,9.0,Feminino,2022,Pública,EM Maria Ignez Concelles Irma Ines,Cursando,FASE 1,1.0,1G,1G,FASE 1,1.0,Fase 1 (3° e 4° ano),0,0.0,False,0.0,Adequado,0.0,Topázio,8.5817909091,10.0,8.0,9.337121212,8.002,7.51,8.958333333,8.336666667,8.0,8.0,,,,,,,
RA-860,2024,Aluno-860,2015,2015-01-08,9.0,Masculino,2022,Pública,EM Maria Ignez Concelles Irma Ines,Cursando,FASE 1,1.0,1G,1G,FASE 1,1.0,Fase 1 (3° e 4° ano),0,0.0,False,0.0,Adequado,0.0,Topázio,8.7738666667,10.0,8.5,9.7916666665,9.002,7.51,8.75,7.946666667,8.0,9.0,,,,,,,
RA-727,2024,Aluno-727,2014,2014-08-11,10.0,Masculino,2022,Pública,EE Dom Pedro Villas Boas de Souza,Cursando,FASE 1,1.0,1G,1G,FASE 1,1.0,Fase 1 (3° e 4° ano),0,0.0,False,0.0,Adequado,0.0,Topázio,8.447003030300001,10.0,8.5,8.4848484845,10.002,6.26,8.125,8.056666667,10.0,7.0,,,,,,,
RA-1417,2024,Aluno-1417,2014,2014-04-29,10.0,Masculino,2024,Pública,EE Dom Pedro Villas Boas de Souza,Cursando,FASE 1,1.0,1G,1G,FASE 2,2.0,Fase 2 (5° e 6° ano),-1,-1.0,False,-1.0,Defasado,1.0,Ametista,7.7436242424,5.0,9.0,9.337121212,9.002,7.51,6.25,6.5,10.0,8.0,,,,,,,
RA-910,2024,Aluno-910,2015,2015-01-23,9.0,Masculino,2023,Pública,EM Etelvina Delfim Simões,Cursando,FASE 1,1.0,1G,1G,FASE 1,1.0,Fase 1 (3° e 4° ano),0,0.0,False,0.0,Adequado,0.0,Topázio,8.1163818182,10.0,7.5,8.674242424500001,8.502,7.51,7.916666667,7.443333333,9.0,6.0,,,,,,,
RA-840,2024,Aluno-840,2014,2014-02-02,10.0,Masculino,2022,Pública,EM Maria Ignez Concelles Irma Ines,Cursando,FASE 1,1.0,1G,1G,FASE 1,1.0,Fase 1 (3° e 4° ano),0,0.0,False,0.0,Adequado,0.0,Topázio,8.5912909091,10.0,8.0,9.337121212,9.502,7.51,8.333333333,7.946666667,7.0,9.0,,,,,,,
RA-926,2024,Aluno-926,2014,2014-06-15,10.0,Feminino,2023,Pública,EM Maria Ignez Concelles Irma Ines,Cursando,FASE 1,1.0,1G,1G,FASE 2,2.0,Fase 2 (5° e 6° ano),-1,-1.0,False,-1.0,Defasado,1.0,Ametista,7.7830787878,5.0,7.0,9.7727272725,9.002,7.51,8.333333333,7.22,7.0,7.0,,,,,,,
RA-1418,2024,Aluno-1418,2013,2013-07-18,11.0,Masculino,2024,Pública,EM Pedro Antonio de Almeida,Cursando,FASE 1,1.0,1G,1G,FASE 2,2.0,Fase 2 (5° e 6° ano),-1,-1.0,False,-1.0,Defasado,1.0,Ametista,7.7352909091000015,5.0,8.25,9.128787879,8.502,7.51,7.916666667,6.833333333,8.5,8.0,,,,,,,
RA-927,2024,Aluno-927,2014,2014-06-11,10.0,Feminino,2023,Pública,EM Maria Ignez Concelles Irma Ines,Cursando,FASE 1,1.0,1G,1G,FASE 1,1.0,Fase 1 (3° e 4° ano),0,0.0,False,0.0,Adequado,0.0,Ametista,7.9921696969000005,10.0,6.5,9.318181818,8.002,7.51,8.333333333,7.22,7.0,6.0,,,,,,,
RA-672,2024,Aluno-672,2013,2013-08-26,11.0,Feminino,2021,Pública,EM Etelvina Delfim Simões,Cursando,FASE 1,1.0,1H,1H,FASE 2,2.0,Fase 2 (5° e 6° ano),-1,-1.0,False,-1.0,Defasado,1.0,Quartzo,4.2118138341,5.0,0.0,3.9525691700000003,7.918,6.26,6.041666667,4.496666667,0.0,0.0,,,,,,,
RA-1043,2024,Aluno-1043,2013,2013-06-29,11.0,Masculino,2023,Pública,EE João Ortiz Rodrigues,Cursando,FASE 1,1.0,1H,1H,FASE 2,2.0,Fase 2 (5° e 6° ano),-1,-1.0,False,-1.0,Defasado,1.0,Ametista,7.539847562500002,5.0,8.25,7.994071146,10.002,7.51,7.291666667,6.553333333,8.5,8.0,,,,,,,
RA-738,2024,Aluno-738,2014,2014-02-05,10.0,Feminino,2022,Pública,EM Maria Ignez Concelles Irma Ines,Cursando,FASE 1,1.0,1H,1H,FASE 2,2.0,Fase 2 (5° e 6° ano),-1,-1.0,False,-1.0,Defasado,1.0,Ametista,7.2626980238000005,5.0,7.25,7.292490119,10.002,6.885,6.875,7.39,7.5,7.0,,,,,,,
RA-1419,2024,Aluno-1419,2014,2014-08-17,10.0,Feminino,2024,Pública,EM Pedro Antonio de Almeida,Cursando,FASE 1,1.0,1H,1H,FASE 1,1.0,Fase 1 (3° e 4° ano),0,0.0,False,0.0,Adequado,0.0,Topázio,8.7536999999,10.0,7.5,10.0,8.502,7.51,8.958333333,8.783333333,6.0,9.0,,,,,,,
RA-704,2024,Aluno-704,2012,2012-08-11,12.0,Masculino,2022,Pública,EE João Ortiz Rodrigues,Cursando,FASE 1,1.0,1H,1H,FASE 2,2.0,Fase 2 (5° e 6° ano),-1,-1.0,False,-1.0,Defasado,1.0,Ágata,6.8121156785000005,5.0,6.5,8.646245059,7.502,5.635,6.458333333,6.616666667,6.0,7.0,,,,,,,
RA-705,2024,Aluno-705,2012,2012-10-29,12.0,Masculino,2022,Pública,EE João Ortiz Rodrigues,Cursando,FASE 1,1.0,1H,1H,FASE 2,2.0,Fase 2 (5° e 6° ano),-1,-1.0,False,-1.0,Defasado,1.0,Quartzo,5.294247619100001,5.0,3.5,6.4285714285,9.002,5.005,5.625,4.226666667,2.0,5.0,,,,,,,
RA-822,2024,Aluno-822,2012,2012-02-03,12.0,Masculino,2022,Pública,EE João Ortiz Rodrigues,Cursando,FASE 1,1.0,1H,1H,FASE 3,3.0,Fase 3 (7° e 8° ano),-2,-2.0,False,-2.0,Defasado,1.0,Quartzo,5.2645678524,5.0,6.75,4.6245059285,0.0,5.01,6.666666667,6.61,7.5,6.0,,,,,,,
RA-740,2024,Aluno-740,2013,2013-08-18,11.0,Feminino,2022,Privada,Escola João Paulo II,Cursando,FASE 1,1.0,1H,1H,FASE 2,2.0,Fase 2 (5° e 6° ano),-1,-1.0,False,-1.0,Defasado,1.0,Topázio,8.1611005269,5.0,8.0,9.555335968,9.002,7.51,8.541666667,8.223333333,8.0,8.0,,,,,,,
RA-741,2024,Aluno-741,2012,2012-09-24,12.0,Feminino,2022,Pública,EE João Ortiz Rodrigues,Cursando,FASE 1,1.0,1H,1H,FASE 2,2.0,Fase 2 (5° e 6° ano),-1,-1.0,False,-1.0,Defasado,1.0,Quartzo,5.0795885374,5.0,3.75,5.2964426875,8.418,5.005,5.833333333,4.223333333,3.5,4.0,,,,,,,
RA-1420,2024,Aluno-1420,2012,2012-06-21,12.0,Masculino,2024,Pública,EE Olivia de Faria Nogueira,Cursando,FASE 1,1.0,1H,1H,FASE 3,3.0,Fase 3 (7° e 8° ano),-2,-2.0,False,-2.0,Defasado,1.0,Quartzo,5.6558,5.0,4.5,5.520833333500001,7.918,6.26,6.458333333,5.44,5.0,4.0,,,,,,,
RA-709,2024,Aluno-709,2012,2012-08-29,12.0,Feminino,2022,Pública,EE João Ortiz Rodrigues,Cursando,FASE 1,1.0,1H,1H,FASE 2,2.0,Fase 2 (5° e 6° ano),-1,-1.0,False,-1.0,Defasado,1.0,Ágata,6.833780895800001,5.0,6.0,7.994071146,7.418,7.51,6.875,6.773333333,6.0,6.0,,,,,,,
RA-1421,2024,Aluno-1421,2013,2013-10-14,11.0,Masculino,2024,Pública,EM Pedro Antonio de Almeida,Cursando,FASE 1,1.0,1H,1H,FASE 2,2.0,Fase 2 (5° e 6° ano),-1,-1.0,False,-1.0,Defasado,1.0,Ametista,7.126922222200001,5.0,7.5,6.777777778,9.002,7.51,6.875,7.163333333,8.0,7.0,,,,,,,
RA-1422,2024,Aluno-1422,2013,2013-02-24,11.0,Feminino,2024,Pública,EE João Ortiz Rodrigues,Cursando,FASE 1,1.0,1J,1J,FASE 2,2.0,Fase 2 (5° e 6° ano),-1,-1.0,False,-1.0,Defasado,1.0,Ametista,7.0132,5.0,4.75,7.5,9.502,7.51,8.125,7.7475,0.0,9.5,,,,,,,
RA-1423,2024,Aluno-1423,2013,2013-01-09,11.0,Masculino,2024,Pública,EE João Ortiz Rodrigues,Cursando,FASE 1,1.0,1J,1J,FASE 2,2.0,Fase 2 (5° e 6° ano),-1,-1.0,False,-1.0,Defasado,1.0,Ágata,6.403450000000001,5.0,5.75,5.3125,8.502,7.51,7.8125,6.5425,4.0,7.5,,,,,,,
RA-733,2024,Aluno-733,2013,2013-12-19,10.0,Feminino,2022,Pública,EM Pedro Antonio de Almeida,Cursando,FASE 1,1.0,1J,1J,FASE 2,2.0,Fase 2 (5° e 6° ano),-1,-1.0,False,-1.0,Defasado,1.0,Topázio,8.808825,5.0,9.25,10.0,10.002,7.51,8.90625,9.085,9.0,9.5,,,,,,,
RA-836,2024,Aluno-836,2013,2013-02-10,11.0,Masculino,2022,Pública,EE João Ortiz Rodrigues,Cursando,FASE 1,1.0,1J,1J,FASE 2,2.0,Fase 2 (5° e 6° ano),-1,-1.0,False,-1.0,Defasado,1.0,Ágata,6.0234537878,5.0,2.75,6.439393939,9.502,7.51,7.34375,6.25,5.5,0.0,,,,,,,
RA-1424,2024,Aluno-1424,2012,2012-07-19,12.0,Feminino,2024,Pública,EE João Ortiz Rodrigues,Cursando,FASE 1,1.0,1J,1J,FASE 2,2.0,Fase 2 (5° e 6° ano),-1,-1.0,False,-1.0,Defasado,1.0,Ametista,7.5543388889,5.0,7.25,8.9444444445,9.002,7.51,7.8125,6.915,7.5,7.0,,,,,,,
RA-1425,2024,Aluno-1425,2012,2012-10-19,12.0,Masculino,2024,Pública,EE João Ortiz Rodrigues,Cursando,FASE 1,1.0,1J,1J,FASE 2,2.0,Fase 2 (5° e 6° ano),-1,-1.0,False,-1.0,Defasado,1.0,Ágata,6.8290988095000005,5.0,7.0,6.7976190475,9.002,7.51,7.34375,5.92,6.0,8.0,,,,,,,
RA-1426,2024,Aluno-1426,2013,2013-04-08,11.0,Feminino,2023,Pública,EE Leonice de Aquino Oliveira,Cursando,FASE 1,1.0,1J,1J,FASE 2,2.0,Fase 2 (5° e 6° ano),-1,-1.0,False,-1.0,Defasado,1.0,Quartzo,5.8367476190000005,5.0,2.75,5.845238095,9.502,7.51,7.5,5.8325,5.5,0.0,,,,,,,
RA-716,2024,Aluno-716,2013,2013-03-23,11.0,Masculino,2022,Pública,EE João Ortiz Rodrigues,Cursando,FASE 1,1.0,1J,1J,FASE 2,2.0,Fase 2 (5° e 6° ano),-1,-1.0,False,-1.0,Defasado,1.0,Ágata,6.2372943675000005,5.0,5.75,5.5335968375,9.002,7.51,6.71875,5.7875,5.5,6.0,,,,,,,
RA-1049,2024,Aluno-1049,2013,2013-06-17,11.0,Masculino,2023,Pública,EE João Ortiz Rodrigues,Cursando,FASE 1,1.0,1J,1J,FASE 2,2.0,Fase 2 (5° e 6° ano),-1,-1.0,False,-1.0,Defasado,1.0,Ágata,6.821885606,5.0,4.5,8.03030303,9.502,7.51,7.65625,6.745,4.0,5.0,,,,,,,
RA-1427,2024,Aluno-1427,2013,2013-08-26,11.0,Feminino,2024,Pública,EM Maria Ignez Concelles Irma Ines,Cursando,FASE 1,1.0,1J,1J,FASE 2,2.0,Fase 2 (5° e 6° ano),-1,-1.0,False,-1.0,Defasado,1.0,Topázio,8.425325,5.0,8.0,10.0,9.502,7.51,8.90625,8.6675,6.5,9.5,,,,,,,
RA-1052,2024,Aluno-1052,2014,2014-06-04,10.0,Masculino,2023,Pública,EM Maria Ignez Concelles Irma Ines,Cursando,FASE 1,1.0,1J,1J,FASE 2,2.0,Fase 2 (5° e 6° ano),-1,-1.0,False,-1.0,Defasado,1.0,Ametista,7.744032575800001,5.0,8.25,9.128787879,5.834,6.26,8.59375,8.4975,8.5,8.0,,,,,,,
RA-719,2024,Aluno-719,2012,2012-10-03,12.0,Masculino,2021,Pública,EE João Ortiz Rodrigues,Cursando,FASE 1,1.0,1J,1J,FASE 2,2.0,Fase 2 (5° e 6° ano),-1,-1.0,False,-1.0,Defasado,1.0,Ametista,7.1193969697,5.0,6.5,7.3484848485,10.002,7.51,7.5,6.7425,5.0,8.0,,,,,,,
RA-1055,2024,Aluno-1055,2012,2012-02-18,12.0,Masculino,2023,Pública,EE Loris Nassif Mattar Profa,Cursando,FASE 1,1.0,1J,1J,FASE 3,3.0,Fase 3 (7° e 8° ano),-2,-2.0,False,-2.0,Defasado,1.0,Ágata,6.403040909100001,5.0,5.5,5.7954545455,10.002,7.51,7.1875,5.87,4.0,7.0,,,,,,,
RA-747,2024,Aluno-747,2011,2011-11-30,12.0,Feminino,2022,Pública,EM Cecilia Cristina de Oliveira Rodrigues,Cursando,FASE 1,1.0,1K,1K,FASE 3,3.0,Fase 3 (7° e 8° ano),-2,-2.0,False,-2.0,Defasado,1.0,Quartzo,5.8450809523,5.0,2.25,8.095238095,10.002,5.005,7.083333333,5.335,4.5,0.0,,,,,,,
RA-928,2024,Aluno-928,2015,2015-04-14,9.0,Feminino,2023,Pública,EM Amanda Consuelo da Cunha,Cursando,FASE 1,1.0,1K,1K,FASE 1,1.0,Fase 1 (3° e 4° ano),0,0.0,False,0.0,Adequado,0.0,Topázio,8.8733666667,10.0,8.75,10.0,8.002,7.51,8.541666667,8.59,8.5,9.0,,,,,,,
RA-748,2024,Aluno-748,2013,2013-06-08,11.0,Masculino,2021,Pública,EE Maria André Schunck Dona,Cursando,FASE 1,1.0,1K,1K,FASE 2,2.0,Fase 2 (5° e 6° ano),-1,-1.0,False,-1.0,Defasado,1.0,Topázio,8.2272,5.0,7.75,10.0,9.502,7.51,8.75,8.005,7.5,8.0,,,,,,,
RA-769,2024,Aluno-769,2013,2013-08-23,11.0,Feminino,2022,Pública,EM Cecilia Cristina de Oliveira Rodrigues,Cursando,FASE 1,1.0,1K,1K,FASE 2,2.0,Fase 2 (5° e 6° ano),-1,-1.0,False,-1.0,Defasado,1.0,Ametista,7.099342857200002,5.0,6.0,5.9523809525,10.002,7.51,7.916666667,8.33,6.0,6.0,,,,,,,
RA-876,2024,Aluno-876,2015,2015-04-11,9.0,Masculino,2023,Pública,EM Etelvina Delfim Simões,Cursando,FASE 1,1.0,1K,1K,FASE 1,1.0,Fase 1 (3° e 4° ano),0,0.0,False,0.0,Adequado,0.0,Ametista,7.612057142800001,10.0,3.75,9.0476190475,8.502,7.51,8.333333333,8.09,7.5,0.0,,,,,,,
RA-776,2024,Aluno-776,2013,2013-06-02,11.0,Feminino,2022,Pública,EM Cecilia Cristina de Oliveira Rodrigues,Cursando,FASE 1,1.0,1K,1K,FASE 2,2.0,Fase 2 (5° e 6° ano),-1,-1.0,False,-1.0,Defasado,1.0,Quartzo,5.178509523800001,5.0,0.0,5.9523809525,7.917,5.63,8.333333333,6.5,0.0,0.0,,,,,,,
RA-753,2024,Aluno-753,2014,2014-06-11,10.0,Feminino,2022,Pública,EE Jardim Campestre,Cursando,FASE 1,1.0,1K,1K,FASE 2,2.0,Fase 2 (5° e 6° ano),-1,-1.0,False,-1.0,Defasado,1.0,Topázio,8.2450571429,5.0,8.5,9.047619048,10.002,7.51,8.333333333,8.255,9.0,8.0,,,,,,,
RA-601,2024,Aluno-601,2014,2014-06-19,10.0,Masculino,2021,Pública,EE Helio Luiz Dobrochinski Prof,Cursando,FASE 1,1.0,1K,1K,FASE 2,2.0,Fase 2 (5° e 6° ano),-1,-1.0,False,-1.0,Defasado,1.0,Topázio,8.5107,5.0,8.75,10.0,9.502,7.505,8.75,8.425,9.5,8.0,,,,,,,
RA-955,2024,Aluno-955,2013,2013-04-28,11.0,Feminino,2023,Pública,EE Maria André Schunck Dona,Cursando,FASE 1,1.0,1K,1K,FASE 2,2.0,Fase 2 (5° e 6° ano),-1,-1.0,False,-1.0,Defasado,1.0,Ágata,6.245452381,5.0,5.75,6.904761905,0.0,7.51,8.125,8.255,6.5,5.0,,,,,,,
RA-831,2024,Aluno-831,2013,2013-12-19,10.0,Masculino,2022,Pública,EM Cecilia Cristina de Oliveira Rodrigues,Cursando,FASE 1,1.0,1K,1K,FASE 2,2.0,Fase 2 (5° e 6° ano),-1,-1.0,False,-1.0,Defasado,1.0,Topázio,8.0066285715,5.0,7.75,9.523809524,10.002,6.26,7.916666667,8.17,6.5,9.0,,,,,,,
RA-1067,2024,Aluno-1067,2013,2013-08-21,11.0,Masculino,2023,Pública,EM Cecilia Cristina de Oliveira Rodrigues,Cursando,FASE 1,1.0,1K,1K,FASE 2,2.0,Fase 2 (5° e 6° ano),-1,-1.0,False,-1.0,Defasado,1.0,Ametista,7.840033333300001,5.0,6.75,8.333333332999999,10.002,7.51,8.541666667,8.59,6.5,7.0,,,,,,,
RA-1058,2024,Aluno-1058,2014,2014-04-09,10.0,Feminino,2023,Pública,EE Helio Luiz Dobrochinski Prof,Cursando,FASE 1,1.0,1K,1K,FASE 2,2.0,Fase 2 (5° e 6° ano),-1,-1.0,False,-1.0,Defasado,1.0,Ametista,7.703347619,5.0,7.75,8.095238095,9.168,6.88,8.125,8.085,7.5,8.0,,,,,,,
RA-757,2024,Aluno-757,2013,2013-02-28,11.0,Feminino,2022,Pública,EE Maria André Schunck Dona,Cursando,FASE 1,1.0,1K,1K,FASE 2,2.0,Fase 2 (5° e 6° ano),-1,-1.0,False,-1.0,Defasado,1.0,Ametista,7.938842857200001,5.0,7.0,9.285714286000001,9.502,7.51,8.125,8.34,6.5,7.5,,,,,,,
RA-794,2024,Aluno-794,2014,2014-10-08,10.0,Feminino,2022,Pública,EE Helio Luiz Dobrochinski Prof,Cursando,FASE 1,1.0,1K,1K,FASE 1,1.0,Fase 1 (3° e 4° ano),0,0.0,False,0.0,Adequado,0.0,Ametista,7.145652380900001,10.0,3.0,6.9047619045,9.502,7.51,8.125,8.255,6.0,0.0,,,,,,,
RA-960,2024,Aluno-960,2013,2013-05-17,11.0,Masculino,2023,Pública,EM Cecilia Cristina de Oliveira Rodrigues,Cursando,FASE 1,1.0,1K,1K,FASE 2,2.0,Fase 2 (5° e 6° ano),-1,-1.0,False,-1.0,Defasado,1.0,Quartzo,5.286047619,5.0,3.0,8.095238095,0.0,7.51,7.5,5.33,6.0,0.0,,,,,,,
RA-587,2024,Aluno-587,2012,2012-04-04,12.0,Masculino,2022,Pública,EM Cecilia Cristina de Oliveira Rodrigues,Cursando,FASE 1,1.0,1L,1L,FASE 3,3.0,Fase 3 (7° e 8° ano),-2,-2.0,False,-2.0,Defasado,1.0,Ágata,6.817057142900001,5.0,6.25,7.380952381,9.002,7.51,7.916666667,5.74,6.5,6.0,,,,,,,
RA-826,2024,Aluno-826,2014,2014-03-06,10.0,Masculino,2022,Pública,EM Cecilia Cristina de Oliveira Rodrigues,Cursando,FASE 1,1.0,1L,1L,FASE 2,2.0,Fase 2 (5° e 6° ano),-1,-1.0,False,-1.0,Defasado,1.0,Ametista,7.9442,5.0,6.75,10.0,10.002,6.26,7.5,8.59,5.5,8.0,,,,,,,
RA-789,2024,Aluno-789,2015,2015-01-14,9.0,Feminino,2022,Pública,EE Helio Luiz Dobrochinski Prof,Cursando,FASE 1,1.0,1L,1L,FASE 1,1.0,Fase 1 (3° e 4° ano),0,0.0,False,0.0,Adequado,0.0,Topázio,8.0443904763,10.0,5.25,9.047619048,9.002,7.51,9.166666667,8.085,5.5,5.0,,,,,,,
RA-1056,2024,Aluno-1056,2014,2014-04-30,10.0,Masculino,2023,Pública,EM Amanda Consuelo da Cunha,Cursando,FASE 1,1.0,1L,1L,FASE 2,2.0,Fase 2 (5° e 6° ano),-1,-1.0,False,-1.0,Defasado,1.0,Topázio,8.192009523800001,5.0,8.25,9.2857142855,8.502,7.51,9.166666667,8.335,8.5,8.0,,,,,,,
RA-1428,2024,Aluno-1428,2013,2013-12-02,10.0,Masculino,2024,Pública,EM Cecilia Cristina de Oliveira Rodrigues,Cursando,FASE 1,1.0,1L,1L,FASE 2,2.0,Fase 2 (5° e 6° ano),-1,-1.0,False,-1.0,Defasado,1.0,Topázio,8.006108496800001,5.0,8.0,8.8562091505,8.502,7.51,9.166666667,8.085,7.0,9.0,,,,,,,
RA-830,2024,Aluno-830,2013,2013-10-30,11.0,Feminino,2022,Pública,EM Cecilia Cristina de Oliveira Rodrigues,Cursando,FASE 1,1.0,1L,1L,FASE 2,2.0,Fase 2 (5° e 6° ano),-1,-1.0,False,-1.0,Defasado,1.0,Ametista,7.1373428571,5.0,6.75,7.619047619,9.002,5.63,8.333333333,7.335,6.5,7.0,,,,,,,
RA-780,2024,Aluno-780,2013,2013-08-22,11.0,Feminino,2022,Pública,EM Cecilia Cristina de Oliveira Rodrigues,Cursando,FASE 1,1.0,1L,1L,FASE 2,2.0,Fase 2 (5° e 6° ano),-1,-1.0,False,-1.0,Defasado,1.0,Ametista,7.7430333333,5.0,6.0,10.0,9.502,5.63,8.958333333,8.17,6.0,6.0,,,,,,,
RA-1057,2024,Aluno-1057,2014,2014-01-17,10.0,Feminino,2023,Pública,EE Helio Luiz Dobrochinski Prof,Cursando,FASE 1,1.0,1L,1L,FASE 2,2.0,Fase 2 (5° e 6° ano),-1,-1.0,False,-1.0,Defasado,1.0,Topázio,8.2352,5.0,8.0,10.0,10.002,6.26,8.75,8.17,8.0,8.0,,,,,,,
RA-1062,2024,Aluno-1062,2014,2014-01-10,10.0,Masculino,2023,Pública,EM Alfredo Schunk,Cursando,FASE 1,1.0,1L,1L,FASE 2,2.0,Fase 2 (5° e 6° ano),-1,-1.0,False,-1.0,Defasado,1.0,Ametista,7.6147238096,5.0,7.25,9.047619048,8.002,5.63,8.75,8.085,6.5,8.0,,,,,,,
RA-1429,2024,Aluno-1429,2013,2013-07-05,11.0,Masculino,2024,Pública,EE Helio Luiz Dobrochinski Prof,Cursando,FASE 1,1.0,1L,1L,FASE 2,2.0,Fase 2 (5° e 6° ano),-1,-1.0,False,-1.0,Defasado,1.0,Topázio,8.041811111100001,5.0,7.75,8.888888889,9.502,7.51,8.958333333,8.085,8.5,7.0,,,,,,,
RA-1430,2024,Aluno-1430,2013,2013-09-15,11.0,Masculino,2024,Pública,EE Helio Luiz Dobrochinski Prof,Cursando,FASE 1,1.0,1L,1L,FASE 2,2.0,Fase 2 (5° e 6° ano),-1,-1.0,False,-1.0,Defasado,1.0,Ametista,7.864033333300001,5.0,6.25,10.0,8.502,7.51,8.958333333,8.085,6.0,6.5,,,,,,,
RA-767,2024,Aluno-767,2012,2012-04-19,12.0,Masculino,2021,Pública,EM Cecilia Cristina de Oliveira Rodrigues,Cursando,FASE 1,1.0,1L,1L,FASE 3,3.0,Fase 3 (7° e 8° ano),-2,-2.0,False,-2.0,Defasado,1.0,Topázio,8.131890476200002,5.0,8.25,9.0476190475,9.502,7.51,8.541666667,8.085,8.5,8.0,,,,,,,
RA-943,2024,Aluno-943,2015,2015-01-12,9.0,Feminino,2023,Pública,EM Amanda Consuelo da Cunha,Cursando,FASE 1,1.0,1L,1L,FASE 1,1.0,Fase 1 (3° e 4° ano),0,0.0,False,0.0,Adequado,0.0,Topázio,8.965033333300001,10.0,8.0,10.0,10.002,7.51,8.958333333,8.59,7.0,9.0,,,,,,,
RA-782,2024,Aluno-782,2014,2014-07-31,10.0,Masculino,2022,Pública,EM Amanda Consuelo da Cunha,Cursando,FASE 1,1.0,1L,1L,FASE 1,1.0,Fase 1 (3° e 4° ano),0,0.0,False,0.0,Adequado,0.0,Topázio,8.1896285714,10.0,7.75,7.8571428569999995,9.502,7.51,7.5,8.085,7.5,8.0,,,,,,,
RA-795,2024,Aluno-795,2014,2014-02-17,10.0,Feminino,2022,Pública,EE Helio Luiz Dobrochinski Prof,Cursando,FASE 1,1.0,1L,1L,FASE 2,2.0,Fase 2 (5° e 6° ano),-1,-1.0,False,-1.0,Defasado,1.0,Topázio,8.441414285700002,5.0,9.5,9.761904762,9.502,6.26,8.958333333,8.085,10.0,9.0,,,,,,,
RA-1431,2024,Aluno-1431,2013,2013-01-06,11.0,Feminino,2024,Pública,EE Neide Celestina de Oliveira,Cursando,FASE 1,1.0,1M,1M,FASE 2,2.0,Fase 2 (5° e 6° ano),-1,-1.0,False,-1.0,Defasado,1.0,Ametista,7.9147292443,5.0,8.0,7.7432712215,9.002,7.51,7.96875,9.09,8.0,8.0,,,,,,,
RA-1432,2024,Aluno-1432,2014,2014-03-31,10.0,Feminino,2024,Pública,EE Jardim Campestre,Cursando,FASE 1,1.0,1M,1M,FASE 2,2.0,Fase 2 (5° e 6° ano),-1,-1.0,False,-1.0,Defasado,1.0,Topázio,8.774075000000002,5.0,9.5,10.0,10.002,7.51,9.21875,8.505,10.0,9.0,,,,,,,
RA-1433,2024,Aluno-1433,2014,2014-05-26,10.0,Feminino,2024,Pública,EE Jardim Campestre,Cursando,FASE 1,1.0,1M,1M,FASE 2,2.0,Fase 2 (5° e 6° ano),-1,-1.0,False,-1.0,Defasado,1.0,Topázio,8.1939895962,5.0,8.75,9.068322981,8.502,7.51,8.28125,8.505,8.0,9.5,,,,,,,
RA-1434,2024,Aluno-1434,2014,2014-02-28,10.0,Masculino,2024,Pública,EE Jardim Campestre,Cursando,FASE 1,1.0,1M,1M,FASE 2,2.0,Fase 2 (5° e 6° ano),-1,-1.0,False,-1.0,Defasado,1.0,Topázio,8.2775982919,5.0,9.0,7.9813664595,8.502,6.26,9.53125,9.76,10.0,8.0,,,,,,,
RA-958,2024,Aluno-958,2015,2015-03-11,9.0,Feminino,2023,Pública,EE Jardim Campestre,Cursando,FASE 1,1.0,1M,1M,FASE 1,1.0,Fase 1 (3° e 4° ano),0,0.0,False,0.0,Adequado,0.0,Topázio,9.531325,10.0,10.0,10.0,10.002,6.26,9.53125,9.76,10.0,10.0,,,,,,,
RA-961,2024,Aluno-961,2014,2014-01-21,10.0,Masculino,2023,Pública,EM Alfredo Schunk,Cursando,FASE 1,1.0,1M,1M,FASE 2,2.0,Fase 2 (5° e 6° ano),-1,-1.0,False,-1.0,Defasado,1.0,Ágata,6.529417908900001,5.0,5.5,8.8923395445,9.002,6.26,5.9375,5.155,6.0,5.0,,,,,,,
RA-1435,2024,Aluno-1435,2014,2014-10-25,10.0,Masculino,2024,Pública,EE Jardim Campestre,Cursando,FASE 1,1.0,1M,1M,FASE 1,1.0,Fase 1 (3° e 4° ano),0,0.0,False,0.0,Adequado,0.0,Ametista,7.7196166667,10.0,7.5,7.833333333500001,9.502,7.51,7.1875,6.165,7.5,7.5,,,,,,,
RA-755,2024,Aluno-755,2014,2014-03-22,10.0,Masculino,2022,Pública,EE Jardim Campestre,Cursando,FASE 1,1.0,1M,1M,FASE 2,2.0,Fase 2 (5° e 6° ano),-1,-1.0,False,-1.0,Defasado,1.0,Topázio,8.925450000000001,5.0,9.75,10.0,10.002,7.51,9.0625,9.09,10.0,9.5,,,,,,,
RA-1436,2024,Aluno-1436,2013,2013-06-24,11.0,Feminino,2024,Pública,EM Alfredo Schunk,Cursando,FASE 1,1.0,1M,1M,FASE 2,2.0,Fase 2 (5° e 6° ano),-1,-1.0,False,-1.0,Defasado,1.0,Ametista,7.589914648100001,5.0,8.0,8.674948240500001,7.418,7.51,8.28125,7.17,8.0,8.0,,,,,,,
RA-1437,2024,Aluno-1437,2013,2013-06-29,11.0,Feminino,2024,Pública,EM Cecilia Cristina de Oliveira Rodrigues,Cursando,FASE 1,1.0,1M,1M,FASE 2,2.0,Fase 2 (5° e 6° ano),-1,-1.0,False,-1.0,Defasado,1.0,Ametista,7.982890217400001,5.0,8.0,9.347826087,8.502,7.51,8.28125,7.92,8.0,8.0,,,,,,,
RA-1438,2024,Aluno-1438,2013,2013-11-08,10.0,Feminino,2024,Pública,EM Bairro Lagoa Grande,Cursando,FASE 1,1.0,1M,1M,FASE 2,2.0,Fase 2 (5° e 6° ano),-1,-1.0,False,-1.0,Defasado,1.0,Topázio,8.176825000000001,5.0,7.0,9.0,10.002,7.51,8.90625,9.175,6.0,8.0,,,,,,,
RA-1439,2024,Aluno-1439,2013,2013-10-12,11.0,Feminino,2024,Pública,EE Jardim Campestre,Cursando,FASE 1,1.0,1M,1M,FASE 2,2.0,Fase 2 (5° e 6° ano),-1,-1.0,False,-1.0,Defasado,1.0,Topázio,8.507700000000002,5.0,8.5,10.0,7.502,7.51,9.375,9.345,9.0,8.0,,,,,,,
RA-1440,2024,Aluno-1440,2014,2014-03-08,10.0,Feminino,2024,Pública,EE Helio Luiz Dobrochinski Prof,Cursando,FASE 1,1.0,1M,1M,FASE 2,2.0,Fase 2 (5° e 6° ano),-1,-1.0,False,-1.0,Defasado,1.0,Ametista,7.469102691500001,5.0,4.5,9.544513457499999,9.002,7.51,8.75,8.17,9.0,0.0,,,,,,,
RA-1441,2024,Aluno-1441,2015,2015-01-21,9.0,Masculino,2024,Pública,EE Jardim Campestre,Cursando,FASE 1,1.0,1M,1M,FASE 1,1.0,Fase 1 (3° e 4° ano),0,0.0,False,0.0,Adequado,0.0,Topázio,8.961646169800002,10.0,8.5,9.109730849,9.502,7.51,9.375,9.005,9.0,8.0,,,,,,,
RA-1442,2024,Aluno-1442,2010,2010-12-28,13.0,Masculino,2024,Pública,EM Cecilia Cristina de Oliveira Rodrigues,Cursando,FASE 1,1.0,1M,1M,FASE 3,3.0,Fase 3 (7° e 8° ano),-2,-2.0,False,-2.0,Defasado,1.0,Ametista,7.135189648100001,5.0,7.25,8.674948240500001,8.002,7.51,7.5,5.745,8.5,6.0,,,,,,,
RA-1443,2024,Aluno-1443,2011,2011-05-20,13.0,Feminino,2024,Pública,EE Donizetti Aparecido Leite Professor,Cursando,FASE 1,1.0,1N,1N,FASE 3,3.0,Fase 3 (7° e 8° ano),-2,-2.0,False,-2.0,Defasado,1.0,Ágata,6.921633333300001,5.0,6.75,7.5,6.918,6.26,7.708333333,7.415,6.5,7.0,,,,,,,
RA-1444,2024,Aluno-1444,2012,2012-12-12,11.0,Masculino,2024,Pública,EE Donizetti Aparecido Leite Professor,Cursando,FASE 1,1.0,1N,1N,FASE 2,2.0,Fase 2 (5° e 6° ano),-1,-1.0,False,-1.0,Defasado,1.0,Ágata,6.610588888900001,5.0,6.0,5.277777778,8.502,7.51,7.708333333,7.415,8.0,4.0,,,,,,,
RA-956,2024,Aluno-956,2012,2012-10-18,12.0,Masculino,2023,Pública,Estuda em outra cidade,Cursando,FASE 1,1.0,1N,1N,FASE 2,2.0,Fase 2 (5° e 6° ano),-1,-1.0,False,-1.0,Defasado,1.0,Ágata,6.1175906455,5.0,3.25,6.017786561,9.502,6.885,7.083333333,7.085,6.5,0.0,,,,,,,
RA-952,2024,Aluno-952,2015,2015-09-22,9.0,Masculino,2023,Pública,EE Helio Luiz Dobrochinski Prof,Cursando,FASE 1,1.0,1N,1N,FASE 1,1.0,Fase 1 (3° e 4° ano),0,0.0,False,0.0,Adequado,0.0,Topázio,8.853624242300002,10.0,8.5,9.545454545,9.502,6.26,8.333333333,9.175,8.0,9.0,,,,,,,
RA-939,2024,Aluno-939,2012,2012-10-04,12.0,Feminino,2023,Pública,EE Donizetti Aparecido Leite Professor,Cursando,FASE 1,1.0,1N,1N,FASE 2,2.0,Fase 2 (5° e 6° ano),-1,-1.0,False,-1.0,Defasado,1.0,Ametista,7.051379841899999,5.0,5.0,8.8833992095,9.002,5.63,8.125,7.495,6.0,4.0,,,,,,,
RA-953,2024,Aluno-953,2015,2015-02-04,9.0,Feminino,2023,Pública,EE Helio Luiz Dobrochinski Prof,Cursando,FASE 1,1.0,1N,1N,FASE 1,1.0,Fase 1 (3° e 4° ano),0,0.0,False,0.0,Adequado,0.0,Ametista,7.961241502000001,10.0,8.5,6.85770751,9.002,6.26,8.125,7.755,8.0,9.0,,,,,,,
RA-954,2024,Aluno-954,2015,2015-04-13,9.0,Feminino,2023,Pública,EM Cecilia Cristina de Oliveira Rodrigues,Cursando,FASE 1,1.0,1N,1N,FASE 1,1.0,Fase 1 (3° e 4° ano),0,0.0,False,0.0,Adequado,0.0,Topázio,8.2823798419,10.0,7.75,8.8833992095,9.502,6.26,8.125,7.835,6.5,9.0,,,,,,,
RA-792,2024,Aluno-792,2013,2013-03-19,11.0,Feminino,2022,Pública,EE Donizetti Aparecido Leite Professor,Cursando,FASE 1,1.0,1N,1N,FASE 2,2.0,Fase 2 (5° e 6° ano),-1,-1.0,False,-1.0,Defasado,1.0,Ágata,6.036012253,5.0,3.25,5.2865612650000005,8.502,7.51,8.125,7.075,6.5,0.0,,,,,,,
RA-1000,2024,Aluno-1000,2015,2015-04-20,9.0,Feminino,2023,Pública,EE Helio Luiz Dobrochinski Prof,Cursando,FASE 1,1.0,1N,1N,FASE 1,1.0,Fase 1 (3° e 4° ano),0,0.0,False,0.0,Adequado,0.0,Topázio,8.364790909100002,10.0,7.75,9.5454545455,9.002,6.26,8.125,7.835,7.5,8.0,,,,,,,
RA-763,2024,Aluno-763,2012,2012-12-19,11.0,Feminino,2021,Pública,EE Donizetti Aparecido Leite Professor,Cursando,FASE 1,1.0,1N,1N,FASE 2,2.0,Fase 2 (5° e 6° ano),-1,-1.0,False,-1.0,Defasado,1.0,Ágata,6.984760606,5.0,5.25,8.8636363635,9.002,6.26,7.708333333,6.825,6.5,4.0,,,,,,,
RA-1001,2024,Aluno-1001,2014,2014-03-13,10.0,Feminino,2023,Pública,EE Helio Luiz Dobrochinski Prof,Cursando,FASE 1,1.0,1N,1N,FASE 2,2.0,Fase 2 (5° e 6° ano),-1,-1.0,False,-1.0,Defasado,1.0,Ametista,7.7964318841,5.0,7.75,9.347826087,7.502,7.51,7.916666667,7.92,6.5,9.0,,,,,,,
RA-1445,2024,Aluno-1445,2014,2014-02-12,10.0,Feminino,2024,Pública,EE Helio Luiz Dobrochinski Prof,Cursando,FASE 1,1.0,1N,1N,FASE 2,2.0,Fase 2 (5° e 6° ano),-1,-1.0,False,-1.0,Defasado,1.0,Ametista,7.842866666700001,5.0,7.25,9.5,9.502,7.51,7.916666667,7.5,6.5,8.0,,,,,,,
RA-1446,2024,Aluno-1446,2014,2014-12-27,9.0,Masculino,2024,Pública,EM Cecilia Cristina de Oliveira Rodrigues,Cursando,FASE 1,1.0,1N,1N,FASE 1,1.0,Fase 1 (3° e 4° ano),0,0.0,False,0.0,Adequado,0.0,Quartzo,5.9004061924,10.0,0.0,6.6501976285,8.002,6.26,7.291666667,7.075,0.0,0.0,,,,,,,
RA-768,2024,Aluno-768,2012,2012-09-07,12.0,Feminino,2021,Pública,EE Donizetti Aparecido Leite Professor,Cursando,FASE 1,1.0,1N,1N,FASE 2,2.0,Fase 2 (5° e 6° ano),-1,-1.0,False,-1.0,Defasado,1.0,Ametista,7.0345379447,5.0,5.5,7.9841897235,9.002,6.26,8.125,7.495,6.0,5.0,,,,,,,
RA-1447,2024,Aluno-1447,2012,2012-12-06,11.0,Feminino,2024,Pública,EE Donizetti Aparecido Leite Professor,Cursando,FASE 1,1.0,1N,1N,FASE 2,2.0,Fase 2 (5° e 6° ano),-1,-1.0,False,-1.0,Defasado,1.0,Ametista,7.5402350878,5.0,5.25,9.7368421055,9.502,7.51,7.916666667,7.75,6.5,4.0,,,,,,,
RA-980,2024,Aluno-980,2015,2015-09-19,9.0,Feminino,2023,Pública,EE Luiz Schunck,Cursando,FASE 1,1.0,1P,1P,FASE 1,1.0,Fase 1 (3° e 4° ano),0,0.0,False,0.0,Adequado,0.0,Ametista,7.946388311600001,10.0,6.25,9.058441558,9.002,7.51,7.5,7.4175,6.5,6.0,,,,,,,
RA-982,2024,Aluno-982,2015,2015-11-19,8.0,Masculino,2023,Pública,EE Luiz Schunck,Cursando,FASE 1,1.0,1P,1P,FASE 1,1.0,Fase 1 (3° e 4° ano),0,0.0,False,0.0,Adequado,0.0,Topázio,8.119860173100001,10.0,8.25,8.365800865499999,10.002,7.51,6.875,6.79,6.5,10.0,,,,,,,
RA-1448,2024,Aluno-1448,2011,2011-10-28,13.0,Feminino,2024,Pública,EE Donizetti Aparecido Leite Professor,Cursando,FASE 1,1.0,1P,1P,FASE 3,3.0,Fase 3 (7° e 8° ano),-2,-2.0,False,-2.0,Defasado,1.0,Ametista,7.466126406900001,5.0,6.0,9.5346320345,9.002,7.51,7.5,7.29,6.0,6.0,,,,,,,
RA-1070,2024,Aluno-1070,2012,2012-08-28,12.0,Masculino,2023,Pública,EE Donizetti Aparecido Leite Professor,Cursando,FASE 1,1.0,1P,1P,FASE 2,2.0,Fase 2 (5° e 6° ano),-1,-1.0,False,-1.0,Defasado,1.0,Ágata,6.287171861500001,5.0,2.25,9.3073593075,9.002,5.635,6.875,6.6225,4.5,0.0,,,,,,,
RA-985,2024,Aluno-985,2015,2015-08-23,9.0,Masculino,2023,Pública,EE Helio Luiz Dobrochinski Prof,Cursando,FASE 1,1.0,1P,1P,FASE 1,1.0,Fase 1 (3° e 4° ano),0,0.0,False,0.0,Adequado,0.0,Topázio,8.2432,10.0,7.5,10.0,8.502,6.26,7.5,7.585,8.0,7.0,,,,,,,
RA-986,2024,Aluno-986,2015,2015-06-15,9.0,Feminino,2023,Pública,EE Luiz Schunck,Cursando,FASE 1,1.0,1P,1P,FASE 1,1.0,Fase 1 (3° e 4° ano),0,0.0,False,0.0,Adequado,0.0,Topázio,8.2603406926,10.0,8.5,9.2965367965,10.002,6.26,7.083333333,6.8325,7.5,9.5,,,,,,,
RA-810,2024,Aluno-810,2014,2014-05-31,10.0,Masculino,2021,Pública,EE Helio Luiz Dobrochinski Prof,Cursando,FASE 1,1.0,1P,1P,FASE 2,2.0,Fase 2 (5° e 6° ano),-1,-1.0,False,-1.0,Defasado,1.0,Ametista,7.704770175400001,5.0,9.0,9.4736842105,7.502,5.635,6.458333333,7.7525,8.0,10.0,,,,,,,
RA-987,2024,Aluno-987,2015,2015-07-26,9.0,Masculino,2023,Pública,EE Luiz Schunck,Cursando,FASE 1,1.0,1P,1P,FASE 1,1.0,Fase 1 (3° e 4° ano),0,0.0,False,0.0,Adequado,0.0,Topázio,8.3028861472,10.0,7.5,9.0692640695,9.002,7.51,7.708333333,7.835,8.0,7.0,,,,,,,
RA-988,2024,Aluno-988,2014,2014-05-02,10.0,Feminino,2023,Pública,EE Helio Luiz Dobrochinski Prof,Cursando,FASE 1,1.0,1P,1P,FASE 2,2.0,Fase 2 (5° e 6° ano),-1,-1.0,False,-1.0,Defasado,1.0,Topázio,8.1765333333,5.0,7.75,10.0,9.502,7.51,8.333333333,7.96,6.5,9.0,,,,,,,
RA-805,2024,Aluno-805,2014,2014-06-14,10.0,Masculino,2021,Pública,EE Luiz Schunck,Cursando,FASE 1,1.0,1R,1R,FASE 2,2.0,Fase 2 (5° e 6° ano),-1,-1.0,False,-1.0,Defasado,1.0,Ágata,6.9375869048,5.0,6.0,9.523809524,8.502,4.38,7.03125,6.7075,7.0,5.0,,,,,,,
RA-806,2024,Aluno-806,2014,2014-02-28,10.0,Masculino,2022,Pública,EE Luiz Schunck,Cursando,FASE 1,1.0,1R,1R,FASE 2,2.0,Fase 2 (5° e 6° ano),-1,-1.0,False,-1.0,Defasado,1.0,Ágata,6.972777380900001,5.0,6.75,6.9047619045,8.502,7.51,7.65625,6.875,6.5,7.0,,,,,,,
RA-807,2024,Aluno-807,2014,2014-07-22,10.0,Masculino,2022,Pública,EE Luiz Schunck,Cursando,FASE 1,1.0,1R,1R,FASE 1,1.0,Fase 1 (3° e 4° ano),0,0.0,False,0.0,Adequado,0.0,Ametista,7.797628571400001,10.0,7.0,7.8571428569999995,9.002,7.51,7.5,7.125,6.0,8.0,,,,,,,
RA-808,2024,Aluno-808,2014,2014-09-27,10.0,Masculino,2022,Pública,EE Luiz Schunck,Cursando,FASE 1,1.0,1R,1R,FASE 1,1.0,Fase 1 (3° e 4° ano),0,0.0,False,0.0,Adequado,0.0,Topázio,8.7897,10.0,8.75,10.0,9.002,7.51,8.125,7.88,7.5,10.0,,,,,,,
RA-963,2024,Aluno-963,2014,2014-09-05,10.0,Feminino,2023,Pública,EE Helio Luiz Dobrochinski Prof,Cursando,FASE 1,1.0,1R,1R,FASE 1,1.0,Fase 1 (3° e 4° ano),0,0.0,False,0.0,Adequado,0.0,Topázio,8.375080952400001,10.0,7.5,9.761904762,7.502,7.51,8.125,8.045,5.0,10.0,,,,,,,
RA-989,2024,Aluno-989,2014,2014-09-18,10.0,Masculino,2023,Pública,EE Luiz Schunck,Cursando,FASE 1,1.0,1R,1R,FASE 1,1.0,Fase 1 (3° e 4° ano),0,0.0,False,0.0,Adequado,0.0,Ametista,7.3743785714,10.0,6.0,7.8571428569999995,9.502,6.26,7.1875,6.54,6.0,6.0,,,,,,,
RA-964,2024,Aluno-964,2014,2014-04-30,10.0,Masculino,2023,Pública,EM Juvenal Coutinho,Cursando,FASE 1,1.0,1R,1R,FASE 2,2.0,Fase 2 (5° e 6° ano),-1,-1.0,False,-1.0,Defasado,1.0,Ametista,7.548241666600001,5.0,7.25,8.333333332999999,9.502,7.51,7.96875,7.1675,7.5,7.0,,,,,,,
RA-1449,2024,Aluno-1449,2014,2014-06-27,10.0,Feminino,2024,Pública,EE Luiz Schunck,Cursando,FASE 1,1.0,1R,1R,FASE 2,2.0,Fase 2 (5° e 6° ano),-1,-1.0,False,-1.0,Defasado,1.0,Ametista,7.214341666700001,5.0,6.75,8.3333333335,7.418,7.51,7.96875,7.04,6.5,7.0,,,,,,,
RA-801,2024,Aluno-801,2013,2013-12-11,10.0,Masculino,2022,Pública,EE Luiz Schunck,Cursando,FASE 1,1.0,1R,1R,FASE 2,2.0,Fase 2 (5° e 6° ano),-1,-1.0,False,-1.0,Defasado,1.0,Ágata,6.6752,5.0,8.0,5.75,9.002,7.51,6.25,5.745,7.0,9.0,,,,,,,
RA-1450,2024,Aluno-1450,2015,2015-01-10,9.0,Masculino,2024,Pública,EE Helio Luiz Dobrochinski Prof,Cursando,FASE 1,1.0,1R,1R,FASE 1,1.0,Fase 1 (3° e 4° ano),0,0.0,False,0.0,Adequado,0.0,Ametista,7.405235714200002,10.0,3.5,8.571428571,9.502,7.51,7.8125,7.5425,0.0,7.0,,,,,,,
RA-984,2024,Aluno-984,2014,2014-12-21,9.0,Feminino,2023,Pública,EE Luiz Schunck,Cursando,FASE 1,1.0,1R,1R,FASE 1,1.0,Fase 1 (3° e 4° ano),0,0.0,False,0.0,Adequado,0.0,Topázio,8.475080952400003,10.0,7.0,9.761904762,9.502,7.51,8.125,8.045,7.5,6.5,,,,,,,
RA-1451,2024,Aluno-1451,2013,2013-08-27,11.0,Feminino,2024,Pública,EE Luiz Schunck,Cursando,FASE 1,1.0,1R,1R,FASE 2,2.0,Fase 2 (5° e 6° ano),-1,-1.0,False,-1.0,Defasado,1.0,Ametista,7.560479761900002,5.0,6.0,8.8095238095,10.002,7.51,7.96875,7.7525,6.0,6.0,,,,,,,
RA-967,2024,Aluno-967,2013,2013-09-09,11.0,Masculino,2023,Pública,EE Luiz Schunck,Cursando,FASE 1,1.0,1R,1R,FASE 2,2.0,Fase 2 (5° e 6° ano),-1,-1.0,False,-1.0,Defasado,1.0,Quartzo,5.442610714300001,5.0,4.75,3.5714285715,9.502,7.51,5.78125,4.995,3.5,6.0,,,,,,,
RA-968,2024,Aluno-968,2014,2014-05-08,10.0,Feminino,2023,Pública,EE Luiz Schunck,Cursando,FASE 1,1.0,1R,1R,FASE 2,2.0,Fase 2 (5° e 6° ano),-1,-1.0,False,-1.0,Defasado,1.0,Ametista,7.8403547619000005,5.0,7.75,8.8095238095,9.002,7.51,8.4375,7.6675,8.5,7.0,,,,,,,
RA-521,2024,Aluno-521,2013,2013-03-12,11.0,Masculino,2022,Privada,Colégio Nogueira e Sonho de Criança,Cursando,FASE 2,2.0,2A,2A,FASE 2,2.0,Fase 2 (5° e 6° ano),0,0.0,False,0.0,Adequado,0.0,Ametista,7.4798428571999995,10.0,6.25,9.0357142855,8.002,5.005,6.666666667,7.276666667,7.0,5.5,,,,,,,
RA-821,2024,Aluno-821,2012,2012-11-09,11.0,Masculino,2022,Pública,EE Mario Francisco de Amorim,Cursando,FASE 2,2.0,2A,2A,FASE 2,2.0,Fase 2 (5° e 6° ano),0,0.0,False,0.0,Adequado,0.0,Ágata,6.643866666600001,10.0,4.25,5.9166666665,8.502,7.51,6.666666667,6.713333333,4.5,4.0,,,,,,,
RA-1075,2024,Aluno-1075,2010,2010-12-19,13.0,Feminino,2023,Pública,EE Leonice de Aquino Oliveira,Cursando,FASE 2,2.0,2A,2A,FASE 3,3.0,Fase 3 (7° e 8° ano),-1,-1.0,False,-1.0,Defasado,1.0,Ágata,6.8100812324,5.0,6.0,8.5154061625,7.5,3.755,7.708333333,7.553333333,5.0,7.0,,,,,,,
RA-1048,2024,Aluno-1048,2013,2013-07-20,11.0,Feminino,2023,Privada,Estuda em outra cidade,Cursando,FASE 2,2.0,2A,2A,FASE 1,1.0,Fase 1 (3° e 4° ano),1,1.0,False,1.0,Adiantado,0.0,Ametista,7.5198666666000005,10.0,6.25,6.833333333500001,8.502,6.255,7.708333333,8.283333333,6.5,6.0,,,,,,,
RA-1082,2024,Aluno-1082,2011,2011-04-07,13.0,Feminino,2023,Pública,EE Leonice de Aquino Oliveira,Cursando,FASE 2,2.0,2A,2A,FASE 3,3.0,Fase 3 (7° e 8° ano),-1,-1.0,False,-1.0,Defasado,1.0,Ágata,6.6114857142,5.0,3.75,7.5714285715,7.502,10.0,7.083333333,6.943333333,2.0,5.5,,,,,,,
RA-680,2024,Aluno-680,2012,2012-02-05,12.0,Feminino,2021,Pública,EE Leonice de Aquino Oliveira,Cursando,FASE 2,2.0,2A,2A,FASE 3,3.0,Fase 3 (7° e 8° ano),-1,-1.0,False,-1.0,Defasado,1.0,Quartzo,4.9800714287000005,5.0,3.0,6.6428571430000005,0.0,5.635,6.666666667,6.606666667,2.5,3.5,,,,,,,
RA-698,2024,Aluno-698,2013,2013-12-20,10.0,Masculino,2021,Pública,EE Dom Pedro Villas Boas de Souza,Cursando,FASE 2,2.0,2A,2A,FASE 2,2.0,Fase 2 (5° e 6° ano),0,0.0,False,0.0,Adequado,0.0,Ametista,7.3363190476,10.0,4.5,8.3214285715,9.002,6.88,7.291666667,7.273333333,3.0,6.0,,,,,,,
RA-1452,2024,Aluno-1452,2012,2012-09-07,12.0,Masculino,2024,Pública,EE Leonice de Aquino Oliveira,Cursando,FASE 2,2.0,2A,2A,FASE 2,2.0,Fase 2 (5° e 6° ano),0,0.0,False,0.0,Adequado,0.0,Topázio,8.6268666667,10.0,7.75,10.0,9.002,7.51,7.916666667,8.17,7.0,8.5,,,,,,,
RA-1453,2024,Aluno-1453,2012,2012-01-16,12.0,Feminino,2021,Pública,EE Leonice de Aquino Oliveira,Cursando,FASE 2,2.0,2A,2A,FASE 3,3.0,Fase 3 (7° e 8° ano),-1,-1.0,False,-1.0,Defasado,1.0,Ametista,7.1234857143,5.0,6.5,7.8214285715,8.502,6.25,7.5,7.67,4.5,8.5,,,,,,,
RA-1454,2024,Aluno-1454,2014,2014-03-31,10.0,Feminino,2023,Pública,EE Dom Pedro Villas Boas de Souza,Cursando,FASE 2,2.0,2A,2A,FASE 2,2.0,Fase 2 (5° e 6° ano),0,0.0,False,0.0,Adequado,0.0,Ametista,7.7042238095,10.0,7.75,5.880952381,8.002,7.51,7.708333333,8.28,7.5,8.0,,,,,,,
RA-1455,2024,Aluno-1455,2012,2012-04-23,12.0,Feminino,2024,Pública,EE Maria André Schunck Dona,Cursando,FASE 2,2.0,2A,2A,FASE 3,3.0,Fase 3 (7° e 8° ano),-1,-1.0,False,-1.0,Defasado,1.0,Ágata,6.6442555555,5.0,3.5,7.777777778,8.002,7.51,7.708333333,7.833333333,,3.5,,,,,,,
RA-529,2024,Aluno-529,2010,2010-07-01,14.0,Masculino,2021,Pública,EE Leonice de Aquino Oliveira,Cursando,FASE 2,2.0,2A,2A,FASE 3,3.0,Fase 3 (7° e 8° ano),-1,-1.0,False,-1.0,Defasado,1.0,Quartzo,5.2661285715,5.0,4.25,6.6071428569999995,7.002,4.38,4.791666667,4.886666667,2.5,6.0,,,,,,,
RA-1456,2024,Aluno-1456,2012,2012-12-03,11.0,Masculino,2024,Pública,EE Leonice de Aquino Oliveira,Cursando,FASE 2,2.0,2A,2A,FASE 2,2.0,Fase 2 (5° e 6° ano),0,0.0,False,0.0,Adequado,0.0,Topázio,8.492914285800001,10.0,7.75,9.511904762,9.502,7.51,7.5,7.946666667,5.5,10.0,,,,,,,
RA-1015,2024,Aluno-1015,2013,2013-06-24,11.0,Feminino,2023,Pública,EE Alexandre Rodrigues Nogueira,Cursando,FASE 2,2.0,2B,2B,FASE 2,2.0,Fase 2 (5° e 6° ano),0,0.0,False,0.0,Adequado,0.0,Ágata,6.643252381000002,10.0,4.0,7.8214285715,7.918,7.51,6.041666667,5.66,2.0,6.0,,,,,,,
RA-483,2024,Aluno-483,2011,2011-09-30,13.0,Feminino,2021,Pública,EE Mario Francisco de Amorim,Cursando,FASE 2,2.0,2B,2B,FASE 3,3.0,Fase 3 (7° e 8° ano),-1,-1.0,False,-1.0,Defasado,1.0,Ágata,6.578604762,5.0,5.25,5.6428571430000005,8.502,6.26,8.125,8.056666667,2.0,8.5,,,,,,,
RA-497,2024,Aluno-497,2009,2009-07-01,15.0,Feminino,2021,Privada - Programa de Apadrinhamento,EE Mario Francisco de Amorim,Cursando,FASE 2,2.0,2B,2B,FASE 3,3.0,Fase 3 (7° e 8° ano),-1,-1.0,False,-1.0,Defasado,1.0,Quartzo,4.4960809524,5.0,1.0,6.095238095,7.502,5.63,5.625,3.506666667,0.0,2.0,,,,,,,
RA-1457,2024,Aluno-1457,2011,2011-11-08,12.0,Feminino,2024,Pública,EE Leonice de Aquino Oliveira,Cursando,FASE 2,2.0,2B,2B,FASE 3,3.0,Fase 3 (7° e 8° ano),-1,-1.0,False,-1.0,Defasado,1.0,Ágata,6.0197761904,5.0,2.75,8.0357142855,3.498,7.51,7.291666667,7.663333333,2.5,3.0,,,,,,,
RA-688,2024,Aluno-688,2013,2013-08-20,11.0,Masculino,2022,Pública,EE Dom Pedro Villas Boas de Souza,Cursando,FASE 2,2.0,2B,2B,FASE 2,2.0,Fase 2 (5° e 6° ano),0,0.0,False,0.0,Adequado,0.0,Topázio,8.986533333300002,10.0,7.5,10.0,9.502,8.13,8.333333333,9.45,6.0,9.0,,,,,,,
RA-696,2024,Aluno-696,2013,2013-12-05,10.0,Feminino,2021,Pública,EE Dom Pedro Villas Boas de Souza,Cursando,FASE 2,2.0,2B,2B,FASE 2,2.0,Fase 2 (5° e 6° ano),0,0.0,False,0.0,Adequado,0.0,Ametista,7.482680952299999,10.0,5.25,7.845238095,7.418,7.51,7.708333333,8.0,5.0,5.5,,,,,,,
RA-1458,2024,Aluno-1458,2012,2012-02-22,12.0,Feminino,2024,Pública,EE Alexandre Rodrigues Nogueira,Cursando,FASE 2,2.0,2B,2B,FASE 3,3.0,Fase 3 (7° e 8° ano),-1,-1.0,False,-1.0,Defasado,1.0,Quartzo,5.879073684200001,5.0,3.25,7.280701754500001,8.751,7.51,6.041666667,5.213333333,0.5,6.0,,,,,,,
RA-1034,2024,Aluno-1034,2013,2013-04-15,11.0,Masculino,2023,Pública,EE Alexandre Rodrigues Nogueira,Cursando,FASE 2,2.0,2B,2B,FASE 2,2.0,Fase 2 (5° e 6° ano),0,0.0,False,0.0,Adequado,0.0,Topázio,8.0333666666,10.0,7.5,8.0833333335,7.502,7.51,7.708333333,8.223333333,7.5,7.5,,,,,,,
RA-491,2024,Aluno-491,2011,2011-12-05,12.0,Masculino,2022,Pública,EE Mario Francisco de Amorim,Cursando,FASE 2,2.0,2B,2B,FASE 3,3.0,Fase 3 (7° e 8° ano),-1,-1.0,False,-1.0,Defasado,1.0,Ágata,6.995247619100001,5.0,5.25,9.011904762,7.502,7.51,7.083333333,7.166666667,1.5,9.0,,,,,,,
RA-1027,2024,Aluno-1027,2013,2013-04-25,11.0,Feminino,2023,Pública,EE Bairro Boa Vista,Cursando,FASE 2,2.0,2B,2B,FASE 2,2.0,Fase 2 (5° e 6° ano),0,0.0,False,0.0,Adequado,0.0,Topázio,8.220866666700001,10.0,5.25,10.0,9.502,7.51,7.916666667,8.39,6.0,4.5,,,,,,,
RA-1023,2024,Aluno-1023,2014,2014-05-06,10.0,Feminino,2023,Pública,EE Dom Pedro Villas Boas de Souza,Cursando,FASE 2,2.0,2B,2B,FASE 2,2.0,Fase 2 (5° e 6° ano),0,0.0,False,0.0,Adequado,0.0,Topázio,9.498580952300001,10.0,9.5,9.511904762,9.502,9.375,8.958333333,9.563333333,9.0,10.0,,,,,,,
RA-686,2024,Aluno-686,2013,2013-04-19,11.0,Feminino,2022,Pública,EE Joaquim Mendes Feliz,Cursando,FASE 2,2.0,2C,2C,FASE 2,2.0,Fase 2 (5° e 6° ano),0,0.0,False,0.0,Adequado,0.0,Topázio,8.040259523700001,10.0,7.25,8.7857142855,8.002,6.885,8.4375,7.503333333,5.0,9.5,,,,,,,
RA-480,2024,Aluno-480,2012,2012-10-20,12.0,Feminino,2021,Pública,EE Alexandre Rodrigues Nogueira,Cursando,FASE 2,2.0,2C,2C,FASE 2,2.0,Fase 2 (5° e 6° ano),0,0.0,False,0.0,Adequado,0.0,Ametista,7.260202380900001,10.0,5.0,8.0714285715,6.25,7.51,7.8125,7.443333333,2.5,7.5,,,,,,,
RA-1459,2024,Aluno-1459,2012,2012-03-21,12.0,Masculino,2024,Pública,EE Olivia de Faria Nogueira,Cursando,FASE 2,2.0,2C,2C,FASE 3,3.0,Fase 3 (7° e 8° ano),-1,-1.0,False,-1.0,Defasado,1.0,Ágata,6.665390476100001,5.0,3.75,8.2976190475,8.002,7.51,7.5,7.273333333,2.0,5.5,,,,,,,
RA-1460,2024,Aluno-1460,2012,2012-08-27,12.0,Masculino,2024,Pública,EE Alexandre Rodrigues Nogueira,Cursando,FASE 2,2.0,2C,2C,FASE 2,2.0,Fase 2 (5° e 6° ano),0,0.0,False,0.0,Adequado,0.0,Ágata,6.784805263200001,10.0,3.25,7.460526316,9.502,7.51,6.875,6.27,2.5,4.0,,,,,,,
RA-1017,2024,Aluno-1017,2012,2012-10-01,12.0,Masculino,2023,Pública,EE João Ortiz Rodrigues,Cursando,FASE 2,2.0,2C,2C,FASE 2,2.0,Fase 2 (5° e 6° ano),0,0.0,False,0.0,Adequado,0.0,Ametista,7.345521428500001,10.0,5.0,7.8095238095,9.502,6.26,7.1875,7.443333333,2.5,7.5,,,,,,,
RA-499,2024,Aluno-499,2012,2012-07-24,12.0,Masculino,2021,Pública,EE Leonice de Aquino Oliveira,Cursando,FASE 2,2.0,2C,2C,FASE 2,2.0,Fase 2 (5° e 6° ano),0,0.0,False,0.0,Adequado,0.0,Ametista,7.5794738095000005,10.0,4.75,9.0476190475,8.502,7.51,7.1875,7.5,2.0,7.5,,,,,,,
RA-514,2024,Aluno-514,2013,2013-05-05,11.0,Feminino,2022,Pública,EE Paschoal Carlos Magno,Cursando,FASE 2,2.0,2C,2C,FASE 2,2.0,Fase 2 (5° e 6° ano),0,0.0,False,0.0,Adequado,0.0,Ágata,6.219580952400001,10.0,3.0,7.595238095,9.002,4.385,5.625,5.996666667,3.0,3.0,,,,,,,
RA-1461,2024,Aluno-1461,2012,2012-01-10,12.0,Feminino,2024,Pública,EE Leonice de Aquino Oliveira,Cursando,FASE 2,2.0,2C,2C,FASE 3,3.0,Fase 3 (7° e 8° ano),-1,-1.0,False,-1.0,Defasado,1.0,Ágata,6.871961904800001,5.0,2.75,9.273809524,10.002,7.51,7.5,7.33,0.5,5.0,,,,,,,
RA-1462,2024,Aluno-1462,2010,2010-12-14,13.0,Feminino,2024,Pública,EE Joaquim Mendes Feliz,Cursando,FASE 2,2.0,2D,2D,FASE 3,3.0,Fase 3 (7° e 8° ano),-1,-1.0,False,-1.0,Defasado,1.0,Ametista,7.6243666666,5.0,6.5,10.0,8.502,7.51,8.125,7.053333333,6.0,7.0,,,,,,,
RA-1463,2024,Aluno-1463,2012,2012-11-05,12.0,Masculino,2024,Pública,EE Paschoal Carlos Magno,Cursando,FASE 2,2.0,2D,2D,FASE 2,2.0,Fase 2 (5° e 6° ano),0,0.0,False,0.0,Adequado,0.0,Topázio,9.074561111000001,10.0,10.0,9.722222222,8.502,7.51,9.0625,8.113333333,10.0,10.0,,,,,,,
RA-1464,2024,Aluno-1464,2011,2011-07-14,13.0,Feminino,2024,Pública,EE Paschoal Carlos Magno,Cursando,FASE 2,2.0,2D,2D,FASE 3,3.0,Fase 3 (7° e 8° ano),-1,-1.0,False,-1.0,Defasado,1.0,Ametista,7.288424359,5.0,6.25,7.794871795,8.002,7.51,9.0625,7.61,4.0,8.5,,,,,,,
RA-687,2024,Aluno-687,2013,2013-01-26,11.0,Masculino,2022,Pública,EE Paschoal Carlos Magno,Cursando,FASE 2,2.0,2D,2D,FASE 2,2.0,Fase 2 (5° e 6° ano),0,0.0,False,0.0,Adequado,0.0,Topázio,8.2739844611,10.0,7.25,9.2355889725,7.502,7.51,8.75,8.003333333,6.5,8.0,,,,,,,
RA-1030,2024,Aluno-1030,2012,2012-08-10,12.0,Masculino,2023,Pública,EE Paschoal Carlos Magno,Cursando,FASE 2,2.0,2D,2D,FASE 2,2.0,Fase 2 (5° e 6° ano),0,0.0,False,0.0,Adequado,0.0,Ametista,7.7401916040000005,10.0,8.0,8.28320802,7.418,4.385,7.8125,7.61,10.0,6.0,,,,,,,
RA-1465,2024,Aluno-1465,2011,2011-11-26,12.0,Masculino,2024,Pública,EE Paschoal Carlos Magno,Cursando,FASE 2,2.0,2D,2D,FASE 3,3.0,Fase 3 (7° e 8° ano),-1,-1.0,False,-1.0,Defasado,1.0,Ametista,7.3344666666,5.0,5.75,8.75,7.418,7.51,8.75,7.833333333,5.0,6.5,,,,,,,
RA-522,2024,Aluno-522,2013,2013-01-08,11.0,Masculino,2021,Pública,EE Joaquim Mendes Feliz,Cursando,FASE 2,2.0,2D,2D,FASE 2,2.0,Fase 2 (5° e 6° ano),0,0.0,False,0.0,Adequado,0.0,Topázio,8.6777119048,10.0,9.0,9.523809524,8.002,7.51,8.4375,7.89,9.5,8.5,,,,,,,
RA-501,2024,Aluno-501,2013,2013-10-20,11.0,Masculino,2021,Privada,João Friaza Colégio,Cursando,FASE 2,2.0,2D,2D,FASE 2,2.0,Fase 2 (5° e 6° ano),0,0.0,False,0.0,Adequado,0.0,Topázio,8.2779474937,10.0,8.75,7.9949874685,7.002,7.51,8.4375,8.17,8.5,9.0,,,,,,,
RA-1466,2024,Aluno-1466,2012,2012-08-24,12.0,Masculino,2024,Pública,EE Paschoal Carlos Magno,Cursando,FASE 2,2.0,2D,2D,FASE 2,2.0,Fase 2 (5° e 6° ano),0,0.0,False,0.0,Adequado,0.0,Topázio,8.213723809600001,10.0,7.5,7.380952381,10.002,7.51,8.75,8.056666667,7.0,8.0,,,,,,,
RA-502,2024,Aluno-502,2014,2014-05-24,10.0,Feminino,2021,Privada - Programa de Apadrinhamento,Colégio Arco Íris Evolução,Cursando,FASE 2,2.0,2D,2D,FASE 2,2.0,Fase 2 (5° e 6° ano),0,0.0,False,0.0,Adequado,0.0,Topázio,8.5023309524,10.0,8.0,9.761904762,9.002,3.755,9.0625,8.84,6.0,10.0,,,,,,,
RA-1467,2024,Aluno-1467,2012,2012-08-02,12.0,Masculino,2024,Pública,EE Joaquim Mendes Feliz,Cursando,FASE 2,2.0,2D,2D,FASE 2,2.0,Fase 2 (5° e 6° ano),0,0.0,False,0.0,Adequado,0.0,Topázio,8.836711278200001,10.0,9.25,9.022556391,9.002,7.51,8.75,8.28,9.0,9.5,,,,,,,
RA-1468,2024,Aluno-1468,2012,2012-08-02,12.0,Feminino,2024,Pública,EE Joaquim Mendes Feliz,Cursando,FASE 2,2.0,2D,2D,FASE 2,2.0,Fase 2 (5° e 6° ano),0,0.0,False,0.0,Adequado,0.0,Topázio,8.1281028822,10.0,7.0,8.972431078,8.502,7.51,8.4375,7.443333333,4.5,9.5,,,,,,,
RA-527,2024,Aluno-527,2013,2013-02-03,11.0,Feminino,2022,Pública,EE Joaquim Mendes Feliz,Cursando,FASE 2,2.0,2D,2D,FASE 2,2.0,Fase 2 (5° e 6° ano),0,0.0,False,0.0,Adequado,0.0,Topázio,8.1403666666,10.0,6.0,10.0,9.002,7.51,8.125,7.383333333,6.5,5.5,,,,,,,
RA-1469,2024,Aluno-1469,2011,2011-03-26,13.0,Masculino,2024,Pública,EE Joaquim Mendes Feliz,Cursando,FASE 2,2.0,2D,2D,FASE 3,3.0,Fase 3 (7° e 8° ano),-1,-1.0,False,-1.0,Defasado,1.0,Ametista,7.459755555500001,5.0,4.75,9.4444444445,8.502,7.51,8.75,8.223333333,6.0,3.5,,,,,,,
RA-1470,2024,Aluno-1470,2012,2012-02-17,12.0,Feminino,2024,Pública,EE Leonice de Aquino Oliveira,Cursando,FASE 2,2.0,2G,2G,FASE 3,3.0,Fase 3 (7° e 8° ano),-1,-1.0,False,-1.0,Defasado,1.0,Quartzo,5.967421532000001,5.0,5.0,6.35610766,8.002,6.26,6.875,5.4125,5.0,5.0,,,,,,,
RA-1471,2024,Aluno-1471,2011,2011-08-08,13.0,Masculino,2024,Pública,EE Loris Nassif Mattar Profa,Cursando,FASE 2,2.0,2G,2G,FASE 3,3.0,Fase 3 (7° e 8° ano),-1,-1.0,False,-1.0,Defasado,1.0,Ametista,7.404455434800001,5.0,7.5,7.195652174,10.002,7.51,7.65625,7.2425,8.0,7.0,,,,,,,
RA-710,2024,Aluno-710,2012,2012-03-01,12.0,Masculino,2021,Pública,EE João Ortiz Rodrigues,Cursando,FASE 2,2.0,2G,2G,FASE 3,3.0,Fase 3 (7° e 8° ano),-1,-1.0,False,-1.0,Defasado,1.0,Ametista,7.0366241342,5.0,6.75,8.170995671,9.168,5.625,7.65625,6.5375,8.0,5.5,,,,,,,
RA-1472,2024,Aluno-1472,2012,2012-11-19,11.0,Masculino,2022,Pública,EE Leonice de Aquino Oliveira,Cursando,FASE 2,2.0,2G,2G,FASE 2,2.0,Fase 2 (5° e 6° ano),0,0.0,False,0.0,Adequado,0.0,Topázio,8.773575000000001,10.0,8.75,10.0,8.502,7.51,7.96875,8.1275,9.0,8.5,,,,,,,
RA-837,2024,Aluno-837,2014,2014-04-07,10.0,Masculino,2022,Pública,EM Maria Ignez Concelles Irma Ines,Cursando,FASE 2,2.0,2G,2G,FASE 2,2.0,Fase 2 (5° e 6° ano),0,0.0,False,0.0,Adequado,0.0,Ametista,7.9648467391,10.0,6.75,9.782608695499999,7.502,6.885,7.03125,7.5825,6.0,7.5,,,,,,,
RA-549,2024,Aluno-549,2012,2012-05-07,12.0,Masculino,2021,Pública,EE Alexandre Rodrigues Nogueira,Cursando,FASE 2,2.0,2G,2G,FASE 3,3.0,Fase 3 (7° e 8° ano),-1,-1.0,False,-1.0,Defasado,1.0,Ágata,6.5398187888,5.0,5.75,7.204968943999999,10.002,6.255,6.40625,5.9125,5.0,6.5,,,,,,,
RA-571,2024,Aluno-571,2011,2011-09-18,13.0,Feminino,2021,Pública,EE João Ortiz Rodrigues,Cursando,FASE 2,2.0,2G,2G,FASE 3,3.0,Fase 3 (7° e 8° ano),-1,-1.0,False,-1.0,Defasado,1.0,Ágata,6.2964554347999995,5.0,5.25,8.695652174,7.002,4.375,7.03125,5.8325,5.0,5.5,,,,,,,
RA-731,2024,Aluno-731,2012,2012-04-24,12.0,Feminino,2021,Pública,EE João Ortiz Rodrigues,Cursando,FASE 2,2.0,2G,2G,FASE 3,3.0,Fase 3 (7° e 8° ano),-1,-1.0,False,-1.0,Defasado,1.0,Quartzo,4.7704873377000006,5.0,2.5,4.188311688500001,9.502,4.375,5.78125,4.835,0.0,5.0,,,,,,,
RA-706,2024,Aluno-706,2012,2012-12-10,11.0,Feminino,2021,Pública,EE João Ortiz Rodrigues,Cursando,FASE 2,2.0,2G,2G,FASE 2,2.0,Fase 2 (5° e 6° ano),0,0.0,False,0.0,Adequado,0.0,Quartzo,5.8701964286,10.0,3.25,7.1428571430000005,0.0,6.26,7.65625,7.0,3.0,3.5,,,,,,,
RA-707,2024,Aluno-707,2012,2012-03-01,12.0,Feminino,2021,Pública,EE João Ortiz Rodrigues,Cursando,FASE 2,2.0,2G,2G,FASE 3,3.0,Fase 3 (7° e 8° ano),-1,-1.0,False,-1.0,Defasado,1.0,Ágata,6.4975618421000005,5.0,6.5,7.7236842105,7.917,4.375,6.40625,6.415,7.0,6.0,,,,,,,
RA-1044,2024,Aluno-1044,2013,2013-04-24,11.0,Feminino,2023,Pública,EE Olivia de Faria Nogueira,Cursando,FASE 2,2.0,2G,2G,FASE 2,2.0,Fase 2 (5° e 6° ano),0,0.0,False,0.0,Adequado,0.0,Ametista,7.966711904800001,10.0,7.0,9.523809524,7.502,7.51,7.1875,7.21,7.0,7.0,,,,,,,
RA-1054,2024,Aluno-1054,2010,2010-12-02,13.0,Masculino,2023,Pública,EE Leonice de Aquino Oliveira,Cursando,FASE 2,2.0,2G,2G,FASE 3,3.0,Fase 3 (7° e 8° ano),-1,-1.0,False,-1.0,Defasado,1.0,Ágata,6.985788509300001,5.0,6.25,7.3291925465,9.502,7.51,7.1875,6.75,6.0,6.5,,,,,,,
RA-721,2024,Aluno-721,2014,2014-03-20,10.0,Feminino,2021,Pública,EE Dom Pedro Villas Boas de Souza,Cursando,FASE 2,2.0,2G,2G,FASE 2,2.0,Fase 2 (5° e 6° ano),0,0.0,False,0.0,Adequado,0.0,Topázio,8.8986026915,10.0,8.25,9.544513457499999,9.002,8.135,8.75,8.755,9.0,7.5,,,,,,,
RA-1473,2024,Aluno-1473,2011,2011-07-06,13.0,Masculino,2024,Pública,EE Loris Nassif Mattar Profa,Cursando,FASE 2,2.0,2G,2G,FASE 3,3.0,Fase 3 (7° e 8° ano),-1,-1.0,False,-1.0,Defasado,1.0,Ágata,6.689320600500001,5.0,5.25,8.4368530025,9.502,5.625,6.5625,6.415,6.0,4.5,,,,,,,
RA-735,2024,Aluno-735,2012,2012-06-29,12.0,Feminino,2021,Pública,EE João Ortiz Rodrigues,Cursando,FASE 2,2.0,2H,2H,FASE 3,3.0,Fase 3 (7° e 8° ano),-1,-1.0,False,-1.0,Defasado,1.0,Ametista,7.7888467391,5.0,8.0,9.782608695499999,8.002,6.255,7.65625,7.705,8.0,8.0,,,,,,,
RA-712,2024,Aluno-712,2011,2011-03-13,13.0,Masculino,2021,Pública,EE João Ortiz Rodrigues,Cursando,FASE 2,2.0,2H,2H,FASE 3,3.0,Fase 3 (7° e 8° ano),-1,-1.0,False,-1.0,Defasado,1.0,Ágata,6.2236373706000006,5.0,6.75,5.983436853,7.502,5.625,6.5625,6.04,7.0,6.5,,,,,,,
RA-1103,2024,Aluno-1103,2012,2012-11-30,11.0,Masculino,2023,Pública,EE Loris Nassif Mattar Profa,Cursando,FASE 2,2.0,2H,2H,FASE 2,2.0,Fase 2 (5° e 6° ano),0,0.0,False,0.0,Adequado,0.0,Ametista,7.861995031000001,10.0,7.25,7.763975155000001,8.502,7.51,7.5,7.54,6.0,8.5,,,,,,,
RA-570,2024,Aluno-570,2012,2012-01-03,12.0,Feminino,2021,Pública,EE João Ortiz Rodrigues,Cursando,FASE 2,2.0,2H,2H,FASE 3,3.0,Fase 3 (7° e 8° ano),-1,-1.0,False,-1.0,Defasado,1.0,Ágata,6.8133640787,5.0,6.75,8.0020703935,8.002,5.625,7.1875,6.4075,6.0,7.5,,,,,,,
RA-713,2024,Aluno-713,2013,2013-02-26,11.0,Masculino,2021,Pública,EE João Ortiz Rodrigues,Cursando,FASE 2,2.0,2H,2H,FASE 2,2.0,Fase 2 (5° e 6° ano),0,0.0,False,0.0,Adequado,0.0,Ametista,7.467500983400001,10.0,6.75,7.525879916999999,8.002,7.51,7.03125,6.79,6.0,7.5,,,,,,,
RA-714,2024,Aluno-714,2011,2011-06-30,13.0,Masculino,2021,Pública,EE João Ortiz Rodrigues,Cursando,FASE 2,2.0,2H,2H,FASE 3,3.0,Fase 3 (7° e 8° ano),-1,-1.0,False,-1.0,Defasado,1.0,Quartzo,5.4653662008,5.0,4.0,6.873706004,0.0,6.255,7.65625,6.9975,8.0,0.0,,,,,,,
RA-737,2024,Aluno-737,2013,2013-10-29,11.0,Feminino,2022,Pública,EE Dom Pedro Villas Boas de Souza,Cursando,FASE 2,2.0,2H,2H,FASE 2,2.0,Fase 2 (5° e 6° ano),0,0.0,False,0.0,Adequado,0.0,Topázio,8.4695488613,10.0,9.25,8.6542443065,8.502,6.885,7.5,8.0,9.0,9.5,,,,,,,
RA-1474,2024,Aluno-1474,2013,2013-01-05,11.0,Feminino,2024,Pública,EE João Ortiz Rodrigues,Cursando,FASE 2,2.0,2H,2H,FASE 2,2.0,Fase 2 (5° e 6° ano),0,0.0,False,0.0,Adequado,0.0,Ametista,7.384207505200001,10.0,7.5,7.960662526,8.002,5.625,6.71875,6.2875,7.0,8.0,,,,,,,
RA-1036,2024,Aluno-1036,2012,2012-07-18,12.0,Feminino,2023,Pública,EE João Ortiz Rodrigues,Cursando,FASE 2,2.0,2H,2H,FASE 2,2.0,Fase 2 (5° e 6° ano),0,0.0,False,0.0,Adequado,0.0,Topázio,8.2841303831,10.0,7.0,9.0890269155,10.002,7.51,7.65625,7.7475,7.0,7.0,,,,,,,
RA-576,2024,Aluno-576,2012,2012-08-23,12.0,Feminino,2022,Pública,EE João Ortiz Rodrigues,Cursando,FASE 2,2.0,2H,2H,FASE 2,2.0,Fase 2 (5° e 6° ano),0,0.0,False,0.0,Adequado,0.0,Topázio,8.93195,10.0,9.25,10.0,8.502,7.51,7.8125,8.4975,9.0,9.5,,,,,,,
RA-577,2024,Aluno-577,2012,2012-03-25,12.0,Feminino,2022,Pública,EE João Ortiz Rodrigues,Cursando,FASE 2,2.0,2H,2H,FASE 3,3.0,Fase 3 (7° e 8° ano),-1,-1.0,False,-1.0,Defasado,1.0,Ágata,6.629159109700001,5.0,8.0,5.7660455485,8.502,5.625,6.5625,6.535,7.0,9.0,,,,,,,
RA-580,2024,Aluno-580,2012,2012-02-15,12.0,Feminino,2021,Pública,EE João Ortiz Rodrigues,Cursando,FASE 2,2.0,2H,2H,FASE 3,3.0,Fase 3 (7° e 8° ano),-1,-1.0,False,-1.0,Defasado,1.0,Ametista,7.9281521222,5.0,9.25,8.871635610999999,9.002,7.51,7.03125,7.2475,10.0,8.5,,,,,,,
RA-581,2024,Aluno-581,2012,2012-02-24,12.0,Masculino,2021,Pública,EE João Ortiz Rodrigues,Cursando,FASE 2,2.0,2H,2H,FASE 3,3.0,Fase 3 (7° e 8° ano),-1,-1.0,False,-1.0,Defasado,1.0,Ametista,7.0833015528,5.0,8.75,8.198757764,7.418,5.625,6.5625,6.165,8.0,9.5,,,,,,,
RA-841,2024,Aluno-841,2011,2011-12-30,12.0,Masculino,2022,Pública,EE João Ortiz Rodrigues,Cursando,FASE 2,2.0,2H,2H,FASE 3,3.0,Fase 3 (7° e 8° ano),-1,-1.0,False,-1.0,Defasado,1.0,Ágata,6.035771224300001,5.0,3.25,6.3272311215000006,10.002,7.51,7.03125,5.83,4.0,2.5,,,,,,,
RA-730,2024,Aluno-730,2012,2012-12-17,11.0,Feminino,2021,Pública,EE Joaquim Mendes Feliz,Cursando,FASE 2,2.0,2I,2I,FASE 2,2.0,Fase 2 (5° e 6° ano),0,0.0,False,0.0,Adequado,0.0,Topázio,8.469255555700002,10.0,9.5,7.152777778,8.002,6.885,9.166666667,8.666666667,10.0,9.0,,,,,,,
RA-855,2024,Aluno-855,2013,2013-11-23,10.0,Feminino,2022,Pública,EE Dom Pedro Villas Boas de Souza,Cursando,FASE 2,2.0,2I,2I,FASE 2,2.0,Fase 2 (5° e 6° ano),0,0.0,False,0.0,Adequado,0.0,Topázio,8.578533333400001,10.0,8.5,10.0,9.002,7.51,7.5,7.386666667,9.0,8.0,,,,,,,
RA-820,2024,Aluno-820,2013,2013-08-26,11.0,Masculino,2022,Pública,EE Dom Pedro Villas Boas de Souza,Cursando,FASE 2,2.0,2I,2I,FASE 2,2.0,Fase 2 (5° e 6° ano),0,0.0,False,0.0,Adequado,0.0,Ametista,7.426572549100001,10.0,6.25,6.573529412,10.002,7.51,8.333333333,6.386666667,6.0,6.5,,,,,,,
RA-715,2024,Aluno-715,2013,2013-08-12,11.0,Feminino,2022,Pública,EM Maria Ignez Concelles Irma Ines,Cursando,FASE 2,2.0,2I,2I,FASE 2,2.0,Fase 2 (5° e 6° ano),0,0.0,False,0.0,Adequado,0.0,Quartzo,5.3098253133,10.0,2.75,5.250626566499999,9.002,3.755,5.0,4.67,2.0,3.5,,,,,,,
RA-1038,2024,Aluno-1038,2013,2013-07-21,11.0,Feminino,2023,Pública,EE Dom Pedro Villas Boas de Souza,Cursando,FASE 2,2.0,2I,2I,FASE 2,2.0,Fase 2 (5° e 6° ano),0,0.0,False,0.0,Adequado,0.0,Ametista,7.9646385965,10.0,8.5,7.5438596495,8.002,7.51,7.5,7.273333333,10.0,7.0,,,,,,,
RA-1475,2024,Aluno-1475,2013,2013-11-20,10.0,Feminino,2024,Pública,EE Dom Pedro Villas Boas de Souza,Cursando,FASE 2,2.0,2I,2I,FASE 2,2.0,Fase 2 (5° e 6° ano),0,0.0,False,0.0,Adequado,0.0,Ametista,7.413901754400001,10.0,5.0,8.070175439,9.002,7.51,7.5,6.993333333,7.0,3.0,,,,,,,
RA-1039,2024,Aluno-1039,2011,2011-08-05,13.0,Masculino,2023,Pública,EE Joaquim Mendes Feliz,Cursando,FASE 2,2.0,2I,2I,FASE 3,3.0,Fase 3 (7° e 8° ano),-1,-1.0,False,-1.0,Defasado,1.0,Ametista,7.549644444400001,5.0,7.25,9.722222222,8.002,7.51,7.5,6.77,8.0,6.5,,,,,,,
RA-745,2024,Aluno-745,2013,2013-08-04,11.0,Masculino,2021,Privada - Programa de Apadrinhamento,Colégio Arco Íris Evolução,Cursando,FASE 2,2.0,2I,2I,FASE 2,2.0,Fase 2 (5° e 6° ano),0,0.0,False,0.0,Adequado,0.0,Topázio,8.6102,10.0,8.5,10.0,9.002,6.26,7.5,8.17,8.0,9.0,,,,,,,
RA-718,2024,Aluno-718,2014,2014-08-11,10.0,Feminino,2022,Pública,EE Joaquim Mendes Feliz,Cursando,FASE 2,2.0,2I,2I,FASE 1,1.0,Fase 1 (3° e 4° ano),1,1.0,False,1.0,Adiantado,0.0,Topázio,8.705811111100001,10.0,9.5,9.5138888885,10.002,5.635,7.5,7.946666667,9.0,10.0,,,,,,,
RA-1040,2024,Aluno-1040,2011,2011-12-06,12.0,Masculino,2023,Pública,EE Joaquim Mendes Feliz,Cursando,FASE 2,2.0,2I,2I,FASE 3,3.0,Fase 3 (7° e 8° ano),-1,-1.0,False,-1.0,Defasado,1.0,Ametista,7.764199999900001,5.0,8.25,8.5416666665,9.502,7.51,7.5,7.273333333,8.0,8.5,,,,,,,
RA-746,2024,Aluno-746,2014,2014-04-09,10.0,Masculino,2022,Pública,EM Maria Ignez Concelles Irma Ines,Cursando,FASE 2,2.0,2I,2I,FASE 2,2.0,Fase 2 (5° e 6° ano),0,0.0,False,0.0,Adequado,0.0,Ametista,7.903311111100001,10.0,8.0,7.4305555555,8.502,7.51,7.5,7.33,8.0,8.0,,,,,,,
RA-1069,2024,Aluno-1069,2012,2012-09-18,12.0,Masculino,2023,Pública,EE Maria André Schunck Dona,Cursando,FASE 2,2.0,2K,2K,FASE 2,2.0,Fase 2 (5° e 6° ano),0,0.0,False,0.0,Adequado,0.0,Ametista,7.678917391300001,10.0,6.25,7.0760869565,9.002,7.51,8.125,7.75,7.0,5.5,,,,,,,
RA-1476,2024,Aluno-1476,2013,2013-01-22,11.0,Feminino,2024,Pública,EE Maria André Schunck Dona,Cursando,FASE 2,2.0,2K,2K,FASE 2,2.0,Fase 2 (5° e 6° ano),0,0.0,False,0.0,Adequado,0.0,Topázio,8.80795,10.0,8.5,10.0,9.502,5.635,8.4375,8.7525,8.0,9.0,,,,,,,
RA-827,2024,Aluno-827,2012,2012-10-11,12.0,Feminino,2022,Pública,EE Maria André Schunck Dona,Cursando,FASE 2,2.0,2K,2K,FASE 2,2.0,Fase 2 (5° e 6° ano),0,0.0,False,0.0,Adequado,0.0,Topázio,8.2483467391,10.0,7.25,9.782608695499999,10.002,5.01,7.65625,7.875,6.0,8.5,,,,,,,
RA-1477,2024,Aluno-1477,2012,2012-12-27,11.0,Masculino,2024,Pública,EE Maria André Schunck Dona,Cursando,FASE 2,2.0,2K,2K,FASE 2,2.0,Fase 2 (5° e 6° ano),0,0.0,False,0.0,Adequado,0.0,Ametista,7.0514989130000005,10.0,5.0,8.010869565,8.002,7.51,6.40625,6.2875,5.0,5.0,,,,,,,
RA-762,2024,Aluno-762,2010,2010-06-28,14.0,Masculino,2022,Pública,EM Cecilia Cristina de Oliveira Rodrigues,Cursando,FASE 2,2.0,2K,2K,FASE 4,4.0,Fase 4 (9° ano),-2,-2.0,False,-2.0,Defasado,1.0,Quartzo,5.9677326087,5.0,3.75,6.4239130435,10.002,6.26,6.5625,5.7525,4.0,3.5,,,,,,,
RA-778,2024,Aluno-778,2013,2013-07-11,11.0,Feminino,2021,Pública,Estuda em outra cidade,Cursando,FASE 2,2.0,2K,2K,FASE 2,2.0,Fase 2 (5° e 6° ano),0,0.0,False,0.0,Adequado,0.0,Topázio,8.0754139589,10.0,7.0,8.1235697945,10.002,7.51,7.5,7.7475,5.0,9.0,,,,,,,
RA-591,2024,Aluno-591,2011,2011-09-03,13.0,Masculino,2021,Pública,EM Cecilia Cristina de Oliveira Rodrigues,Cursando,FASE 2,2.0,2K,2K,FASE 3,3.0,Fase 3 (7° e 8° ano),-1,-1.0,False,-1.0,Defasado,1.0,Ágata,6.8360336957,5.0,7.5,7.913043478500001,7.418,6.255,5.78125,6.54,6.0,9.0,,,,,,,
RA-1478,2024,Aluno-1478,2012,2012-11-11,11.0,Masculino,2024,Pública,EE Maria André Schunck Dona,Cursando,FASE 2,2.0,2K,2K,FASE 2,2.0,Fase 2 (5° e 6° ano),0,0.0,False,0.0,Adequado,0.0,Ágata,6.7210333334,10.0,4.25,6.666666667,8.002,6.255,6.875,7.1225,4.0,4.5,,,,,,,
RA-829,2024,Aluno-829,2014,2014-09-30,10.0,Feminino,2022,Privada - Programa de Apadrinhamento,Colégio Arco Íris Evolução,Cursando,FASE 2,2.0,2K,2K,FASE 1,1.0,Fase 1 (3° e 4° ano),1,1.0,False,1.0,Adiantado,0.0,Topázio,9.171825000000002,10.0,8.0,9.75,9.502,9.38,8.90625,9.215,6.0,10.0,,,,,,,
RA-1479,2024,Aluno-1479,2012,2012-10-27,12.0,Masculino,2024,Pública,EE Maria André Schunck Dona,Cursando,FASE 2,2.0,2K,2K,FASE 2,2.0,Fase 2 (5° e 6° ano),0,0.0,False,0.0,Adequado,0.0,Ágata,6.615766239300001,10.0,4.25,6.1965811965,8.502,7.51,7.1875,6.0325,4.0,4.5,,,,,,,
RA-1480,2024,Aluno-1480,2011,2011-12-31,12.0,Masculino,2024,Pública,EM Alfredo Schunk,Cursando,FASE 2,2.0,2K,2K,FASE 3,3.0,Fase 3 (7° e 8° ano),-1,-1.0,False,-1.0,Defasado,1.0,Ametista,7.09445,5.0,5.5,8.875,8.502,7.51,7.1875,6.9975,,5.5,,,,,,,
RA-438,2024,Aluno-438,2012,2012-03-11,12.0,Masculino,2022,Pública,EE Maria André Schunck Dona,Cursando,FASE 2,2.0,2K,2K,FASE 3,3.0,Fase 3 (7° e 8° ano),-1,-1.0,False,-1.0,Defasado,1.0,Ametista,7.930283695700001,5.0,8.25,8.6630434785,9.168,7.51,7.96875,7.915,7.0,9.5,,,,,,,
RA-607,2024,Aluno-607,2012,2012-08-17,12.0,Masculino,2022,Pública,EE Helio Luiz Dobrochinski Prof,Cursando,FASE 2,2.0,2K,2K,FASE 2,2.0,Fase 2 (5° e 6° ano),0,0.0,False,0.0,Adequado,0.0,Ametista,7.6486021739000005,10.0,7.0,7.4782608695,8.502,7.51,7.1875,7.165,7.0,7.0,,,,,,,
RA-1481,2024,Aluno-1481,2012,2012-02-10,12.0,Feminino,2024,Pública,EM Cecilia Cristina de Oliveira Rodrigues,Cursando,FASE 2,2.0,2K,2K,FASE 3,3.0,Fase 3 (7° e 8° ano),-1,-1.0,False,-1.0,Defasado,1.0,Ágata,6.860721739100001,5.0,4.75,8.782608695499999,8.502,7.51,6.875,6.8275,4.0,5.5,,,,,,,
RA-1482,2024,Aluno-1482,2010,2010-11-05,14.0,Masculino,2024,Pública,EM Cecilia Cristina de Oliveira Rodrigues,Cursando,FASE 2,2.0,2K,2K,FASE 3,3.0,Fase 3 (7° e 8° ano),-1,-1.0,False,-1.0,Defasado,1.0,Quartzo,5.2257,5.0,0.0,5.0,8.502,7.51,7.5,6.8725,0.0,0.0,,,,,,,
RA-1483,2024,Aluno-1483,2013,2013-09-03,11.0,Masculino,2024,Pública,EE Jardim Campestre,Cursando,FASE 2,2.0,2K,2K,FASE 2,2.0,Fase 2 (5° e 6° ano),0,0.0,False,0.0,Adequado,0.0,Ametista,7.311433695700001,10.0,6.5,7.913043478500001,9.502,7.51,5.78125,5.7475,6.0,7.0,,,,,,,
RA-1484,2024,Aluno-1484,2010,2010-08-06,14.0,Feminino,2024,Pública,EE Maria André Schunck Dona,Cursando,FASE 2,2.0,2L,2L,FASE 3,3.0,Fase 3 (7° e 8° ano),-1,-1.0,False,-1.0,Defasado,1.0,Ametista,7.754200000000001,5.0,7.0,10.0,9.002,6.26,7.5,7.89,5.0,9.0,,,,,,,
RA-1485,2024,Aluno-1485,2011,2011-04-04,13.0,Masculino,2024,Pública,EM Cecilia Cristina de Oliveira Rodrigues,Cursando,FASE 2,2.0,2L,2L,FASE 3,3.0,Fase 3 (7° e 8° ano),-1,-1.0,False,-1.0,Defasado,1.0,Ágata,6.7386875776999995,5.0,5.0,7.7432712215,9.002,5.625,7.5,7.386666667,5.0,5.0,,,,,,,
RA-1486,2024,Aluno-1486,2013,2013-06-26,11.0,Masculino,2024,Pública,EE Maria André Schunck Dona,Cursando,FASE 2,2.0,2L,2L,FASE 2,2.0,Fase 2 (5° e 6° ano),0,0.0,False,0.0,Adequado,0.0,Ágata,6.865474509900001,10.0,5.75,5.431372549,8.002,6.26,7.916666667,7.056666667,6.0,5.5,,,,,,,
RA-597,2024,Aluno-597,2013,2013-02-21,11.0,Masculino,2022,Pública,EE Maria André Schunck Dona,Cursando,FASE 2,2.0,2L,2L,FASE 2,2.0,Fase 2 (5° e 6° ano),0,0.0,False,0.0,Adequado,0.0,Ametista,7.843291097300001,10.0,6.0,9.3271221535,9.002,7.51,7.5,6.883333333,5.0,7.0,,,,,,,
RA-624,2024,Aluno-624,2012,2012-08-02,12.0,Masculino,2022,Pública,EM Cecilia Cristina de Oliveira Rodrigues,Cursando,FASE 2,2.0,2L,2L,FASE 2,2.0,Fase 2 (5° e 6° ano),0,0.0,False,0.0,Adequado,0.0,Ametista,7.229425672900001,10.0,4.0,8.219461698,8.002,7.51,7.916666667,7.213333333,8.0,0.0,,,,,,,
RA-1487,2024,Aluno-1487,2011,2011-08-26,13.0,Feminino,2024,Pública,EE Maria André Schunck Dona,Cursando,FASE 2,2.0,2L,2L,FASE 3,3.0,Fase 3 (7° e 8° ano),-1,-1.0,False,-1.0,Defasado,1.0,Topázio,8.0267434782,5.0,8.25,9.5652173915,10.002,6.26,7.708333333,7.833333333,7.0,9.5,,,,,,,
RA-1488,2024,Aluno-1488,2013,2013-01-03,11.0,Feminino,2024,Pública,EE Maria André Schunck Dona,Cursando,FASE 2,2.0,2L,2L,FASE 2,2.0,Fase 2 (5° e 6° ano),0,0.0,False,0.0,Adequado,0.0,Ágata,6.7668935818000016,10.0,3.5,7.111801242,8.002,7.51,7.5,6.716666667,7.0,0.0,,,,,,,
RA-1489,2024,Aluno-1489,2012,2012-05-04,12.0,Masculino,2024,Pública,EE Maria André Schunck Dona,Cursando,FASE 2,2.0,2L,2L,FASE 3,3.0,Fase 3 (7° e 8° ano),-1,-1.0,False,-1.0,Defasado,1.0,Quartzo,5.9842289855000015,5.0,5.0,5.793478261000001,9.002,6.26,6.666666667,5.663333333,5.0,5.0,,,,,,,
RA-600,2024,Aluno-600,2013,2013-03-15,11.0,Feminino,2021,Pública,EM Cecilia Cristina de Oliveira Rodrigues,Cursando,FASE 2,2.0,2L,2L,FASE 2,2.0,Fase 2 (5° e 6° ano),0,0.0,False,0.0,Adequado,0.0,Ametista,7.847373913,10.0,7.5,8.010869565,8.002,7.51,7.5,7.22,8.0,7.0,,,,,,,
RA-663,2024,Aluno-663,2012,2012-02-17,12.0,Masculino,2022,Pública,EE Maria André Schunck Dona,Cursando,FASE 2,2.0,2L,2L,FASE 3,3.0,Fase 3 (7° e 8° ano),-1,-1.0,False,-1.0,Defasado,1.0,Ágata,6.696419461700001,5.0,6.5,7.0910973085,8.502,5.625,6.875,6.89,6.0,7.0,,,,,,,
RA-1490,2024,Aluno-1490,2012,2012-04-04,12.0,Feminino,2024,Privada,Rede Decisão - Unidade União,Cursando,FASE 2,2.0,2L,2L,FASE 3,3.0,Fase 3 (7° e 8° ano),-1,-1.0,False,-1.0,Defasado,1.0,Ametista,7.3725768116,5.0,7.75,9.5652173915,8.502,6.26,6.666666667,6.333333333,8.0,7.5,,,,,,,
RA-1491,2024,Aluno-1491,2012,2012-07-13,12.0,Masculino,2024,Pública,EE Maria André Schunck Dona,Cursando,FASE 2,2.0,2L,2L,FASE 2,2.0,Fase 2 (5° e 6° ano),0,0.0,False,0.0,Adequado,0.0,Ametista,7.5072,10.0,6.5,6.25,9.002,7.51,7.5,7.78,6.0,7.0,,,,,,,
RA-1066,2024,Aluno-1066,2013,2013-09-16,11.0,Feminino,2023,Pública,EM Cecilia Cristina de Oliveira Rodrigues,Cursando,FASE 2,2.0,2L,2L,FASE 2,2.0,Fase 2 (5° e 6° ano),0,0.0,False,0.0,Adequado,0.0,Ametista,7.9326223603,10.0,7.25,8.3954451345,9.502,6.26,7.5,7.386666667,7.0,7.5,,,,,,,
RA-630,2024,Aluno-630,2013,2013-04-22,11.0,Masculino,2022,Pública,EE Maria André Schunck Dona,Cursando,FASE 2,2.0,2L,2L,FASE 2,2.0,Fase 2 (5° e 6° ano),0,0.0,False,0.0,Adequado,0.0,Ágata,6.879985507300001,10.0,5.75,8.4782608695,0.0,7.51,7.5,7.666666667,6.0,5.5,,,,,,,
RA-1492,2024,Aluno-1492,2014,2014-11-27,9.0,Masculino,2024,Pública,EE Helio Luiz Dobrochinski Prof,Cursando,FASE 2,2.0,2L,2L,FASE 1,1.0,Fase 1 (3° e 4° ano),1,1.0,False,1.0,Adiantado,0.0,Topázio,8.479020512900002,10.0,8.0,8.8141025645,8.002,7.51,8.75,8.45,6.0,10.0,,,,,,,
RA-834,2024,Aluno-834,2013,2013-01-10,11.0,Masculino,2022,Pública,EE Maria André Schunck Dona,Cursando,FASE 2,2.0,2L,2L,FASE 2,2.0,Fase 2 (5° e 6° ano),0,0.0,False,0.0,Adequado,0.0,Topázio,8.513646169700001,10.0,8.75,9.109730849,8.002,6.26,7.708333333,8.723333333,9.0,8.5,,,,,,,
RA-784,2024,Aluno-784,2013,2013-04-24,11.0,Feminino,2022,Privada - Programa de Apadrinhamento,Colégio Arco Íris Evolução,Cursando,FASE 2,2.0,2M,2M,FASE 2,2.0,Fase 2 (5° e 6° ano),0,0.0,False,0.0,Adequado,0.0,Topázio,8.8857454545,10.0,8.75,9.7727272725,8.002,5.635,9.375,9.4,8.0,9.5,,,,,,,
RA-1059,2024,Aluno-1059,2013,2013-07-06,11.0,Masculino,2023,Pública,EE Helio Luiz Dobrochinski Prof,Cursando,FASE 2,2.0,2M,2M,FASE 2,2.0,Fase 2 (5° e 6° ano),0,0.0,False,0.0,Adequado,0.0,Topázio,8.678450000000002,10.0,7.5,10.0,8.002,6.26,9.0625,9.23,7.5,7.5,,,,,,,
RA-612,2024,Aluno-612,2012,2012-08-24,12.0,Feminino,2021,Privada - Programa de Apadrinhamento,Colégio Arco Íris Evolução,Cursando,FASE 2,2.0,2M,2M,FASE 2,2.0,Fase 2 (5° e 6° ano),0,0.0,False,0.0,Adequado,0.0,Topázio,9.134040909100001,10.0,9.75,9.5454545455,8.002,6.26,9.6875,9.4,9.5,10.0,,,,,,,
RA-1060,2024,Aluno-1060,2012,2012-11-06,12.0,Masculino,2023,Pública,EE Donizetti Aparecido Leite Professor,Cursando,FASE 2,2.0,2M,2M,FASE 2,2.0,Fase 2 (5° e 6° ano),0,0.0,False,0.0,Adequado,0.0,Ágata,6.448416666600001,10.0,3.25,6.0,9.585,6.26,7.8125,6.163333333,3.5,3.0,,,,,,,
RA-761,2024,Aluno-761,2013,2013-01-23,11.0,Masculino,2022,Pública,EE Donizetti Aparecido Leite Professor,Cursando,FASE 2,2.0,2M,2M,FASE 2,2.0,Fase 2 (5° e 6° ano),0,0.0,False,0.0,Adequado,0.0,Topázio,8.174593939300001,10.0,7.25,8.8636363635,8.502,6.26,8.75,8.003333333,8.0,6.5,,,,,,,
RA-1493,2024,Aluno-1493,2012,2012-03-12,12.0,Masculino,2024,Pública,EE Donizetti Aparecido Leite Professor,Cursando,FASE 2,2.0,2M,2M,FASE 3,3.0,Fase 3 (7° e 8° ano),-1,-1.0,False,-1.0,Defasado,1.0,Ágata,6.378661323900001,5.0,4.0,7.8468899525,8.502,7.51,7.1875,5.946666667,3.5,4.5,,,,,,,
RA-665,2024,Aluno-665,2011,2011-12-07,12.0,Feminino,2022,Pública,EE Donizetti Aparecido Leite Professor,Cursando,FASE 2,2.0,2M,2M,FASE 3,3.0,Fase 3 (7° e 8° ano),-1,-1.0,False,-1.0,Defasado,1.0,Quartzo,5.698703030200001,5.0,4.75,5.068181818,8.334,5.63,7.5,5.443333333,3.0,6.5,,,,,,,
RA-1115,2024,Aluno-1115,2012,2012-10-10,12.0,Feminino,2023,Pública,EE Donizetti Aparecido Leite Professor,Cursando,FASE 2,2.0,2M,2M,FASE 2,2.0,Fase 2 (5° e 6° ano),0,0.0,False,0.0,Adequado,0.0,Ágata,6.570068686900001,10.0,6.25,4.2676767675,8.002,7.51,7.5,5.826666667,6.5,6.0,,,,,,,
RA-1061,2024,Aluno-1061,2013,2013-07-25,11.0,Masculino,2023,Pública,EE Helio Luiz Dobrochinski Prof,Cursando,FASE 2,2.0,2M,2M,FASE 2,2.0,Fase 2 (5° e 6° ano),0,0.0,False,0.0,Adequado,0.0,Topázio,8.76595,10.0,8.5,10.0,8.502,6.26,8.4375,8.73,7.0,10.0,,,,,,,
RA-1494,2024,Aluno-1494,2013,2013-03-06,11.0,Feminino,2024,Pública,EE Donizetti Aparecido Leite Professor,Cursando,FASE 2,2.0,2M,2M,FASE 2,2.0,Fase 2 (5° e 6° ano),0,0.0,False,0.0,Adequado,0.0,Quartzo,5.8748823529,10.0,4.25,6.7794117645,0.0,7.51,7.5,5.84,8.5,0.0,,,,,,,
RA-1495,2024,Aluno-1495,2013,2013-09-19,11.0,Feminino,2021,Pública,EE Helio Luiz Dobrochinski Prof,Cursando,FASE 2,2.0,2M,2M,FASE 2,2.0,Fase 2 (5° e 6° ano),0,0.0,False,0.0,Adequado,0.0,Topázio,8.4845030302,10.0,8.25,8.318181818,9.002,7.51,8.75,8.223333333,8.5,8.0,,,,,,,
RA-606,2024,Aluno-606,2012,2012-12-18,11.0,Masculino,2022,Pública,EE Donizetti Aparecido Leite Professor,Cursando,FASE 2,2.0,2M,2M,FASE 2,2.0,Fase 2 (5° e 6° ano),0,0.0,False,0.0,Adequado,0.0,Ágata,6.645260606100001,10.0,3.25,7.6136363634999995,8.502,6.885,8.125,5.606666667,3.5,3.0,,,,,,,
RA-594,2024,Aluno-594,2012,2012-08-28,12.0,Masculino,2022,Pública,EE Donizetti Aparecido Leite Professor,Cursando,FASE 2,2.0,2M,2M,FASE 2,2.0,Fase 2 (5° e 6° ano),0,0.0,False,0.0,Adequado,0.0,Ágata,6.890966666600001,10.0,7.0,5.75,6.918,6.26,8.125,6.053333333,6.5,7.5,,,,,,,
RA-1496,2024,Aluno-1496,2012,2012-09-21,12.0,Feminino,2024,Pública,EE Maria André Schunck Dona,Cursando,FASE 2,2.0,2M,2M,FASE 2,2.0,Fase 2 (5° e 6° ano),0,0.0,False,0.0,Adequado,0.0,Ágata,6.7799738095,10.0,4.25,5.714285714500001,9.002,7.51,7.8125,6.773333333,2.5,6.0,,,,,,,
RA-1497,2024,Aluno-1497,2012,2012-05-18,12.0,Feminino,2024,Pública,EE Donizetti Aparecido Leite Professor,Cursando,FASE 2,2.0,2M,2M,FASE 2,2.0,Fase 2 (5° e 6° ano),0,0.0,False,0.0,Adequado,0.0,Quartzo,5.2423787879,10.0,2.0,5.0227272725,0.0,7.51,6.875,6.996666667,4.0,0.0,,,,,,,
RA-1498,2024,Aluno-1498,2011,2011-08-15,13.0,Feminino,2024,Pública,EE Donizetti Aparecido Leite Professor,Cursando,FASE 2,2.0,2M,2M,FASE 3,3.0,Fase 3 (7° e 8° ano),-1,-1.0,False,-1.0,Defasado,1.0,Ametista,7.147881818200001,5.0,7.0,7.840909091,8.502,7.51,8.125,6.33,5.0,9.0,,,,,,,
RA-1499,2024,Aluno-1499,2012,2012-11-03,12.0,Feminino,2024,Pública,EE Donizetti Aparecido Leite Professor,Cursando,FASE 2,2.0,2N,2N,FASE 2,2.0,Fase 2 (5° e 6° ano),0,0.0,False,0.0,Adequado,0.0,Ametista,7.914800000000001,10.0,6.5,9.25,8.418,6.885,8.125,7.11,6.0,7.0,,,,,,,
RA-788,2024,Aluno-788,2014,2014-03-11,10.0,Masculino,2021,Privada - Programa de Apadrinhamento,Colégio Arco Íris Evolução,Cursando,FASE 2,2.0,2N,2N,FASE 2,2.0,Fase 2 (5° e 6° ano),0,0.0,False,0.0,Adequado,0.0,Ametista,7.9221068268,10.0,5.75,9.519450801,8.418,6.26,8.4375,7.783333333,4.0,7.5,,,,,,,
RA-1500,2024,Aluno-1500,2013,2013-04-22,11.0,Masculino,2024,Pública,EE Donizetti Aparecido Leite Professor,Cursando,FASE 2,2.0,2N,2N,FASE 2,2.0,Fase 2 (5° e 6° ano),0,0.0,False,0.0,Adequado,0.0,Ametista,7.360450000100002,10.0,3.5,8.3333333335,9.502,6.885,8.4375,7.556666667,2.0,5.0,,,,,,,
RA-777,2024,Aluno-777,2014,2014-05-07,10.0,Feminino,2022,Pública,EE Helio Luiz Dobrochinski Prof,Cursando,FASE 2,2.0,2N,2N,FASE 2,2.0,Fase 2 (5° e 6° ano),0,0.0,False,0.0,Adequado,0.0,Ametista,7.563515408100001,10.0,4.5,8.7757437075,8.002,7.51,8.125,7.723333333,3.5,5.5,,,,,,,
RA-1063,2024,Aluno-1063,2012,2012-02-04,12.0,Masculino,2023,Pública,EE Donizetti Aparecido Leite Professor,Cursando,FASE 2,2.0,2N,2N,FASE 3,3.0,Fase 3 (7° e 8° ano),-1,-1.0,False,-1.0,Defasado,1.0,Ametista,7.279250000000001,5.0,7.75,9.75,5.25,7.51,7.8125,6.11,9.0,6.5,,,,,,,
RA-664,2024,Aluno-664,2012,2012-08-29,12.0,Feminino,2022,Pública,EE Donizetti Aparecido Leite Professor,Cursando,FASE 2,2.0,2N,2N,FASE 2,2.0,Fase 2 (5° e 6° ano),0,0.0,False,0.0,Adequado,0.0,Ametista,7.5017244089,10.0,5.75,6.7734553775,9.002,7.51,8.125,7.666666667,3.0,8.5,,,,,,,
RA-1501,2024,Aluno-1501,2013,2013-05-04,11.0,Feminino,2024,Pública,EE Donizetti Aparecido Leite Professor,Cursando,FASE 2,2.0,2N,2N,FASE 2,2.0,Fase 2 (5° e 6° ano),0,0.0,False,0.0,Adequado,0.0,Topázio,8.04495,10.0,5.0,10.0,9.502,7.51,8.4375,7.5,4.5,5.5,,,,,,,
RA-764,2024,Aluno-764,2014,2014-01-04,10.0,Masculino,2022,Privada,Colégio Franciscano Santa Clara,Cursando,FASE 2,2.0,2N,2N,FASE 2,2.0,Fase 2 (5° e 6° ano),0,0.0,False,0.0,Adequado,0.0,Ametista,7.838370289900001,10.0,6.0,7.8804347825,8.002,7.51,8.4375,8.336666667,3.0,9.0,,,,,,,
RA-1064,2024,Aluno-1064,2013,2013-08-31,11.0,Masculino,2023,Pública,EE Helio Luiz Dobrochinski Prof,Cursando,FASE 2,2.0,2N,2N,FASE 2,2.0,Fase 2 (5° e 6° ano),0,0.0,False,0.0,Adequado,0.0,Topázio,8.9802350877,10.0,8.5,9.7368421055,9.502,7.51,8.75,8.783333333,8.0,9.0,,,,,,,
RA-1065,2024,Aluno-1065,2013,2013-07-02,11.0,Feminino,2023,Pública,EE Helio Luiz Dobrochinski Prof,Cursando,FASE 2,2.0,2N,2N,FASE 2,2.0,Fase 2 (5° e 6° ano),0,0.0,False,0.0,Adequado,0.0,Topázio,8.8634934783,10.0,9.25,8.8152173915,9.502,6.26,9.0625,8.84,9.0,9.5,,,,,,,
RA-1502,2024,Aluno-1502,2012,2012-06-23,12.0,Feminino,2024,Pública,EE Donizetti Aparecido Leite Professor,Cursando,FASE 2,2.0,2N,2N,FASE 3,3.0,Fase 3 (7° e 8° ano),-1,-1.0,False,-1.0,Defasado,1.0,Ágata,6.886091025600001,5.0,5.25,7.628205128,8.002,7.51,7.8125,7.39,3.5,7.0,,,,,,,
RA-781,2024,Aluno-781,2013,2013-09-19,11.0,Feminino,2021,Pública,EE Helio Luiz Dobrochinski Prof,Cursando,FASE 2,2.0,2N,2N,FASE 2,2.0,Fase 2 (5° e 6° ano),0,0.0,False,0.0,Adequado,0.0,Topázio,8.496283333400001,10.0,7.25,9.75,8.002,7.51,8.4375,8.506666667,5.0,9.5,,,,,,,
RA-608,2024,Aluno-608,2012,2012-12-20,11.0,Masculino,2022,Pública,EE Donizetti Aparecido Leite Professor,Cursando,FASE 2,2.0,2N,2N,FASE 2,2.0,Fase 2 (5° e 6° ano),0,0.0,False,0.0,Adequado,0.0,Quartzo,5.778986231800001,10.0,4.25,3.054347826,9.002,6.885,7.1875,5.053333333,5.0,3.5,,,,,,,
RA-796,2024,Aluno-796,2012,2012-06-25,12.0,Feminino,2022,Pública,EE Donizetti Aparecido Leite Professor,Cursando,FASE 2,2.0,2P,2P,FASE 3,3.0,Fase 3 (7° e 8° ano),-1,-1.0,False,-1.0,Defasado,1.0,Ametista,7.052457703200001,5.0,5.25,8.2212885155,8.502,7.51,7.916666667,7.326666667,3.0,7.5,,,,,,,
RA-797,2024,Aluno-797,2012,2012-01-24,12.0,Masculino,2021,Pública,EE Donizetti Aparecido Leite Professor,Cursando,FASE 2,2.0,2P,2P,FASE 3,3.0,Fase 3 (7° e 8° ano),-1,-1.0,False,-1.0,Defasado,1.0,Ágata,6.597315151500001,5.0,7.25,4.840909091,9.168,7.51,6.666666667,6.723333333,8.0,6.5,,,,,,,
RA-636,2024,Aluno-636,2012,2012-09-28,12.0,Masculino,2022,Pública,EE Donizetti Aparecido Leite Professor,Cursando,FASE 2,2.0,2P,2P,FASE 2,2.0,Fase 2 (5° e 6° ano),0,0.0,False,0.0,Adequado,0.0,Ágata,6.3802279106,10.0,5.25,4.9043062200000005,8.002,7.51,6.875,5.553333333,4.0,6.5,,,,,,,
RA-1140,2024,Aluno-1140,2012,2012-08-28,12.0,Feminino,2023,Pública,EE Donizetti Aparecido Leite Professor,Cursando,FASE 2,2.0,2P,2P,FASE 2,2.0,Fase 2 (5° e 6° ano),0,0.0,False,0.0,Adequado,0.0,Ametista,7.3473880383,10.0,7.0,6.112440191499999,6.834,7.51,8.125,7.39,4.5,9.5,,,,,,,
RA-1503,2024,Aluno-1503,2011,2011-05-25,13.0,Feminino,2024,Pública,EE Donizetti Aparecido Leite Professor,Cursando,FASE 2,2.0,2P,2P,FASE 3,3.0,Fase 3 (7° e 8° ano),-1,-1.0,False,-1.0,Defasado,1.0,Ágata,6.991699999900001,5.0,2.75,10.0,7.502,7.51,8.958333333,7.723333333,3.0,2.5,,,,,,,
RA-814,2024,Aluno-814,2013,2013-05-29,11.0,Masculino,2022,Pública,EE Donizetti Aparecido Leite Professor,Cursando,FASE 2,2.0,2P,2P,FASE 2,2.0,Fase 2 (5° e 6° ano),0,0.0,False,0.0,Adequado,0.0,Ametista,7.971648484800001,10.0,7.5,9.090909091,7.418,7.51,7.5,7.053333333,8.0,7.0,,,,,,,
RA-637,2024,Aluno-637,2012,2012-09-22,12.0,Feminino,2021,Pública,EE Donizetti Aparecido Leite Professor,Cursando,FASE 2,2.0,2P,2P,FASE 2,2.0,Fase 2 (5° e 6° ano),0,0.0,False,0.0,Adequado,0.0,Ametista,7.6853212122,10.0,7.75,6.2272727275,7.502,7.51,8.333333333,7.776666667,6.5,9.0,,,,,,,
RA-652,2024,Aluno-652,2013,2013-06-02,11.0,Feminino,2022,Pública,EE Donizetti Aparecido Leite Professor,Cursando,FASE 2,2.0,2P,2P,FASE 2,2.0,Fase 2 (5° e 6° ano),0,0.0,False,0.0,Adequado,0.0,Ametista,7.361896969700001,10.0,5.5,6.931818182000001,8.002,7.51,7.916666667,7.663333333,4.5,6.5,,,,,,,
RA-816,2024,Aluno-816,2013,2013-05-04,11.0,Feminino,2022,Privada - Programa de Apadrinhamento,Colégio Arco Íris Evolução,Cursando,FASE 2,2.0,2P,2P,FASE 2,2.0,Fase 2 (5° e 6° ano),0,0.0,False,0.0,Adequado,0.0,Topázio,8.929745454599999,10.0,9.25,9.7727272725,7.002,7.51,9.166666667,8.786666667,8.5,10.0,,,,,,,
RA-1504,2024,Aluno-1504,2012,2012-06-26,12.0,Feminino,2024,Pública,EE Donizetti Aparecido Leite Professor,Cursando,FASE 2,2.0,2P,2P,FASE 3,3.0,Fase 3 (7° e 8° ano),-1,-1.0,False,-1.0,Defasado,1.0,Ágata,6.057060605999999,5.0,6.75,4.6136363634999995,7.5,5.63,5.833333333,6.94,5.0,8.5,,,,,,,
RA-638,2024,Aluno-638,2013,2013-01-05,11.0,Feminino,2021,Pública,EE Donizetti Aparecido Leite Professor,Cursando,FASE 2,2.0,2P,2P,FASE 2,2.0,Fase 2 (5° e 6° ano),0,0.0,False,0.0,Adequado,0.0,Ágata,6.7464878789,10.0,5.0,5.7272727275,8.502,7.51,8.125,5.936666667,4.0,6.0,,,,,,,
RA-1505,2024,Aluno-1505,2011,2011-07-08,13.0,Masculino,2024,Pública,EE Donizetti Aparecido Leite Professor,Cursando,FASE 2,2.0,2P,2P,FASE 3,3.0,Fase 3 (7° e 8° ano),-1,-1.0,False,-1.0,Defasado,1.0,Ágata,6.7199171717,5.0,3.75,7.5252525255,9.502,7.51,8.75,6.943333333,3.0,4.5,,,,,,,
RA-643,2024,Aluno-643,2012,2012-04-04,12.0,Masculino,2022,Pública,EE Donizetti Aparecido Leite Professor,Cursando,FASE 2,2.0,2P,2P,FASE 3,3.0,Fase 3 (7° e 8° ano),-1,-1.0,False,-1.0,Defasado,1.0,Ágata,6.402239075100001,5.0,4.5,6.8660287085,9.002,7.51,8.125,5.826666667,3.0,6.0,,,,,,,
RA-645,2024,Aluno-645,2012,2012-10-25,12.0,Feminino,2022,Pública,EE Donizetti Aparecido Leite Professor,Cursando,FASE 2,2.0,2P,2P,FASE 2,2.0,Fase 2 (5° e 6° ano),0,0.0,False,0.0,Adequado,0.0,Ametista,7.502239394,10.0,5.25,8.3863636365,7.418,7.51,7.708333333,7.556666667,3.0,7.5,,,,,,,
RA-1068,2024,Aluno-1068,2013,2013-01-03,11.0,Masculino,2023,Pública,EE Maria André Schunck Dona,Cursando,FASE 2,2.0,2R,2R,FASE 2,2.0,Fase 2 (5° e 6° ano),0,0.0,False,0.0,Adequado,0.0,Topázio,9.0150030303,10.0,9.5,9.068181818,9.502,7.51,8.541666667,8.73,9.0,10.0,,,,,,,
RA-798,2024,Aluno-798,2012,2012-01-03,12.0,Masculino,2022,Pública,EE Maria André Schunck Dona,Cursando,FASE 2,2.0,2R,2R,FASE 3,3.0,Fase 3 (7° e 8° ano),-1,-1.0,False,-1.0,Defasado,1.0,Quartzo,4.6743653679,5.0,4.75,3.5064935065,6.834,7.51,5.0,2.943333333,4.0,5.5,,,,,,,
RA-799,2024,Aluno-799,2012,2012-12-06,11.0,Feminino,2022,Pública,EE Maria André Schunck Dona,Cursando,FASE 2,2.0,2R,2R,FASE 2,2.0,Fase 2 (5° e 6° ano),0,0.0,False,0.0,Adequado,0.0,Ametista,7.702648484900001,10.0,5.25,9.090909091,7.918,7.51,7.916666667,7.5,5.0,5.5,,,,,,,
RA-1506,2024,Aluno-1506,2013,2013-08-01,11.0,Feminino,2024,Pública,EE Helio Luiz Dobrochinski Prof,Cursando,FASE 2,2.0,2R,2R,FASE 2,2.0,Fase 2 (5° e 6° ano),0,0.0,False,0.0,Adequado,0.0,Ametista,7.151855844200001,10.0,3.5,8.3874458875,8.002,7.51,6.458333333,7.886666667,0.0,7.0,,,,,,,
RA-802,2024,Aluno-802,2013,2013-03-20,11.0,Masculino,2021,Pública,EE Maria André Schunck Dona,Cursando,FASE 2,2.0,2R,2R,FASE 2,2.0,Fase 2 (5° e 6° ano),0,0.0,False,0.0,Adequado,0.0,Ametista,7.8317974024999994,10.0,8.75,7.012987013,7.502,7.51,8.333333333,6.723333333,9.0,8.5,,,,,,,
RA-1507,2024,Aluno-1507,2012,2012-04-11,12.0,Masculino,2024,Pública,EE Maria André Schunck Dona,Cursando,FASE 2,2.0,2R,2R,FASE 3,3.0,Fase 3 (7° e 8° ano),-1,-1.0,False,-1.0,Defasado,1.0,Quartzo,5.046077056300001,5.0,5.0,4.448051948,6.918,7.51,4.583333333,3.776666667,5.0,5.0,,,,,,,
RA-1071,2024,Aluno-1071,2012,2012-04-25,12.0,Masculino,2023,Pública,EE Maria André Schunck Dona,Cursando,FASE 2,2.0,2R,2R,FASE 3,3.0,Fase 3 (7° e 8° ano),-1,-1.0,False,-1.0,Defasado,1.0,Quartzo,4.8048623378,5.0,4.5,4.188311688500001,8.002,7.51,4.166666667,2.996666667,4.0,5.0,,,,,,,
RA-1508,2024,Aluno-1508,2013,2013-12-17,10.0,Feminino,2024,Pública,EE Helio Luiz Dobrochinski Prof,Cursando,FASE 2,2.0,2R,2R,FASE 2,2.0,Fase 2 (5° e 6° ano),0,0.0,False,0.0,Adequado,0.0,Topázio,8.1804207793,10.0,9.25,7.2294372295,7.502,7.51,7.5,8.166666667,10.0,8.5,,,,,,,
RA-1509,2024,Aluno-1509,2013,2013-05-26,11.0,Masculino,2024,Pública,EE Maria André Schunck Dona,Cursando,FASE 2,2.0,2R,2R,FASE 2,2.0,Fase 2 (5° e 6° ano),0,0.0,False,0.0,Adequado,0.0,Ametista,7.560230303200001,10.0,7.5,6.5151515155,8.502,7.51,6.666666667,7.446666667,7.0,8.0,,,,,,,
RA-1510,2024,Aluno-1510,2013,2013-02-10,11.0,Feminino,2024,Pública,EE Maria André Schunck Dona,Cursando,FASE 2,2.0,2R,2R,FASE 2,2.0,Fase 2 (5° e 6° ano),0,0.0,False,0.0,Adequado,0.0,Topázio,9.464745454400001,10.0,10.0,9.7727272725,10.002,7.51,9.583333333,9.003333333,10.0,10.0,,,,,,,
RA-785,2024,Aluno-785,2013,2013-07-19,11.0,Feminino,2022,Pública,EE Helio Luiz Dobrochinski Prof,Cursando,FASE 2,2.0,2U,2U,FASE 2,2.0,Fase 2 (5° e 6° ano),0,0.0,False,0.0,Adequado,0.0,Topázio,9.1548666666,10.0,9.0,10.0,9.502,7.51,8.75,8.893333333,8.0,10.0,,,,,,,
RA-1511,2024,Aluno-1511,2013,2013-10-03,11.0,Feminino,2024,Pública,EE Helio Luiz Dobrochinski Prof,Cursando,FASE 2,2.0,2U,2U,FASE 2,2.0,Fase 2 (5° e 6° ano),0,0.0,False,0.0,Adequado,0.0,Topázio,8.9217077641,10.0,8.75,9.3271221535,10.002,7.51,8.4375,8.556666667,8.0,9.5,,,,,,,
RA-752,2024,Aluno-752,2011,2011-11-28,12.0,Feminino,2022,Pública,EE Donizetti Aparecido Leite Professor,Cursando,FASE 2,2.0,2U,2U,FASE 3,3.0,Fase 3 (7° e 8° ano),-1,-1.0,False,-1.0,Defasado,1.0,Ágata,6.57279265,5.0,5.75,7.525879916999999,9.502,7.51,5.9375,5.613333333,7.0,4.5,,,,,,,
RA-790,2024,Aluno-790,2011,2011-10-08,13.0,Masculino,2022,Pública,EM Cecilia Cristina de Oliveira Rodrigues,Cursando,FASE 2,2.0,2U,2U,FASE 3,3.0,Fase 3 (7° e 8° ano),-1,-1.0,False,-1.0,Defasado,1.0,Ágata,6.8089355072,5.0,6.75,6.811594203,7.502,7.51,7.1875,6.883333333,4.0,9.5,,,,,,,
RA-590,2024,Aluno-590,2012,2012-05-29,12.0,Feminino,2021,Privada,Colégio Nogueira e Sonho de Criança,Cursando,FASE 2,2.0,2U,2U,FASE 3,3.0,Fase 3 (7° e 8° ano),-1,-1.0,False,-1.0,Defasado,1.0,Ágata,6.712378053800001,5.0,4.0,8.457556936,8.002,6.26,7.5,7.723333333,8.0,0.0,,,,,,,
RA-1512,2024,Aluno-1512,2014,2014-06-09,10.0,Feminino,2024,Pública,EE Helio Luiz Dobrochinski Prof,Cursando,FASE 2,2.0,2U,2U,FASE 2,2.0,Fase 2 (5° e 6° ano),0,0.0,False,0.0,Adequado,0.0,Topázio,8.10445,10.0,5.5,10.0,9.502,7.51,7.8125,7.61,7.0,4.0,,,,,,,
RA-472,2024,Aluno-472,2010,2010-09-08,14.0,Feminino,2022,Pública,EM Cecilia Cristina de Oliveira Rodrigues,Cursando,FASE 2,2.0,2U,2U,FASE 3,3.0,Fase 3 (7° e 8° ano),-1,-1.0,False,-1.0,Defasado,1.0,Ágata,6.6397610766,5.0,6.25,7.48447205,7.502,7.51,6.25,6.333333333,4.0,8.5,,,,,,,
RA-628,2024,Aluno-628,2011,2011-10-22,13.0,Masculino,2022,Pública,EM Alfredo Schunk,Cursando,FASE 2,2.0,2U,2U,FASE 3,3.0,Fase 3 (7° e 8° ano),-1,-1.0,False,-1.0,Defasado,1.0,Topázio,8.2366166666,5.0,9.0,10.0,9.002,7.51,7.1875,7.833333333,8.0,10.0,,,,,,,
RA-1513,2024,Aluno-1513,2012,2012-06-13,12.0,Feminino,2024,Pública,EE Maria André Schunck Dona,Cursando,FASE 2,2.0,2U,2U,FASE 3,3.0,Fase 3 (7° e 8° ano),-1,-1.0,False,-1.0,Defasado,1.0,Ágata,6.5509171717,5.0,3.75,7.5252525255,8.502,7.51,7.5,7.223333333,4.0,3.5,,,,,,,
RA-1514,2024,Aluno-1514,2012,2012-10-26,12.0,Feminino,2024,Pública,EM Cecilia Cristina de Oliveira Rodrigues,Cursando,FASE 2,2.0,2U,2U,FASE 2,2.0,Fase 2 (5° e 6° ano),0,0.0,False,0.0,Adequado,0.0,Ametista,7.520576262600001,10.0,5.5,7.979797980000001,9.002,7.51,7.1875,7.273333333,5.0,6.0,,,,,,,
RA-629,2024,Aluno-629,2013,2013-03-21,11.0,Feminino,2022,Pública,EM Cecilia Cristina de Oliveira Rodrigues,Cursando,FASE 2,2.0,2U,2U,FASE 2,2.0,Fase 2 (5° e 6° ano),0,0.0,False,0.0,Adequado,0.0,Topázio,8.061295238200001,10.0,6.0,9.523809524,10.002,7.51,7.5,7.276666667,6.0,6.0,,,,,,,
RA-832,2024,Aluno-832,2013,2013-07-21,11.0,Masculino,2022,Pública,EE Helio Luiz Dobrochinski Prof,Cursando,FASE 2,2.0,2U,2U,FASE 2,2.0,Fase 2 (5° e 6° ano),0,0.0,False,0.0,Adequado,0.0,Topázio,8.2403304348,10.0,8.0,8.695652174,9.002,7.51,7.5,7.5,7.0,9.0,,,,,,,
RA-1515,2024,Aluno-1515,2012,2012-04-20,12.0,Feminino,2024,Pública,EE Maria André Schunck Dona,Cursando,FASE 2,2.0,2U,2U,FASE 3,3.0,Fase 3 (7° e 8° ano),-1,-1.0,False,-1.0,Defasado,1.0,Quartzo,5.832133333300001,5.0,3.5,6.6666666665,6.418,6.255,6.875,6.72,6.0,1.0,,,,,,,
RA-833,2024,Aluno-833,2013,2013-10-01,11.0,Masculino,2022,Pública,EM Cecilia Cristina de Oliveira Rodrigues,Cursando,FASE 2,2.0,2U,2U,FASE 2,2.0,Fase 2 (5° e 6° ano),0,0.0,False,0.0,Adequado,0.0,Topázio,8.5184577641,10.0,8.0,9.3271221535,9.002,7.51,8.125,7.946666667,9.0,7.0,,,,,,,
RA-819,2024,Aluno-819,2014,2014-05-24,10.0,Masculino,2022,Pública,Estuda em outra cidade,Cursando,FASE 2,2.0,2U,2U,FASE 1,1.0,Fase 1 (3° e 4° ano),1,1.0,False,1.0,Adiantado,0.0,Topázio,8.652552484400001,10.0,9.0,7.784679089,10.002,7.51,8.4375,8.503333333,8.0,10.0,,,,,,,
RA-1073,2024,Aluno-1073,2011,2011-06-02,13.0,Feminino,2022,Pública,EE Mario Francisco de Amorim,Cursando,FASE 3,3.0,3A,3A,FASE 3,3.0,Fase 3 (7° e 8° ano),0,0.0,False,0.0,Adequado,0.0,Ametista,7.0859945773333335,10.0,6.5,6.370972886666667,9.168,7.5,6.875,5.7875,6.5,5.0,8.0,,,,,,
RA-494,2024,Aluno-494,2011,2011-04-20,13.0,Feminino,2022,Privada,Rede Decisão - Unidade União,Cursando,FASE 3,3.0,3A,3A,FASE 3,3.0,Fase 3 (7° e 8° ano),0,0.0,False,0.0,Adequado,0.0,Ametista,7.922281328333334,10.0,6.333333333333333,7.329323308333333,7.5,8.755,7.8125,8.915,6.0,5.5,7.5,,,,,,
RA-484,2024,Aluno-484,2011,2011-07-13,13.0,Masculino,2022,Pública,EE Leonice de Aquino Oliveira,Cursando,FASE 3,3.0,3A,3A,FASE 3,3.0,Fase 3 (7° e 8° ano),0,0.0,False,0.0,Adequado,0.0,Quartzo,3.8354776573333336,10.0,0.0,3.9141382866666667,8.334,2.51,3.4375,3.1225,0.0,0.0,0.0,,,,,,
RA-496,2024,Aluno-496,2011,2011-04-02,13.0,Masculino,2021,Privada,Recanto Betânia Centro Educacional,Cursando,FASE 3,3.0,3A,3A,FASE 3,3.0,Fase 3 (7° e 8° ano),0,0.0,False,0.0,Adequado,0.0,Ágata,6.726607507733334,10.0,5.666666666666667,5.315995871999999,10.002,6.255,6.71875,6.1625,5.0,4.5,7.5,,,,,,
RA-1516,2024,Aluno-1516,2011,2011-04-01,13.0,Feminino,2024,Privada,Colégio Arco Íris Evolução,Cursando,FASE 3,3.0,3A,3A,FASE 3,3.0,Fase 3 (7° e 8° ano),3,0.0,True,0.0,Adequado,0.0,Ametista,7.217066033133334,10.0,4.666666666666667,5.404288499000001,9.585,9.38,7.96875,7.5475,0.0,5.0,9.0,,,,,,
RA-1143,2024,Aluno-1143,2008,2008-04-30,16.0,Feminino,2021,Pública,EE Joaquim Mendes Feliz,Cursando,FASE 3,3.0,3A,3A,FASE 6,6.0,Fase 6 (2° EM),-3,-3.0,False,-3.0,Defasado,1.0,Quartzo,5.881225668333334,2.5,3.1666666666666665,5.201336675,9.585,9.38,7.03125,6.79,3.0,6.5,0.0,,,,,,
RA-1517,2024,Aluno-1517,2009,2009-07-31,15.0,Masculino,2024,Pública,EE Maria André Schunck Dona,Cursando,FASE 3,3.0,3A,3A,FASE 4,4.0,Fase 4 (9° ano),-1,-1.0,False,-1.0,Defasado,1.0,Ágata,6.240744444466667,5.0,4.666666666666667,4.305555555666667,9.168,9.38,7.5,6.7075,5.0,4.5,4.5,,,,,,
RA-1518,2024,Aluno-1518,2009,2009-06-20,15.0,Feminino,2022,Pública,EE Leonice de Aquino Oliveira,Cursando,FASE 3,3.0,3A,3A,FASE 4,4.0,Fase 4 (9° ano),-1,-1.0,False,-1.0,Defasado,1.0,Quartzo,5.721382142866666,5.0,1.75,5.714285714333333,7.084,9.38,7.65625,6.5825,0.0,3.5,,,,,,,
RA-227,2024,Aluno-227,2010,2010-12-10,13.0,Masculino,2022,Pública,Colégio Nogueira e Sonho de Criança,Cursando,FASE 3,3.0,3A,3A,FASE 3,3.0,Fase 3 (7° e 8° ano),0,0.0,False,0.0,Adequado,0.0,Topázio,8.074015455333335,10.0,6.5,8.097577276666668,9.585,9.38,7.5,7.54,4.0,6.0,9.5,,,,,,
RA-487,2024,Aluno-487,2012,2012-01-13,12.0,Feminino,2021,Privada - Programa de Apadrinhamento,Colégio Arco Íris Evolução,Cursando,FASE 3,3.0,3A,3A,FASE 3,3.0,Fase 3 (7° e 8° ano),0,0.0,False,0.0,Adequado,0.0,Topázio,9.4171373016,10.0,9.666666666666666,9.441269841333334,9.168,9.38,9.0625,9.1725,10.0,9.0,10.0,,,,,,
RA-1076,2024,Aluno-1076,2011,2011-08-11,13.0,Feminino,2021,Pública,EE Mario Francisco de Amorim,Cursando,FASE 3,3.0,3A,3A,FASE 3,3.0,Fase 3 (7° e 8° ano),0,0.0,False,0.0,Adequado,0.0,Ametista,7.479598365200001,10.0,6.333333333333333,7.777033492666668,8.334,8.125,7.03125,6.5425,5.5,6.5,7.0,,,,,,
RA-1084,2024,Aluno-1084,2012,2012-06-13,12.0,Feminino,2023,Pública,EE Leonice de Aquino Oliveira,Cursando,FASE 3,3.0,3A,3A,FASE 3,3.0,Fase 3 (7° e 8° ano),0,0.0,False,0.0,Adequado,0.0,Ágata,6.9071109649333335,10.0,3.6666666666666665,7.705263158,8.751,5.63,7.03125,7.4575,1.0,6.0,4.0,,,,,,
RA-1519,2024,Aluno-1519,2009,2009-09-09,15.0,Masculino,2024,,,Cursando,FASE 3,3.0,3A,3A,FASE 3,3.0,Fase 3 (7° e 8° ano),3,0.0,True,0.0,Adequado,0.0,Ametista,7.210222117800001,10.0,4.833333333333333,5.560902255666666,9.585,8.755,7.96875,7.5025,0.0,6.5,8.0,,,,,,
RA-490,2024,Aluno-490,2012,2012-04-08,12.0,Feminino,2022,Privada,Rede Decisão - Unidade União,Cursando,FASE 3,3.0,3A,3A,FASE 2,2.0,Fase 2 (5° e 6° ano),1,1.0,False,1.0,Adiantado,0.0,Ametista,7.368084290266667,10.0,6.166666666666667,5.5110047846666665,9.168,8.755,7.8125,7.295,5.5,6.0,7.0,,,,,,
RA-346,2024,Aluno-346,2012,2012-03-12,12.0,Masculino,2022,Pública,Rede Decisão - Unidade União,Cursando,FASE 3,3.0,3A,3A,FASE 3,3.0,Fase 3 (7° e 8° ano),0,0.0,False,0.0,Adequado,0.0,Ametista,7.761749603200001,10.0,6.166666666666667,9.149206349333333,10.002,2.51,7.96875,8.2525,6.0,4.5,8.0,,,,,,
RA-546,2024,Aluno-546,2011,2011-06-04,13.0,Feminino,2021,Pública,EE Alexandre Rodrigues Nogueira,Cursando,FASE 3,3.0,3B,3B,FASE 3,3.0,Fase 3 (7° e 8° ano),0,0.0,False,0.0,Adequado,0.0,Quartzo,5.702426010066667,10.0,4.666666666666667,3.7838383836666662,5.832,8.135,5.15625,5.5,0.0,4.0,10.0,,,,,,
RA-1087,2024,Aluno-1087,2011,2011-03-15,13.0,Feminino,2023,Pública,EE Mario Francisco de Amorim,Cursando,FASE 3,3.0,3B,3B,FASE 3,3.0,Fase 3 (7° e 8° ano),0,0.0,False,0.0,Adequado,0.0,Ágata,6.913936532,10.0,2.6666666666666665,8.393265993333333,7.917,8.755,7.1875,6.58,2.0,5.0,1.0,,,,,,
RA-493,2024,Aluno-493,2013,2013-04-19,11.0,Feminino,2021,Pública,EE Mario Francisco de Amorim,Cursando,FASE 3,3.0,3B,3B,FASE 2,2.0,Fase 2 (5° e 6° ano),1,1.0,False,1.0,Adiantado,0.0,Ametista,7.4643250000000005,10.0,3.1666666666666665,8.933333333333334,10.002,10.0,7.03125,6.705,3.0,4.0,2.5,,,,,,
RA-1520,2024,Aluno-1520,2010,2010-06-23,14.0,Feminino,2024,Pública,EE Alexandre Rodrigues Nogueira,Cursando,FASE 3,3.0,3B,3B,FASE 4,4.0,Fase 4 (9° ano),-1,-1.0,False,-1.0,Defasado,1.0,Ametista,7.0026462121333335,5.0,3.75,9.060606060666666,8.334,8.75,7.65625,7.3325,4.0,3.5,,,,,,,
RA-1072,2024,Aluno-1072,2011,2011-12-28,12.0,Masculino,2023,Pública,EE Leonice de Aquino Oliveira,Cursando,FASE 3,3.0,3B,3B,FASE 3,3.0,Fase 3 (7° e 8° ano),0,0.0,False,0.0,Adequado,0.0,Ametista,7.8153856754,10.0,8.166666666666666,5.627886710333333,8.751,8.755,7.96875,7.545,8.0,7.0,9.5,,,,,,
RA-1521,2024,Aluno-1521,2010,2010-01-24,14.0,Feminino,2024,Pública,EE Alexandre Rodrigues Nogueira,Cursando,FASE 3,3.0,3B,3B,FASE 4,4.0,Fase 4 (9° ano),-1,-1.0,False,-1.0,Defasado,1.0,Quartzo,5.065788844333333,5.0,3.1666666666666665,6.157902555,7.5,2.51,6.09375,5.4525,2.0,5.5,2.0,,,,,,
RA-536,2024,Aluno-536,2012,2012-11-27,11.0,Feminino,2021,Pública,EE Leonice de Aquino Oliveira,Cursando,FASE 3,3.0,3B,3B,FASE 2,2.0,Fase 2 (5° e 6° ano),1,1.0,False,1.0,Adiantado,0.0,Ametista,7.7704681818,10.0,5.5,9.109090909,8.334,8.135,7.1875,7.415,6.5,4.5,5.5,,,,,,
RA-1079,2024,Aluno-1079,2010,2010-12-02,13.0,Masculino,2023,Pública,EE Alexandre Rodrigues Nogueira,Cursando,FASE 3,3.0,3B,3B,FASE 3,3.0,Fase 3 (7° e 8° ano),0,0.0,False,0.0,Adequado,0.0,Quartzo,5.4253413299333335,10.0,6.333333333333333,4.516498316333333,7.5,2.51,4.21875,4.1625,5.0,7.5,6.5,,,,,,
RA-331,2024,Aluno-331,2010,2010-04-22,14.0,Feminino,2021,Pública,EE Leonice de Aquino Oliveira,Cursando,FASE 3,3.0,3B,3B,FASE 4,4.0,Fase 4 (9° ano),-1,-1.0,False,-1.0,Defasado,1.0,Ágata,6.231045707066668,5.0,3.5,7.735353535333334,8.751,8.755,6.09375,5.62,4.0,3.5,3.0,,,,,,
RA-1522,2024,Aluno-1522,2011,2011-01-19,13.0,Masculino,2024,Pública,EE Leonice de Aquino Oliveira,Cursando,FASE 3,3.0,3B,3B,FASE 3,3.0,Fase 3 (7° e 8° ano),0,0.0,False,0.0,Adequado,0.0,Topázio,8.3261,10.0,7.0,10.0,8.751,9.38,6.875,7.1275,10.0,4.0,,,,,,,
RA-1096,2024,Aluno-1096,2012,2012-12-05,11.0,Feminino,2023,Pública,EE Leonice de Aquino Oliveira,Cursando,FASE 3,3.0,3B,3B,FASE 2,2.0,Fase 2 (5° e 6° ano),1,1.0,False,1.0,Adiantado,0.0,Topázio,9.189883333333334,10.0,8.5,9.866666666666667,9.168,8.755,9.0625,9.09,8.5,7.0,10.0,,,,,,
RA-513,2024,Aluno-513,2013,2013-01-17,11.0,Masculino,2021,Privada,Escola João Paulo II,Cursando,FASE 3,3.0,3B,3B,FASE 2,2.0,Fase 2 (5° e 6° ano),1,1.0,False,1.0,Adiantado,0.0,Topázio,8.728632539666668,10.0,7.666666666666667,8.831746031666666,10.002,8.135,9.0625,8.545,9.0,5.5,8.5,,,,,,
RA-531,2024,Aluno-531,2012,2012-06-19,12.0,Masculino,2022,Pública,EE Leonice de Aquino Oliveira,Cursando,FASE 3,3.0,3B,3B,FASE 3,3.0,Fase 3 (7° e 8° ano),0,0.0,False,0.0,Adequado,0.0,Ametista,7.9127926470666665,10.0,6.666666666666667,9.803921568666667,9.168,4.38,7.96875,7.335,6.5,4.5,9.0,,,,,,
RA-1523,2024,Aluno-1523,2012,2012-12-04,11.0,Masculino,2024,Pública,EE Alexandre Rodrigues Nogueira,Cursando,FASE 3,3.0,3B,3B,FASE 2,2.0,Fase 2 (5° e 6° ano),1,1.0,False,1.0,Adiantado,0.0,Topázio,8.67371279,10.0,8.166666666666666,9.283272283333334,6.666,8.755,8.90625,8.755,8.0,6.5,10.0,,,,,,
RA-1524,2024,Aluno-1524,2010,2010-03-13,14.0,Feminino,2024,Pública,EE Mario Francisco de Amorim,Cursando,FASE 3,3.0,3B,3B,FASE 4,4.0,Fase 4 (9° ano),-1,-1.0,False,-1.0,Defasado,1.0,Quartzo,5.5473805555333335,5.0,4.0,2.777777777666667,7.917,7.51,7.65625,6.9175,4.0,,,,,,,,
RA-1147,2024,Aluno-1147,2009,2009-07-04,15.0,Feminino,2023,Pública,EE Loris Nassif Mattar Profa,Cursando,FASE 3,3.0,3B,3B,FASE 4,4.0,Fase 4 (9° ano),-1,-1.0,False,-1.0,Defasado,1.0,Quartzo,5.833118518533334,5.0,3.1666666666666665,6.125925926,8.751,8.755,6.25,5.495,2.0,5.0,2.5,,,,,,
RA-479,2024,Aluno-479,2012,2012-08-10,12.0,Masculino,2021,Privada - Programa de Apadrinhamento,Colégio Arco Íris Evolução,Cursando,FASE 3,3.0,3C,3C,FASE 2,2.0,Fase 2 (5° e 6° ano),1,1.0,False,1.0,Adiantado,0.0,Topázio,8.901966666666668,10.0,9.666666666666666,9.866666666666667,9.168,2.51,9.375,9.45,10.0,9.0,10.0,,,,,,
RA-517,2024,Aluno-517,2010,2010-07-25,14.0,Feminino,2021,Pública,EE Paschoal Carlos Magno,Cursando,FASE 3,3.0,3C,3C,FASE 3,3.0,Fase 3 (7° e 8° ano),0,0.0,False,0.0,Adequado,0.0,Quartzo,5.880466583166668,10.0,5.0,5.266499582333334,7.5,2.51,6.041666667,6.11,4.5,4.0,6.5,,,,,,
RA-325,2024,Aluno-325,2012,2012-02-20,12.0,Masculino,2022,Pública,EE Paschoal Carlos Magno,Cursando,FASE 3,3.0,3C,3C,FASE 3,3.0,Fase 3 (7° e 8° ano),0,0.0,False,0.0,Adequado,0.0,Topázio,8.385133333233336,10.0,7.0,9.866666666666667,9.168,7.51,8.333333333,7.553333333,7.0,5.5,8.5,,,,,,
RA-1525,2024,Aluno-1525,2011,2011-01-18,13.0,Masculino,2024,Pública,EE Joaquim Mendes Feliz,Cursando,FASE 3,3.0,3C,3C,FASE 3,3.0,Fase 3 (7° e 8° ano),0,0.0,False,0.0,Adequado,0.0,Ametista,7.778263492033334,10.0,7.0,8.293650793666666,7.917,5.63,8.541666667,7.553333333,6.5,5.5,9.0,,,,,,
RA-518,2024,Aluno-518,2012,2012-03-19,12.0,Masculino,2022,Pública,EE Paschoal Carlos Magno,Cursando,FASE 3,3.0,3C,3C,FASE 3,3.0,Fase 3 (7° e 8° ano),0,0.0,False,0.0,Adequado,0.0,Ágata,6.3467483709,10.0,4.0,6.8300751879999995,8.334,2.51,7.083333333,6.94,7.5,3.5,1.0,,,,,,
RA-1146,2024,Aluno-1146,2008,2008-11-20,15.0,Feminino,2023,Pública,EE Mario Francisco de Amorim,Cursando,FASE 3,3.0,3C,3C,FASE 5,5.0,Fase 5 (1° EM),-2,-2.0,False,-2.0,Defasado,1.0,Quartzo,5.3933086048000005,5.0,2.0,5.017209691,10.002,6.88,6.25,5.883333333,2.0,0.0,4.0,,,,,,
RA-530,2024,Aluno-530,2012,2012-02-25,12.0,Masculino,2021,Pública,EE Joaquim Mendes Feliz,Cursando,FASE 3,3.0,3C,3C,FASE 3,3.0,Fase 3 (7° e 8° ano),0,0.0,False,0.0,Adequado,0.0,Ametista,7.214534419433333,10.0,4.5,6.468838763666667,8.751,9.38,7.083333333,7.496666667,4.0,6.0,3.5,,,,,,
RA-524,2024,Aluno-524,2011,2011-09-05,13.0,Masculino,2021,Pública,EE Paschoal Carlos Magno,Cursando,FASE 3,3.0,3C,3C,FASE 3,3.0,Fase 3 (7° e 8° ano),0,0.0,False,0.0,Adequado,0.0,Ametista,7.026322556366667,10.0,8.666666666666666,5.111779448666667,7.083,2.51,8.333333333,7.39,8.5,7.5,10.0,,,,,,
RA-578,2024,Aluno-578,2012,2012-08-13,12.0,Masculino,2021,Privada - Programa de Apadrinhamento,Colégio Arco Íris Evolução,Cursando,FASE 3,3.0,3C,3C,FASE 2,2.0,Fase 2 (5° e 6° ano),1,1.0,False,1.0,Adiantado,0.0,Topázio,9.066199999966669,10.0,9.833333333333334,10.0,10.002,2.51,9.583333333,9.45,10.0,9.5,10.0,,,,,,
RA-526,2024,Aluno-526,2010,2010-03-05,14.0,Masculino,2022,Pública,EE Paschoal Carlos Magno,Cursando,FASE 3,3.0,3C,3C,FASE 4,4.0,Fase 4 (9° ano),-1,-1.0,False,-1.0,Defasado,1.0,Ametista,7.843157894833334,5.0,7.333333333333333,9.382456140333334,9.585,8.13,7.291666667,7.496666667,8.5,3.5,10.0,,,,,,
RA-528,2024,Aluno-528,2011,2011-08-03,13.0,Masculino,2021,Pública,EE Joaquim Mendes Feliz,Cursando,FASE 3,3.0,3C,3C,FASE 3,3.0,Fase 3 (7° e 8° ano),0,0.0,False,0.0,Adequado,0.0,Ametista,7.276330075300001,10.0,6.666666666666667,5.793483709333334,9.168,7.51,7.291666667,6.936666667,8.5,4.5,7.0,,,,,,
RA-516,2024,Aluno-516,2013,2013-06-27,11.0,Masculino,2021,Privada - Programa de Apadrinhamento,Colégio Arco Íris Evolução,Cursando,FASE 3,3.0,3C,3C,FASE 2,2.0,Fase 2 (5° e 6° ano),1,1.0,False,1.0,Adiantado,0.0,Topázio,8.384033333366668,10.0,8.833333333333334,10.0,10.002,2.51,8.541666667,7.56,8.0,8.5,10.0,,,,,,
RA-534,2024,Aluno-534,2010,2010-04-25,14.0,Masculino,2021,Pública,EE Paschoal Carlos Magno,Cursando,FASE 3,3.0,3C,3C,FASE 3,3.0,Fase 3 (7° e 8° ano),0,0.0,False,0.0,Adequado,0.0,Ametista,7.088855054266667,10.0,5.0,6.043441938333333,9.585,7.51,7.5,7.103333333,4.0,4.0,7.0,,,,,,
RA-1097,2024,Aluno-1097,2009,2009-07-06,15.0,Masculino,2023,Pública,EE Paschoal Carlos Magno,Cursando,FASE 3,3.0,3C,3C,FASE 4,4.0,Fase 4 (9° ano),-1,-1.0,False,-1.0,Defasado,1.0,Quartzo,5.475324895633334,5.0,3.0,4.849791144666667,10.002,6.25,6.041666667,5.88,4.5,4.5,0.0,,,,,,
RA-360,2024,Aluno-360,2010,2010-04-17,14.0,Feminino,2021,Pública,EE Paschoal Carlos Magno,Cursando,FASE 3,3.0,3C,3C,FASE 4,4.0,Fase 4 (9° ano),-1,-1.0,False,-1.0,Defasado,1.0,Ágata,6.293175689166667,5.0,5.833333333333333,5.618045113,8.334,5.0,7.708333333,6.993333333,4.0,6.0,7.5,,,,,,
RA-1526,2024,Aluno-1526,2011,2011-08-09,13.0,Feminino,2024,Pública,EE Alexandre Rodrigues Nogueira,Cursando,FASE 3,3.0,3D,3D,FASE 3,3.0,Fase 3 (7° e 8° ano),0,0.0,False,0.0,Adequado,0.0,Ametista,7.9798,10.0,3.75,10.0,9.168,8.75,8.125,8.1275,2.0,5.5,,,,,,,
RA-1077,2024,Aluno-1077,2012,2012-04-03,12.0,Masculino,2023,Pública,EE Alexandre Rodrigues Nogueira,Cursando,FASE 3,3.0,3D,3D,FASE 3,3.0,Fase 3 (7° e 8° ano),0,0.0,False,0.0,Adequado,0.0,Quartzo,5.543865740733334,10.0,2.0,7.703703703666666,0.0,6.885,6.40625,6.37,0.0,6.0,0.0,,,,,,
RA-508,2024,Aluno-508,2012,2012-10-27,12.0,Masculino,2022,Pública,EE Alexandre Rodrigues Nogueira,Cursando,FASE 3,3.0,3D,3D,FASE 2,2.0,Fase 2 (5° e 6° ano),1,1.0,False,1.0,Adiantado,0.0,Ágata,6.771708625733333,10.0,4.666666666666667,5.567251461999999,7.083,7.51,7.65625,7.5,0.0,7.0,7.0,,,,,,
RA-363,2024,Aluno-363,2010,2010-06-27,14.0,Masculino,2022,Privada,Colégio Nogueira e Sonho de Criança,Cursando,FASE 3,3.0,3D,3D,FASE 3,3.0,Fase 3 (7° e 8° ano),0,0.0,False,0.0,Adequado,0.0,Ametista,7.617803571466666,10.0,5.333333333333333,9.523809524,9.585,5.625,7.34375,6.955,4.0,3.5,8.5,,,,,,
RA-340,2024,Aluno-340,2011,2011-02-12,13.0,Masculino,2021,Pública,EE Alexandre Rodrigues Nogueira,Cursando,FASE 3,3.0,3D,3D,FASE 3,3.0,Fase 3 (7° e 8° ano),0,0.0,False,0.0,Adequado,0.0,Ágata,6.715437329466668,10.0,5.166666666666667,6.585769980666666,7.917,7.51,6.5625,5.83,6.0,7.0,2.5,,,,,,
RA-1527,2024,Aluno-1527,2010,2010-12-31,13.0,Masculino,2024,Pública,EE Alexandre Rodrigues Nogueira,Cursando,FASE 3,3.0,3D,3D,FASE 3,3.0,Fase 3 (7° e 8° ano),0,0.0,False,0.0,Adequado,0.0,Topázio,8.631675000000001,10.0,8.0,10.0,9.168,7.51,7.96875,7.835,9.0,7.0,,,,,,,
RA-509,2024,Aluno-509,2010,2010-11-28,13.0,Feminino,2021,Pública,EE Leonice de Aquino Oliveira,Cursando,FASE 3,3.0,3D,3D,FASE 3,3.0,Fase 3 (7° e 8° ano),0,0.0,False,0.0,Adequado,0.0,Ágata,6.918152272733334,10.0,6.0,6.363636363666667,9.168,2.51,8.28125,7.2475,6.0,4.5,7.5,,,,,,
RA-500,2024,Aluno-500,2012,2012-06-29,12.0,Feminino,2021,Privada - Programa de Apadrinhamento,Colégio Arco Íris Evolução,Cursando,FASE 3,3.0,3D,3D,FASE 3,3.0,Fase 3 (7° e 8° ano),0,0.0,False,0.0,Adequado,0.0,Topázio,8.077708333333334,10.0,6.666666666666667,10.0,9.585,2.51,8.59375,8.3775,6.0,6.0,8.0,,,,,,
RA-1528,2024,Aluno-1528,2011,2011-01-20,13.0,Masculino,2024,Pública,EE Alexandre Rodrigues Nogueira,Cursando,FASE 3,3.0,3D,3D,FASE 3,3.0,Fase 3 (7° e 8° ano),0,0.0,False,0.0,Adequado,0.0,Ametista,7.622584090933335,10.0,5.666666666666667,7.787878788,9.168,7.51,7.96875,7.335,3.0,6.0,8.0,,,,,,
RA-1089,2024,Aluno-1089,2012,2012-03-08,12.0,Feminino,2023,Pública,EE Bairro Boa Vista,Cursando,FASE 3,3.0,3D,3D,FASE 3,3.0,Fase 3 (7° e 8° ano),0,0.0,False,0.0,Adequado,0.0,Ametista,7.6221531746,10.0,6.833333333333333,7.039682539666667,9.168,8.13,7.1875,6.995,6.0,6.0,8.5,,,,,,
RA-1090,2024,Aluno-1090,2010,2010-07-22,14.0,Masculino,2023,Pública,EE Alexandre Rodrigues Nogueira,Cursando,FASE 3,3.0,3D,3D,FASE 3,3.0,Fase 3 (7° e 8° ano),0,0.0,False,0.0,Adequado,0.0,Ametista,7.7652831384,10.0,6.333333333333333,7.621832358666666,9.585,7.51,7.8125,7.4175,3.5,7.5,8.0,,,,,,
RA-503,2024,Aluno-503,2012,2012-09-08,12.0,Masculino,2021,Pública,EE Leonice de Aquino Oliveira,Cursando,FASE 3,3.0,3D,3D,FASE 2,2.0,Fase 2 (5° e 6° ano),1,1.0,False,1.0,Adiantado,0.0,Topázio,8.547495614066667,10.0,7.666666666666667,9.824561403666666,9.585,7.51,7.8125,7.7925,6.0,8.0,9.0,,,,,,
RA-1093,2024,Aluno-1093,2012,2012-03-22,12.0,Masculino,2023,Pública,EE Mario Francisco de Amorim,Cursando,FASE 3,3.0,3D,3D,FASE 3,3.0,Fase 3 (7° e 8° ano),0,0.0,False,0.0,Adequado,0.0,Topázio,8.5079027778,10.0,8.666666666666666,7.722222222333333,7.5,8.13,8.90625,8.8825,8.5,8.0,9.5,,,,,,
RA-1094,2024,Aluno-1094,2011,2011-12-25,12.0,Feminino,2023,Pública,EE Leonice de Aquino Oliveira,Cursando,FASE 3,3.0,3D,3D,FASE 3,3.0,Fase 3 (7° e 8° ano),0,0.0,False,0.0,Adequado,0.0,Topázio,8.0164785714,10.0,7.333333333333333,9.523809523666666,9.168,2.51,8.4375,8.1675,6.0,7.5,8.5,,,,,,
RA-1095,2024,Aluno-1095,2010,2010-07-11,14.0,Masculino,2023,Pública,EE Mario Francisco de Amorim,Cursando,FASE 3,3.0,3D,3D,FASE 3,3.0,Fase 3 (7° e 8° ano),0,0.0,False,0.0,Adequado,0.0,Ágata,6.108547514666667,10.0,2.3333333333333335,7.84502924,7.5,7.51,5.46875,5.125,3.0,2.0,2.0,,,,,,
RA-1098,2024,Aluno-1098,2010,2010-10-22,14.0,Feminino,2023,Pública,EE Alexandre Rodrigues Nogueira,Cursando,FASE 3,3.0,3D,3D,FASE 3,3.0,Fase 3 (7° e 8° ano),0,0.0,False,0.0,Adequado,0.0,Ágata,6.5744562514,10.0,3.5,5.822406257,8.751,7.51,7.34375,6.7475,1.0,3.5,6.0,,,,,,
RA-1106,2024,Aluno-1106,2011,2011-05-19,13.0,Masculino,2023,Pública,EE João Ortiz Rodrigues,Cursando,FASE 3,3.0,3F,3F,FASE 3,3.0,Fase 3 (7° e 8° ano),0,0.0,False,0.0,Adequado,0.0,Quartzo,5.936272086266667,10.0,0.0,5.4312354313333335,8.334,7.51,7.65625,7.5,0.0,0.0,0.0,,,,,,
RA-568,2024,Aluno-568,2008,2008-05-08,16.0,Masculino,2021,Pública,EE Joaquim Mendes Feliz,Cursando,FASE 3,3.0,3F,3F,FASE 5,5.0,Fase 5 (1° EM),-2,-2.0,False,-2.0,Defasado,1.0,Quartzo,5.545864285733334,5.0,5.166666666666667,3.2619047620000003,7.917,8.13,6.5625,5.496,5.0,5.5,5.0,,,,,,
RA-558,2024,Aluno-558,2008,2008-09-02,16.0,Masculino,2022,Pública,EE Alexandre Rodrigues Nogueira,Cursando,FASE 3,3.0,3F,3F,FASE 5,5.0,Fase 5 (1° EM),-2,-2.0,False,-2.0,Defasado,1.0,Quartzo,5.048054503133334,5.0,3.0,3.7763975156666674,9.168,8.13,6.09375,4.268,2.5,4.0,2.5,,,,,,
RA-559,2024,Aluno-559,2011,2011-04-08,13.0,Masculino,2021,Pública,EE João Ortiz Rodrigues,Cursando,FASE 3,3.0,3F,3F,FASE 3,3.0,Fase 3 (7° e 8° ano),0,0.0,False,0.0,Adequado,0.0,Ágata,6.158158974333333,10.0,3.1666666666666665,5.705128205,10.002,8.13,6.25,4.728,1.0,2.5,6.0,,,,,,
RA-1529,2024,Aluno-1529,2010,2010-04-01,14.0,Feminino,2024,Pública,EE João Ortiz Rodrigues,Cursando,FASE 3,3.0,3F,3F,FASE 4,4.0,Fase 4 (9° ano),-1,-1.0,False,-1.0,Defasado,1.0,Ágata,6.710079487200001,5.0,5.5,7.435897436,6.666,7.51,8.125,6.964,6.0,5.5,5.0,,,,,,
RA-1111,2024,Aluno-1111,2012,2012-07-09,12.0,Feminino,2023,Pública,EE Leonice de Aquino Oliveira,Cursando,FASE 3,3.0,3F,3F,FASE 2,2.0,Fase 2 (5° e 6° ano),1,1.0,False,1.0,Adiantado,0.0,Ágata,6.116032815733334,10.0,5.0,4.600414078666667,6.249,7.5,6.5625,5.824,5.0,4.0,6.0,,,,,,
RA-1108,2024,Aluno-1108,2010,2010-12-16,13.0,Masculino,2023,Pública,EE João Ortiz Rodrigues,Cursando,FASE 3,3.0,3F,3F,FASE 3,3.0,Fase 3 (7° e 8° ano),0,0.0,False,0.0,Adequado,0.0,Ágata,6.017215010400001,10.0,3.6666666666666665,3.7546583853333337,9.168,8.13,7.1875,5.422,3.5,3.5,4.0,,,,,,
RA-542,2024,Aluno-542,2011,2011-09-20,13.0,Feminino,2021,Pública,EE João Ortiz Rodrigues,Cursando,FASE 3,3.0,3F,3F,FASE 3,3.0,Fase 3 (7° e 8° ano),0,0.0,False,0.0,Adequado,0.0,Ágata,6.7205649586,10.0,3.9333333333333336,6.481366459666667,8.751,8.13,7.03125,6.232,1.5,5.0,5.3,,,,,,
RA-543,2024,Aluno-543,2012,2012-08-31,12.0,Feminino,2022,Pública,EE João Ortiz Rodrigues,Cursando,FASE 3,3.0,3F,3F,FASE 2,2.0,Fase 2 (5° e 6° ano),1,1.0,False,1.0,Adiantado,0.0,Topázio,8.0467871118,10.0,6.833333333333333,9.616977225666666,8.751,2.51,8.90625,8.7,7.0,6.5,7.0,,,,,,
RA-1530,2024,Aluno-1530,2011,2011-08-07,13.0,Masculino,2024,Pública,EE João Ortiz Rodrigues,Cursando,FASE 3,3.0,3F,3F,FASE 3,3.0,Fase 3 (7° e 8° ano),0,0.0,False,0.0,Adequado,0.0,Quartzo,4.6391535714200005,10.0,2.8333333333333335,2.5238095237666665,0.0,8.13,7.03125,5.258,1.5,7.0,0.0,,,,,,
RA-555,2024,Aluno-555,2010,2010-05-11,14.0,Masculino,2021,Pública,EE Leonice de Aquino Oliveira,Cursando,FASE 3,3.0,3F,3F,FASE 4,4.0,Fase 4 (9° ano),-1,-1.0,False,-1.0,Defasado,1.0,Quartzo,5.111470186333333,5.0,4.333333333333333,2.7505175983333334,10.002,6.885,5.0,5.03,5.0,4.0,4.0,,,,,,
RA-1531,2024,Aluno-1531,2010,2010-01-24,14.0,Masculino,2024,Pública,EE João Ortiz Rodrigues,Cursando,FASE 3,3.0,3F,3F,FASE 4,4.0,Fase 4 (9° ano),-1,-1.0,False,-1.0,Defasado,1.0,Ametista,7.0491790134,5.0,5.833333333333333,7.9726867336666665,8.751,7.505,7.34375,7.14,4.5,8.0,5.0,,,,,,
RA-1099,2024,Aluno-1099,2010,2010-07-18,14.0,Feminino,2023,Pública,EE Leonice de Aquino Oliveira,Cursando,FASE 3,3.0,3G,3G,FASE 3,3.0,Fase 3 (7° e 8° ano),0,0.0,False,0.0,Adequado,0.0,Ametista,7.332483333333334,10.0,3.8333333333333335,8.133333333333333,8.334,10.0,7.8125,6.6225,2.5,3.5,5.5,,,,,,
RA-1154,2024,Aluno-1154,2010,2010-05-23,14.0,Masculino,2023,Pública,EE João Ortiz Rodrigues,Cursando,FASE 3,3.0,3G,3G,FASE 4,4.0,Fase 4 (9° ano),-1,-1.0,False,-1.0,Defasado,1.0,Ametista,7.5660750000000005,5.0,8.0,9.200000000000001,7.917,7.51,7.34375,6.745,7.0,7.0,10.0,,,,,,
RA-1100,2024,Aluno-1100,2012,2012-08-10,12.0,Masculino,2023,Pública,EE João Ortiz Rodrigues,Cursando,FASE 3,3.0,3G,3G,FASE 2,2.0,Fase 2 (5° e 6° ano),1,1.0,False,1.0,Adiantado,0.0,Ágata,6.649708333333334,10.0,4.666666666666667,7.1000000000000005,7.5,7.51,6.71875,5.6175,4.0,4.0,6.0,,,,,,
RA-381,2024,Aluno-381,2009,2009-03-02,15.0,Masculino,2021,Pública,EE Alexandre Rodrigues Nogueira,Cursando,FASE 3,3.0,3G,3G,FASE 5,5.0,Fase 5 (1° EM),-2,-2.0,False,-2.0,Defasado,1.0,Quartzo,5.940775,5.0,3.6666666666666665,6.133333333333333,8.334,7.51,6.71875,6.1225,2.5,4.5,4.0,,,,,,
RA-364,2024,Aluno-364,2011,2011-10-02,13.0,Masculino,2021,Pública,EE Leonice de Aquino Oliveira,Cursando,FASE 3,3.0,3G,3G,FASE 3,3.0,Fase 3 (7° e 8° ano),0,0.0,False,0.0,Adequado,0.0,Topázio,8.2697037582,10.0,7.5,9.526143791,8.751,7.51,7.96875,7.2075,8.0,5.0,9.5,,,,,,
RA-539,2024,Aluno-539,2011,2011-09-08,13.0,Feminino,2022,Privada - Programa de Apadrinhamento,Colégio Arco Íris Evolução,Cursando,FASE 3,3.0,3G,3G,FASE 3,3.0,Fase 3 (7° e 8° ano),0,0.0,False,0.0,Adequado,0.0,Topázio,8.465533333333335,10.0,5.833333333333333,9.233333333333333,10.002,7.51,8.75,9.13,5.0,3.5,9.0,,,,,,
RA-573,2024,Aluno-573,2011,2011-08-04,13.0,Masculino,2021,Pública,EE João Ortiz Rodrigues,Cursando,FASE 3,3.0,3G,3G,FASE 3,3.0,Fase 3 (7° e 8° ano),0,0.0,False,0.0,Adequado,0.0,Ametista,7.839050000000001,10.0,5.0,9.5,9.168,8.755,7.8125,6.8275,6.0,3.5,5.5,,,,,,
RA-1107,2024,Aluno-1107,2010,2010-12-20,13.0,Feminino,2023,Pública,EE João Ortiz Rodrigues,Cursando,FASE 3,3.0,3G,3G,FASE 3,3.0,Fase 3 (7° e 8° ano),0,0.0,False,0.0,Adequado,0.0,Quartzo,5.9731,10.0,2.5,6.2,8.751,2.51,7.5,6.785,1.0,3.5,3.0,,,,,,
RA-368,2024,Aluno-368,2009,2009-10-12,15.0,Masculino,2021,Pública,EE João Ortiz Rodrigues,Cursando,FASE 3,3.0,3G,3G,FASE 4,4.0,Fase 4 (9° ano),-1,-1.0,False,-1.0,Defasado,1.0,Ágata,6.782158333333333,5.0,7.0,6.166666666666667,7.917,7.51,7.65625,6.7025,4.5,7.0,9.5,,,,,,
RA-387,2024,Aluno-387,2009,2009-07-20,15.0,Masculino,2021,Pública,EE Leonice de Aquino Oliveira,Cursando,FASE 3,3.0,3G,3G,FASE 4,4.0,Fase 4 (9° ano),-1,-1.0,False,-1.0,Defasado,1.0,Ágata,6.125500000000001,5.0,4.333333333333333,7.166666666666667,7.5,7.51,6.25,5.9975,5.0,4.0,4.0,,,,,,
RA-556,2024,Aluno-556,2011,2011-05-02,13.0,Feminino,2021,Pública,EE João Ortiz Rodrigues,Cursando,FASE 3,3.0,3G,3G,FASE 3,3.0,Fase 3 (7° e 8° ano),0,0.0,False,0.0,Adequado,0.0,Quartzo,5.833377380933333,10.0,3.8333333333333335,6.171428571333333,7.083,2.51,6.40625,6.1625,1.5,4.5,5.5,,,,,,
RA-389,2024,Aluno-389,2011,2011-01-12,13.0,Masculino,2021,Pública,EE João Ortiz Rodrigues,Cursando,FASE 3,3.0,3G,3G,FASE 3,3.0,Fase 3 (7° e 8° ano),0,0.0,False,0.0,Adequado,0.0,Ametista,7.2079551282,10.0,5.166666666666667,6.674358974333333,9.585,8.76,6.5625,6.745,6.5,4.0,5.0,,,,,,
RA-390,2024,Aluno-390,2010,2010-11-10,13.0,Feminino,2022,Pública,EE João Ortiz Rodrigues,Cursando,FASE 3,3.0,3G,3G,FASE 3,3.0,Fase 3 (7° e 8° ano),0,0.0,False,0.0,Adequado,0.0,Ágata,6.5472236842000004,10.0,4.166666666666667,6.080701754333333,7.5,8.755,6.5625,6.08,3.0,2.5,7.0,,,,,,
RA-376,2024,Aluno-376,2010,2010-01-08,14.0,Feminino,2021,Pública,EE Leonice de Aquino Oliveira,Cursando,FASE 3,3.0,3G,3G,FASE 4,4.0,Fase 4 (9° ano),-1,-1.0,False,-1.0,Defasado,1.0,Quartzo,5.896573588800001,5.0,2.8333333333333335,8.287284610666667,10.002,2.51,6.5625,6.325,2.0,5.0,1.5,,,,,,
RA-584,2024,Aluno-584,2012,2012-03-13,12.0,Feminino,2021,Pública,EE João Ortiz Rodrigues,Cursando,FASE 3,3.0,3G,3G,FASE 3,3.0,Fase 3 (7° e 8° ano),0,0.0,False,0.0,Adequado,0.0,Ágata,6.752914393933334,10.0,4.333333333333333,5.636363636333333,8.751,8.755,7.34375,6.37,2.0,5.0,6.0,,,,,,
RA-535,2024,Aluno-535,2012,2012-02-09,12.0,Feminino,2021,Pública,EE João Ortiz Rodrigues,Cursando,FASE 3,3.0,3H,3H,FASE 3,3.0,Fase 3 (7° e 8° ano),0,0.0,False,0.0,Adequado,0.0,Ametista,7.659555952400001,10.0,6.0,7.161904762,9.168,8.135,7.96875,7.5,7.0,5.5,5.5,,,,,,
RA-547,2024,Aluno-547,2011,2011-06-24,13.0,Feminino,2021,Pública,EE João Ortiz Rodrigues,Cursando,FASE 3,3.0,3H,3H,FASE 3,3.0,Fase 3 (7° e 8° ano),0,0.0,False,0.0,Adequado,0.0,Ametista,7.2102906723333335,10.0,6.833333333333333,7.030620028333334,8.751,8.135,5.625,5.932,9.0,4.5,7.0,,,,,,
RA-557,2024,Aluno-557,2012,2012-01-12,12.0,Masculino,2021,Privada - Programa de Apadrinhamento,Colégio Arco Íris Evolução,Cursando,FASE 3,3.0,3H,3H,FASE 3,3.0,Fase 3 (7° e 8° ano),0,0.0,False,0.0,Adequado,0.0,Topázio,9.350986466133334,10.0,9.666666666666666,8.756265663999999,10.002,7.51,10.0,9.576,10.0,9.0,10.0,,,,,,
RA-548,2024,Aluno-548,2010,2010-11-15,13.0,Masculino,2021,Pública,EE João Ortiz Rodrigues,Cursando,FASE 3,3.0,3H,3H,FASE 3,3.0,Fase 3 (7° e 8° ano),0,0.0,False,0.0,Adequado,0.0,Ametista,7.240168803466668,10.0,6.666666666666667,7.600427350666667,9.168,7.51,5.9375,5.626,9.0,5.0,6.0,,,,,,
RA-1102,2024,Aluno-1102,2012,2012-10-06,12.0,Masculino,2023,Pública,EE Leonice de Aquino Oliveira,Cursando,FASE 3,3.0,3H,3H,FASE 2,2.0,Fase 2 (5° e 6° ano),1,1.0,False,1.0,Adiantado,0.0,Topázio,8.440611904733334,10.0,9.333333333333334,9.390476190333333,8.751,8.13,5.9375,7.07,10.0,8.0,10.0,,,,,,
RA-1532,2024,Aluno-1532,2009,2009-09-22,15.0,Masculino,2024,Pública,EE João Ortiz Rodrigues,Cursando,FASE 3,3.0,3H,3H,FASE 4,4.0,Fase 4 (9° ano),-1,-1.0,False,-1.0,Defasado,1.0,Quartzo,4.548544781066667,5.0,2.0,3.9057239053333332,0.0,7.51,7.5,6.832,0.0,6.0,0.0,,,,,,
RA-538,2024,Aluno-538,2009,2009-11-23,14.0,Masculino,2022,Pública,EE Mario Francisco de Amorim,Cursando,FASE 3,3.0,3H,3H,FASE 4,4.0,Fase 4 (9° ano),-1,-1.0,False,-1.0,Defasado,1.0,Ágata,6.514094017066666,5.0,6.166666666666667,7.668803418666666,8.751,7.51,5.625,5.292,10.0,4.5,4.0,,,,,,
RA-365,2024,Aluno-365,2012,2012-11-19,11.0,Feminino,2022,Pública,EE Loris Nassif Mattar Profa,Cursando,FASE 3,3.0,3H,3H,FASE 2,2.0,Fase 2 (5° e 6° ano),1,1.0,False,1.0,Adiantado,0.0,Topázio,8.526983333333334,10.0,6.666666666666667,10.0,9.585,7.51,8.4375,8.202,8.0,7.0,5.0,,,,,,
RA-563,2024,Aluno-563,2011,2011-11-29,12.0,Feminino,2021,Pública,EE João Ortiz Rodrigues,Cursando,FASE 3,3.0,3H,3H,FASE 3,3.0,Fase 3 (7° e 8° ano),0,0.0,False,0.0,Adequado,0.0,Topázio,8.595447619066668,10.0,8.333333333333334,9.461904762000001,9.168,8.135,8.125,7.468,10.0,9.0,6.0,,,,,,
RA-1157,2024,Aluno-1157,2009,2009-08-24,15.0,Masculino,2023,Pública,EE Olivia de Faria Nogueira,Cursando,FASE 3,3.0,3H,3H,FASE 4,4.0,Fase 4 (9° ano),-1,-1.0,False,-1.0,Defasado,1.0,Ametista,7.916082936533334,5.0,7.0,9.082539682666665,9.585,7.51,7.96875,8.466,8.0,6.0,7.0,,,,,,
RA-258,2024,Aluno-258,2010,2010-11-26,13.0,Feminino,2021,Pública,EE João Ortiz Rodrigues,Cursando,FASE 3,3.0,3H,3H,FASE 3,3.0,Fase 3 (7° e 8° ano),0,0.0,False,0.0,Adequado,0.0,Ágata,6.429063888866667,10.0,2.5,6.944444444333333,7.084,7.51,7.34375,6.732,,5.0,0.0,,,,,,
RA-369,2024,Aluno-369,2011,2011-03-10,13.0,Masculino,2022,Pública,EE Leonice de Aquino Oliveira,Cursando,FASE 3,3.0,3H,3H,FASE 3,3.0,Fase 3 (7° e 8° ano),0,0.0,False,0.0,Adequado,0.0,Quartzo,5.667282265,10.0,1.6666666666666667,4.908119658333334,8.751,7.51,6.40625,5.428,0.0,0.0,5.0,,,,,,
RA-375,2024,Aluno-375,2011,2011-06-21,13.0,Masculino,2021,Pública,EE Leonice de Aquino Oliveira,Cursando,FASE 3,3.0,3H,3H,FASE 3,3.0,Fase 3 (7° e 8° ano),0,0.0,False,0.0,Adequado,0.0,Ametista,7.970034615400001,10.0,6.833333333333333,9.443589743666667,9.585,7.51,7.1875,6.432,9.0,5.5,6.0,,,,,,
RA-1533,2024,Aluno-1533,2010,2010-11-01,14.0,Feminino,2024,Pública,EE Joaquim Mendes Feliz,Cursando,FASE 3,3.0,3I,3I,FASE 3,3.0,Fase 3 (7° e 8° ano),0,0.0,False,0.0,Adequado,0.0,Topázio,9.089828985533336,10.0,9.5,9.710144927666667,9.168,8.135,8.5,8.3375,10.0,8.5,10.0,,,,,,
RA-1534,2024,Aluno-1534,2010,2010-12-28,13.0,Feminino,2024,Pública,EE Paschoal Carlos Magno,Cursando,FASE 3,3.0,3I,3I,FASE 3,3.0,Fase 3 (7° e 8° ano),0,0.0,False,0.0,Adequado,0.0,Ametista,7.188366666666667,10.0,1.1666666666666667,9.666666666666666,7.917,8.135,8.0,8.0825,2.0,1.5,0.0,,,,,,
RA-1160,2024,Aluno-1160,2010,2010-04-01,14.0,Masculino,2023,Pública,EE Joaquim Mendes Feliz,Cursando,FASE 3,3.0,3I,3I,FASE 4,4.0,Fase 4 (9° ano),-1,-1.0,False,-1.0,Defasado,1.0,Ágata,6.274190982333334,5.0,3.1666666666666665,8.201288245,8.751,7.51,6.25,6.2475,5.5,2.0,2.0,,,,,,
RA-562,2024,Aluno-562,2011,2011-07-27,13.0,Feminino,2021,Pública,EE Joaquim Mendes Feliz,Cursando,FASE 3,3.0,3I,3I,FASE 3,3.0,Fase 3 (7° e 8° ano),0,0.0,False,0.0,Adequado,0.0,Topázio,8.392733333333334,10.0,7.833333333333333,9.833333333333334,8.334,8.135,7.625,7.25,7.5,7.5,8.5,,,,,,
RA-1112,2024,Aluno-1112,2011,2011-06-28,13.0,Masculino,2023,Pública,EE Joaquim Mendes Feliz,Cursando,FASE 3,3.0,3I,3I,FASE 3,3.0,Fase 3 (7° e 8° ano),0,0.0,False,0.0,Adequado,0.0,Ágata,6.8560823939999995,10.0,4.0,9.02791197,9.585,8.135,5.375,4.705,4.0,4.0,4.0,,,,,,
RA-1535,2024,Aluno-1535,2011,2011-09-08,13.0,Feminino,2024,Pública,EE Paschoal Carlos Magno,Cursando,FASE 3,3.0,3I,3I,FASE 3,3.0,Fase 3 (7° e 8° ano),0,0.0,False,0.0,Adequado,0.0,Ametista,7.109390969933334,10.0,5.833333333333333,5.103121516333333,8.751,7.51,7.125,7.9175,7.5,5.5,4.5,,,,,,
RA-1536,2024,Aluno-1536,2009,2009-10-24,15.0,Feminino,2024,Pública,EE Paschoal Carlos Magno,Cursando,FASE 3,3.0,3I,3I,FASE 4,4.0,Fase 4 (9° ano),-1,-1.0,False,-1.0,Defasado,1.0,Ametista,7.653744444466668,5.0,7.0,8.722222222333334,9.168,8.135,7.875,7.4575,10.0,3.5,7.5,,,,,,
RA-357,2024,Aluno-357,2010,2010-05-30,14.0,Masculino,2022,Pública,EE Joaquim Mendes Feliz,Cursando,FASE 3,3.0,3I,3I,FASE 4,4.0,Fase 4 (9° ano),-1,-1.0,False,-1.0,Defasado,1.0,Ametista,7.731569404200001,5.0,7.666666666666667,9.028180354333333,8.751,8.135,7.875,7.0825,8.5,7.0,7.5,,,,,,
RA-583,2024,Aluno-583,2010,2010-10-12,14.0,Feminino,2021,Pública,EE Joaquim Mendes Feliz,Cursando,FASE 3,3.0,3I,3I,FASE 3,3.0,Fase 3 (7° e 8° ano),0,0.0,False,0.0,Adequado,0.0,Ametista,7.447591035933334,10.0,5.0,8.904455179666668,7.917,8.135,6.875,6.87,6.5,4.5,4.0,,,,,,
RA-1537,2024,Aluno-1537,2010,2010-06-22,14.0,Feminino,2024,Pública,EE Joaquim Mendes Feliz,Cursando,FASE 3,3.0,3I,3I,FASE 4,4.0,Fase 4 (9° ano),-1,-1.0,False,-1.0,Defasado,1.0,Topázio,8.176263231333333,5.0,8.666666666666666,8.33064949,9.168,8.135,8.125,8.67,10.0,6.0,10.0,,,,,,
RA-599,2024,Aluno-599,2012,2012-10-31,12.0,Masculino,2022,Pública,EE Maria André Schunck Dona,Cursando,FASE 3,3.0,3K,3K,FASE 2,2.0,Fase 2 (5° e 6° ano),1,1.0,False,1.0,Adiantado,0.0,Topázio,8.3569352941,10.0,7.666666666666667,8.607843137333333,10.002,9.375,7.083333333,7.28,8.0,7.0,8.0,,,,,,
RA-651,2024,Aluno-651,2012,2012-10-08,12.0,Feminino,2022,Pública,EE Mario Francisco de Amorim,Cursando,FASE 3,3.0,3K,3K,FASE 2,2.0,Fase 2 (5° e 6° ano),1,1.0,False,1.0,Adiantado,0.0,Topázio,8.689300000100001,10.0,7.5,10.0,9.168,7.51,8.541666667,8.336666667,10.0,6.0,6.5,,,,,,
RA-1131,2024,Aluno-1131,2011,2011-04-19,13.0,Feminino,2023,Privada - Programa de Apadrinhamento,Colégio Arco Íris Evolução,Cursando,FASE 3,3.0,3K,3K,FASE 3,3.0,Fase 3 (7° e 8° ano),0,0.0,False,0.0,Adequado,0.0,Topázio,8.2889555555,10.0,8.333333333333334,9.277777777666666,8.334,6.255,7.291666667,7.893333333,8.0,7.0,10.0,,,,,,
RA-403,2024,Aluno-403,2010,2010-07-02,14.0,Masculino,2021,Pública,EE Maria André Schunck Dona,Cursando,FASE 3,3.0,3K,3K,FASE 3,3.0,Fase 3 (7° e 8° ano),0,0.0,False,0.0,Adequado,0.0,Topázio,8.008488888833334,10.0,7.666666666666667,7.361111111,8.751,7.51,8.541666667,7.613333333,6.0,8.0,9.0,,,,,,
RA-1538,2024,Aluno-1538,2010,2010-11-29,13.0,Masculino,2021,Pública,EE Maria André Schunck Dona,Cursando,FASE 3,3.0,3K,3K,FASE 2,2.0,Fase 2 (5° e 6° ano),1,1.0,False,1.0,Adiantado,0.0,Ametista,7.9631703704333345,10.0,7.166666666666667,7.935185184999999,9.168,8.13,7.916666667,7.106666667,7.5,6.0,8.0,,,,,,
RA-469,2024,Aluno-469,2011,2011-10-07,13.0,Feminino,2022,Pública,EE Maria André Schunck Dona,Cursando,FASE 3,3.0,3K,3K,FASE 3,3.0,Fase 3 (7° e 8° ano),0,0.0,False,0.0,Adequado,0.0,Ametista,7.684639869300001,10.0,5.0,9.498366013,9.168,7.51,7.291666667,6.94,6.0,4.0,5.0,,,,,,
RA-1121,2024,Aluno-1121,2012,2012-01-08,12.0,Masculino,2023,Pública,EE Maria André Schunck Dona,Cursando,FASE 3,3.0,3K,3K,FASE 3,3.0,Fase 3 (7° e 8° ano),0,0.0,False,0.0,Adequado,0.0,Topázio,8.407166666633334,10.0,6.666666666666667,10.0,9.585,7.51,7.083333333,8.28,9.0,5.0,6.0,,,,,,
RA-1122,2024,Aluno-1122,2012,2012-09-30,12.0,Masculino,2023,Pública,EE Maria André Schunck Dona,Cursando,FASE 3,3.0,3K,3K,FASE 2,2.0,Fase 2 (5° e 6° ano),1,1.0,False,1.0,Adiantado,0.0,Ametista,7.817322222166666,10.0,5.333333333333333,9.861111111,8.751,7.51,7.083333333,7.22,5.0,4.5,6.5,,,,,,
RA-422,2024,Aluno-422,2010,2010-01-10,14.0,Masculino,2022,Pública,EE Maria André Schunck Dona,Cursando,FASE 3,3.0,3K,3K,FASE 4,4.0,Fase 4 (9° ano),-1,-1.0,False,-1.0,Defasado,1.0,Quartzo,5.544981481433334,5.0,2.8333333333333335,6.157407407333333,7.5,7.51,6.458333333,5.5,3.0,4.5,1.0,,,,,,
RA-1117,2024,Aluno-1117,2012,2012-10-04,12.0,Feminino,2023,Pública,EE Maria André Schunck Dona,Cursando,FASE 3,3.0,3K,3K,FASE 2,2.0,Fase 2 (5° e 6° ano),1,1.0,False,1.0,Adiantado,0.0,Ametista,7.601562962866668,10.0,5.666666666666667,8.314814814666667,8.751,7.51,8.125,6.833333333,5.0,5.0,7.0,,,,,,
RA-1539,2024,Aluno-1539,2011,2011-10-28,13.0,Feminino,2024,Pública,EE Maria André Schunck Dona,Cursando,FASE 3,3.0,3K,3K,FASE 3,3.0,Fase 3 (7° e 8° ano),0,0.0,False,0.0,Adequado,0.0,Ametista,7.709588888900001,10.0,6.833333333333333,9.027777777666666,6.667,6.885,7.708333333,7.056666667,6.0,7.0,7.5,,,,,,
RA-618,2024,Aluno-618,2009,2009-02-06,15.0,Masculino,2021,Pública,EE Donizetti Aparecido Leite Professor,Cursando,FASE 3,3.0,3K,3K,FASE 5,5.0,Fase 5 (1° EM),-2,-2.0,False,-2.0,Defasado,1.0,Ágata,6.718348148233334,5.0,4.166666666666667,8.324074074,10.002,6.88,6.666666667,6.826666667,5.0,4.5,3.0,,,,,,
RA-669,2024,Aluno-669,2011,2011-11-20,12.0,Masculino,2022,Pública,EE Maria André Schunck Dona,Cursando,FASE 3,3.0,3K,3K,FASE 3,3.0,Fase 3 (7° e 8° ano),0,0.0,False,0.0,Adequado,0.0,Ágata,6.6438703703,10.0,5.333333333333333,4.851851851666666,7.5,7.51,7.291666667,6.883333333,5.0,6.0,5.0,,,,,,
RA-408,2024,Aluno-408,2010,2010-08-29,14.0,Feminino,2022,Pública,EE Maria André Schunck Dona,Cursando,FASE 3,3.0,3K,3K,FASE 3,3.0,Fase 3 (7° e 8° ano),0,0.0,False,0.0,Adequado,0.0,Ágata,6.5276296297,10.0,4.833333333333333,4.981481481666667,7.5,7.51,7.083333333,6.776666667,3.0,5.5,6.0,,,,,,
RA-610,2024,Aluno-610,2013,2013-01-05,11.0,Feminino,2022,Pública,EE Maria André Schunck Dona,Cursando,FASE 3,3.0,3K,3K,FASE 2,2.0,Fase 2 (5° e 6° ano),1,1.0,False,1.0,Adiantado,0.0,Ametista,7.894888888933334,10.0,6.333333333333333,9.694444444333334,9.585,3.76,6.875,8.336666667,8.0,5.0,6.0,,,,,,
RA-409,2024,Aluno-409,2011,2011-07-04,13.0,Feminino,2022,Pública,EE Maria André Schunck Dona,Cursando,FASE 3,3.0,3K,3K,FASE 3,3.0,Fase 3 (7° e 8° ano),0,0.0,False,0.0,Adequado,0.0,Topázio,8.225462962900002,10.0,7.166666666666667,9.231481481333333,9.585,7.51,7.916666667,7.223333333,7.0,7.5,7.0,,,,,,
RA-464,2024,Aluno-464,2009,2009-09-12,15.0,Feminino,2022,Pública,EE Maria André Schunck Dona,Cursando,FASE 3,3.0,3L,3L,FASE 4,4.0,Fase 4 (9° ano),-1,-1.0,False,-1.0,Defasado,1.0,Ágata,6.872009064333334,5.0,4.333333333333333,7.851461988333334,9.168,8.76,7.1875,7.1175,3.0,3.5,6.5,,,,,,
RA-1165,2024,Aluno-1165,2011,2011-06-17,13.0,Feminino,2023,Pública,EM Alfredo Schunk,Cursando,FASE 3,3.0,3L,3L,FASE 3,3.0,Fase 3 (7° e 8° ano),0,0.0,False,0.0,Adequado,0.0,Ametista,7.908044272466667,10.0,8.0,6.829721362333333,8.751,8.135,6.875,7.83,9.0,7.5,7.5,,,,,,
RA-466,2024,Aluno-466,2009,2009-10-22,15.0,Masculino,2022,Pública,EE Maria André Schunck Dona,Cursando,FASE 3,3.0,3L,3L,FASE 4,4.0,Fase 4 (9° ano),-1,-1.0,False,-1.0,Defasado,1.0,Ágata,6.778749122800001,5.0,4.0,7.223245614,8.751,8.76,7.5,7.665,3.0,6.5,2.5,,,,,,
RA-414,2024,Aluno-414,2010,2010-10-24,14.0,Feminino,2021,Pública,EE Maria André Schunck Dona,Cursando,FASE 3,3.0,3L,3L,FASE 3,3.0,Fase 3 (7° e 8° ano),0,0.0,False,0.0,Adequado,0.0,Ametista,7.187625925933334,10.0,6.0,8.429629629666666,7.917,7.51,6.25,5.67,9.0,3.0,6.0,,,,,,
RA-401,2024,Aluno-401,2010,2010-10-28,14.0,Feminino,2021,Pública,EE Maria André Schunck Dona,Cursando,FASE 3,3.0,3L,3L,FASE 3,3.0,Fase 3 (7° e 8° ano),0,0.0,False,0.0,Adequado,0.0,Ágata,6.728911403533334,10.0,4.833333333333333,6.839473684333334,6.666,6.885,6.5625,6.915,7.0,5.0,2.5,,,,,,
RA-1141,2024,Aluno-1141,2011,2011-06-27,13.0,Feminino,2023,Pública,EE Maria André Schunck Dona,Cursando,FASE 3,3.0,3L,3L,FASE 3,3.0,Fase 3 (7° e 8° ano),0,0.0,False,0.0,Adequado,0.0,Ágata,6.793890866866667,10.0,4.166666666666667,6.191537667666666,9.585,7.51,6.5625,6.7825,5.0,4.5,3.0,,,,,,
RA-592,2024,Aluno-592,2012,2012-09-21,12.0,Feminino,2021,Privada,Escola João Paulo II,Cursando,FASE 3,3.0,3L,3L,FASE 2,2.0,Fase 2 (5° e 6° ano),1,1.0,False,1.0,Adiantado,0.0,Ametista,7.121622213600001,10.0,7.833333333333333,6.108152734666667,7.917,2.51,7.65625,7.625,7.0,8.0,8.5,,,,,,
RA-474,2024,Aluno-474,2009,2009-08-19,15.0,Masculino,2021,Pública,EE Maria André Schunck Dona,Cursando,FASE 3,3.0,3L,3L,FASE 4,4.0,Fase 4 (9° ano),-1,-1.0,False,-1.0,Defasado,1.0,Ágata,6.024753703733333,5.0,3.0,5.818518518666667,9.168,7.51,7.1875,6.8725,4.0,3.0,2.0,,,,,,
RA-602,2024,Aluno-602,2011,2011-02-25,13.0,Masculino,2021,Pública,EE Maria André Schunck Dona,Cursando,FASE 3,3.0,3L,3L,FASE 3,3.0,Fase 3 (7° e 8° ano),0,0.0,False,0.0,Adequado,0.0,Topázio,8.647409313733334,10.0,7.333333333333333,9.670588235333334,9.585,7.51,8.28125,8.545,9.0,5.0,8.0,,,,,,
RA-666,2024,Aluno-666,2012,2012-05-09,12.0,Masculino,2022,Pública,EE Maria André Schunck Dona,Cursando,FASE 3,3.0,3L,3L,FASE 3,3.0,Fase 3 (7° e 8° ano),0,0.0,False,0.0,Adequado,0.0,Topázio,8.185838802933334,10.0,7.166666666666667,7.881527348,10.002,7.51,7.5,8.375,10.0,5.5,6.0,,,,,,
RA-604,2024,Aluno-604,2012,2012-10-05,12.0,Feminino,2021,Pública,EE Maria André Schunck Dona,Cursando,FASE 3,3.0,3L,3L,FASE 2,2.0,Fase 2 (5° e 6° ano),1,1.0,False,1.0,Adiantado,0.0,Ametista,7.429623555266667,10.0,7.0,7.5029927763333335,8.334,8.13,6.40625,6.21,8.0,5.5,7.5,,,,,,
RA-476,2024,Aluno-476,2010,2010-07-23,14.0,Feminino,2021,Pública,EE Maria André Schunck Dona,Cursando,FASE 3,3.0,3L,3L,FASE 3,3.0,Fase 3 (7° e 8° ano),0,0.0,False,0.0,Adequado,0.0,Ágata,6.7359982456,10.0,4.5,6.5964912280000005,7.917,7.51,6.25,6.745,7.0,4.0,2.5,,,,,,
RA-423,2024,Aluno-423,2010,2010-09-22,14.0,Feminino,2022,Pública,EE Maria André Schunck Dona,Cursando,FASE 3,3.0,3L,3L,FASE 3,3.0,Fase 3 (7° e 8° ano),0,0.0,False,0.0,Adequado,0.0,Ágata,6.616193704866666,10.0,4.333333333333333,6.501135191,5.833,8.13,6.875,6.8275,6.0,3.5,3.5,,,,,,
RA-631,2024,Aluno-631,2010,2010-08-28,14.0,Masculino,2022,Pública,EE Maria André Schunck Dona,Cursando,FASE 3,3.0,3L,3L,FASE 3,3.0,Fase 3 (7° e 8° ano),0,0.0,False,0.0,Adequado,0.0,Ágata,6.795673420466667,10.0,4.166666666666667,7.2122004356666665,8.334,8.75,5.625,6.245,7.0,3.5,2.0,,,,,,
RA-658,2024,Aluno-658,2012,2012-10-27,12.0,Feminino,2022,Pública,EM Cecilia Cristina de Oliveira Rodrigues,Cursando,FASE 3,3.0,3M,3M,FASE 2,2.0,Fase 2 (5° e 6° ano),1,1.0,False,1.0,Adiantado,0.0,Ametista,7.507033333333333,10.0,3.6666666666666665,10.0,8.751,8.135,7.375,6.738,5.5,2.5,3.0,,,,,,
RA-1540,2024,Aluno-1540,2010,2010-05-27,14.0,Feminino,2024,Pública,EE Donizetti Aparecido Leite Professor,Cursando,FASE 3,3.0,3M,3M,FASE 4,4.0,Fase 4 (9° ano),-1,-1.0,False,-1.0,Defasado,1.0,Quartzo,5.696233333333334,5.0,2.6666666666666665,5.0,8.334,7.51,7.125,6.83,2.0,2.0,4.0,,,,,,
RA-1541,2024,Aluno-1541,2011,2011-07-21,13.0,Masculino,2024,Pública,EM Alfredo Schunk,Cursando,FASE 3,3.0,3M,3M,FASE 3,3.0,Fase 3 (7° e 8° ano),0,0.0,False,0.0,Adequado,0.0,Topázio,8.337,10.0,8.166666666666666,8.633333333333333,9.168,6.88,8.25,7.736,9.0,7.0,8.5,,,,,,
RA-1114,2024,Aluno-1114,2011,2011-11-14,12.0,Feminino,2023,Pública,EM Cecilia Cristina de Oliveira Rodrigues,Cursando,FASE 3,3.0,3M,3M,FASE 3,3.0,Fase 3 (7° e 8° ano),0,0.0,False,0.0,Adequado,0.0,Ametista,7.437466666666667,10.0,5.0,9.533333333333333,8.751,2.51,8.375,7.836,5.0,3.0,7.0,,,,,,
RA-662,2024,Aluno-662,2011,2011-09-30,13.0,Feminino,2022,Pública,EM Cecilia Cristina de Oliveira Rodrigues,Cursando,FASE 3,3.0,3M,3M,FASE 3,3.0,Fase 3 (7° e 8° ano),0,0.0,False,0.0,Adequado,0.0,Ametista,7.1074778554666675,10.0,4.166666666666667,7.6107226106666666,7.917,7.51,7.625,7.234,4.5,5.0,3.0,,,,,,
RA-760,2024,Aluno-760,2011,2011-01-11,13.0,Masculino,2021,Pública,EM Cecilia Cristina de Oliveira Rodrigues,Cursando,FASE 3,3.0,3M,3M,FASE 3,3.0,Fase 3 (7° e 8° ano),0,0.0,False,0.0,Adequado,0.0,Ágata,6.942581818200001,10.0,5.0,7.090909091,9.168,7.51,6.25,6.158,2.5,3.5,9.0,,,,,,
RA-1542,2024,Aluno-1542,2008,2008-09-18,16.0,Feminino,2024,Pública,EE Donizetti Aparecido Leite Professor,Cursando,FASE 3,3.0,3M,3M,FASE 5,5.0,Fase 5 (1° EM),-2,-2.0,False,-2.0,Defasado,1.0,Ágata,6.0886079922,5.0,3.1666666666666665,6.304873294333333,7.501,8.135,7.375,6.966,1.0,3.5,5.0,,,,,,
RA-404,2024,Aluno-404,2010,2010-09-10,14.0,Feminino,2021,Pública,EM Cecilia Cristina de Oliveira Rodrigues,Cursando,FASE 3,3.0,3M,3M,FASE 3,3.0,Fase 3 (7° e 8° ano),0,0.0,False,0.0,Adequado,0.0,Ágata,6.624588235266668,10.0,5.666666666666667,6.286274509666666,8.334,2.51,7.5,6.998,6.0,5.0,6.0,,,,,,
RA-1119,2024,Aluno-1119,2010,2010-04-29,14.0,Feminino,2023,Pública,EM Cecilia Cristina de Oliveira Rodrigues,Cursando,FASE 3,3.0,3M,3M,FASE 4,4.0,Fase 4 (9° ano),-1,-1.0,False,-1.0,Defasado,1.0,Ametista,7.388266666666667,5.0,5.666666666666667,8.716666666666667,9.585,7.51,7.625,7.698,6.0,3.5,7.5,,,,,,
RA-1116,2024,Aluno-1116,2009,2009-10-27,15.0,Masculino,2023,Pública,EM Cecilia Cristina de Oliveira Rodrigues,Cursando,FASE 3,3.0,3M,3M,FASE 4,4.0,Fase 4 (9° ano),-1,-1.0,False,-1.0,Defasado,1.0,Quartzo,3.7894777778,5.0,2.3333333333333335,3.3555555556666667,0.0,6.26,5.125,5.066,1.0,3.0,3.0,,,,,,
RA-667,2024,Aluno-667,2011,2011-04-22,13.0,Masculino,2021,Pública,EM Cecilia Cristina de Oliveira Rodrigues,Cursando,FASE 3,3.0,3M,3M,FASE 3,3.0,Fase 3 (7° e 8° ano),0,0.0,False,0.0,Adequado,0.0,Ametista,7.177130604266668,10.0,4.666666666666667,7.038986354666666,9.168,7.51,7.75,6.966,5.5,4.5,4.0,,,,,,
RA-605,2024,Aluno-605,2010,2010-11-29,13.0,Feminino,2021,Pública,EM Cecilia Cristina de Oliveira Rodrigues,Cursando,FASE 3,3.0,3M,3M,FASE 3,3.0,Fase 3 (7° e 8° ano),0,0.0,False,0.0,Adequado,0.0,Ágata,6.0175222222,10.0,2.6666666666666665,6.194444444333333,7.5,6.885,7.0,5.534,1.5,3.5,3.0,,,,,,
RA-1543,2024,Aluno-1543,2010,2010-02-08,14.0,Masculino,2024,Pública,EE Donizetti Aparecido Leite Professor,Cursando,FASE 3,3.0,3M,3M,FASE 4,4.0,Fase 4 (9° ano),-1,-1.0,False,-1.0,Defasado,1.0,Ágata,6.754584615400001,5.0,5.0,8.076923077,7.5,7.51,7.25,7.066,6.0,4.0,,,,,,,
RA-1118,2024,Aluno-1118,2010,2010-11-04,14.0,Feminino,2023,Pública,EM Alfredo Schunk,Cursando,FASE 3,3.0,3M,3M,FASE 3,3.0,Fase 3 (7° e 8° ano),0,0.0,False,0.0,Adequado,0.0,Ametista,7.0305545924,10.0,3.8333333333333335,7.846439628666666,7.084,9.38,6.75,6.866,3.0,4.5,4.0,,,,,,
RA-1544,2024,Aluno-1544,2010,2010-04-26,14.0,Feminino,2024,Pública,EM Cecilia Cristina de Oliveira Rodrigues,Cursando,FASE 3,3.0,3M,3M,FASE 4,4.0,Fase 4 (9° ano),-1,-1.0,False,-1.0,Defasado,1.0,Ágata,6.905568627466667,5.0,5.833333333333333,8.674509804,8.334,6.885,6.625,6.598,5.5,5.5,6.5,,,,,,
RA-1545,2024,Aluno-1545,2012,2012-01-13,12.0,Feminino,2024,Pública,EE Paschoal Carlos Magno,Cursando,FASE 3,3.0,3N,3N,FASE 3,3.0,Fase 3 (7° e 8° ano),0,0.0,False,0.0,Adequado,0.0,Ametista,7.296598575533334,10.0,8.166666666666666,6.210826211,7.501,8.13,6.25,6.165,8.0,6.5,10.0,,,,,,
RA-1127,2024,Aluno-1127,2012,2012-03-07,12.0,Feminino,2023,Pública,EE Donizetti Aparecido Leite Professor,Cursando,FASE 3,3.0,3N,3N,FASE 3,3.0,Fase 3 (7° e 8° ano),0,0.0,False,0.0,Adequado,0.0,Topázio,8.180966666666668,10.0,5.833333333333333,10.0,9.168,7.51,8.125,7.67,8.5,4.5,4.5,,,,,,
RA-1129,2024,Aluno-1129,2012,2012-01-31,12.0,Masculino,2023,Pública,EE Donizetti Aparecido Leite Professor,Cursando,FASE 3,3.0,3N,3N,FASE 3,3.0,Fase 3 (7° e 8° ano),0,0.0,False,0.0,Adequado,0.0,Ametista,7.360417647066668,10.0,6.833333333333333,7.137254902,9.168,8.13,6.875,5.745,9.0,5.5,6.0,,,,,,
RA-1546,2024,Aluno-1546,2010,2010-06-29,14.0,Masculino,2024,Pública,EE Paschoal Carlos Magno,Cursando,FASE 3,3.0,3N,3N,FASE 3,3.0,Fase 3 (7° e 8° ano),0,0.0,False,0.0,Adequado,0.0,Ágata,6.900662108266667,10.0,4.666666666666667,6.374643874666667,8.334,8.75,7.5,6.17,5.0,3.0,6.0,,,,,,
RA-1130,2024,Aluno-1130,2012,2012-03-21,12.0,Masculino,2023,Pública,EE Donizetti Aparecido Leite Professor,Cursando,FASE 3,3.0,3N,3N,FASE 3,3.0,Fase 3 (7° e 8° ano),0,0.0,False,0.0,Adequado,0.0,Ágata,6.563952941199999,10.0,4.333333333333333,6.278431372666667,8.751,8.13,6.875,5.33,7.5,3.5,2.0,,,,,,
RA-1168,2024,Aluno-1168,2010,2010-03-26,14.0,Feminino,2023,Pública,EE Paschoal Carlos Magno,Cursando,FASE 3,3.0,3N,3N,FASE 4,4.0,Fase 4 (9° ano),-1,-1.0,False,-1.0,Defasado,1.0,Ágata,6.864053921600001,5.0,5.666666666666667,7.682352941333334,9.585,7.51,7.1875,6.33,8.5,3.5,5.0,,,,,,
RA-613,2024,Aluno-613,2009,2009-10-25,15.0,Masculino,2021,Pública,EE Donizetti Aparecido Leite Professor,Cursando,FASE 3,3.0,3N,3N,FASE 4,4.0,Fase 4 (9° ano),-1,-1.0,False,-1.0,Defasado,1.0,Ametista,7.4019,5.0,7.333333333333333,9.566666666666666,8.334,7.51,6.875,6.25,8.0,6.0,8.0,,,,,,
RA-433,2024,Aluno-433,2010,2010-10-10,14.0,Masculino,2022,Pública,EE Donizetti Aparecido Leite Professor,Cursando,FASE 3,3.0,3N,3N,FASE 3,3.0,Fase 3 (7° e 8° ano),0,0.0,False,0.0,Adequado,0.0,Ametista,7.218157142866668,10.0,4.833333333333333,8.380952381,7.918,8.13,6.875,6.415,6.5,4.0,4.0,,,,,,
RA-1547,2024,Aluno-1547,2009,2009-11-20,14.0,Feminino,2024,Pública,EE Donizetti Aparecido Leite Professor,Cursando,FASE 3,3.0,3N,3N,FASE 4,4.0,Fase 4 (9° ano),-1,-1.0,False,-1.0,Defasado,1.0,Ágata,6.748480626800001,5.0,6.666666666666667,6.467236467333334,7.917,8.13,7.5,6.335,9.5,6.0,4.5,,,,,,
RA-1548,2024,Aluno-1548,2011,2011-01-25,13.0,Feminino,2024,Pública,Estuda em outra cidade,Cursando,FASE 3,3.0,3N,3N,FASE 3,3.0,Fase 3 (7° e 8° ano),0,0.0,False,0.0,Adequado,0.0,Ágata,6.482499715066667,10.0,4.833333333333333,5.2421652420000004,8.334,7.51,7.5,5.665,9.0,4.5,1.0,,,,,,
RA-304,2024,Aluno-304,2007,2007-12-02,16.0,Masculino,2021,Pública,EE Maria André Schunck Dona,Cursando,FASE 3,3.0,3N,3N,FASE 6,6.0,Fase 6 (2° EM),-3,-3.0,False,-3.0,Defasado,1.0,Ágata,6.852411484600001,2.5,7.166666666666667,7.826890756333333,10.002,7.51,6.875,5.825,9.0,5.5,7.0,,,,,,
RA-1549,2024,Aluno-1549,2009,2009-01-31,15.0,Masculino,2024,Pública,EE Maria André Schunck Dona,Cursando,FASE 3,3.0,3N,3N,FASE 5,5.0,Fase 5 (1° EM),-2,-2.0,False,-2.0,Defasado,1.0,Ágata,6.514862200466668,5.0,4.166666666666667,7.441394335666668,9.585,7.51,7.1875,6.325,5.5,3.0,4.0,,,,,,
RA-632,2024,Aluno-632,2012,2012-04-21,12.0,Feminino,2022,Pública,EE Maria André Schunck Dona,Cursando,FASE 3,3.0,3P,3P,FASE 3,3.0,Fase 3 (7° e 8° ano),0,0.0,False,0.0,Adequado,0.0,Ametista,7.515491249000001,10.0,4.166666666666667,8.999164578333334,7.917,6.875,8.28125,7.875,0.0,6.0,6.5,,,,,,
RA-633,2024,Aluno-633,2011,2011-06-03,13.0,Feminino,2021,Pública,EE Maria André Schunck Dona,Cursando,FASE 3,3.0,3P,3P,FASE 3,3.0,Fase 3 (7° e 8° ano),0,0.0,False,0.0,Adequado,0.0,Quartzo,5.228470175466667,10.0,3.3333333333333335,4.707017544,4.584,2.51,6.875,6.1175,4.0,6.0,0.0,,,,,,
RA-1137,2024,Aluno-1137,2013,2013-02-27,11.0,Feminino,2023,Pública,EE Maria André Schunck Dona,Cursando,FASE 3,3.0,3P,3P,FASE 2,2.0,Fase 2 (5° e 6° ano),1,1.0,False,1.0,Adiantado,0.0,Ametista,7.1837526524666675,10.0,3.5,7.588638262333333,8.334,8.13,8.28125,7.4575,1.0,4.5,5.0,,,,,,
RA-646,2024,Aluno-646,2009,2009-12-19,14.0,Masculino,2021,Pública,EE Donizetti Aparecido Leite Professor,Cursando,FASE 3,3.0,3P,3P,FASE 4,4.0,Fase 4 (9° ano),-1,-1.0,False,-1.0,Defasado,1.0,Ametista,7.715491666666668,5.0,6.166666666666667,9.266666666666667,10.002,7.51,8.28125,7.7475,9.0,4.5,5.0,,,,,,
RA-1550,2024,Aluno-1550,2009,2009-10-21,15.0,Masculino,2024,Pública,EE Maria André Schunck Dona,Cursando,FASE 3,3.0,3P,3P,FASE 4,4.0,Fase 4 (9° ano),-1,-1.0,False,-1.0,Defasado,1.0,Ágata,6.064236111066667,5.0,4.333333333333333,5.222222222,9.585,7.51,7.03125,6.2025,5.0,3.0,5.0,,,,,,
RA-1139,2024,Aluno-1139,2012,2012-09-16,12.0,Masculino,2023,Pública,EE Maria André Schunck Dona,Cursando,FASE 3,3.0,3P,3P,FASE 2,2.0,Fase 2 (5° e 6° ano),1,1.0,False,1.0,Adiantado,0.0,Ágata,6.906276357600001,10.0,4.666666666666667,6.152715121333333,8.334,7.51,7.5,7.04,5.0,3.0,6.0,,,,,,
RA-444,2024,Aluno-444,2009,2009-12-15,14.0,Masculino,2021,Pública,EE Maria André Schunck Dona,Cursando,FASE 3,3.0,3P,3P,FASE 4,4.0,Fase 4 (9° ano),-1,-1.0,False,-1.0,Defasado,1.0,Quartzo,5.410188638266668,5.0,3.6666666666666665,6.377276524666667,8.334,2.51,6.25,5.96,2.0,5.0,4.0,,,,,,
RA-445,2024,Aluno-445,2010,2010-07-30,14.0,Masculino,2022,Pública,EE Maria André Schunck Dona,Cursando,FASE 3,3.0,3P,3P,FASE 3,3.0,Fase 3 (7° e 8° ano),0,0.0,False,0.0,Adequado,0.0,Ametista,7.3416246032,10.0,4.0,8.715873016,7.917,7.51,7.8125,7.3725,3.0,6.0,3.0,,,,,,
RA-639,2024,Aluno-639,2012,2012-02-24,12.0,Feminino,2021,Pública,EE Maria André Schunck Dona,Cursando,FASE 3,3.0,3P,3P,FASE 3,3.0,Fase 3 (7° e 8° ano),0,0.0,False,0.0,Adequado,0.0,Quartzo,5.7693807644,10.0,3.8333333333333335,5.278195488666667,7.917,2.51,6.71875,6.1625,1.0,4.5,6.0,,,,,,
RA-1142,2024,Aluno-1142,2012,2012-05-28,12.0,Feminino,2023,Pública,EM Cecilia Cristina de Oliveira Rodrigues,Cursando,FASE 3,3.0,3P,3P,FASE 3,3.0,Fase 3 (7° e 8° ano),0,0.0,False,0.0,Adequado,0.0,Topázio,8.390566666666668,10.0,8.5,9.133333333333333,8.334,7.51,8.125,7.335,10.0,8.0,7.5,,,,,,
RA-1551,2024,Aluno-1551,2009,2009-05-04,15.0,Masculino,2024,Pública,EE Donizetti Aparecido Leite Professor,Cursando,FASE 3,3.0,3P,3P,FASE 5,5.0,Fase 5 (1° EM),-2,-2.0,False,-2.0,Defasado,1.0,Quartzo,5.9717087542,5.0,3.5,4.7710437709999995,9.585,7.51,7.5,6.79,1.0,5.5,4.0,,,,,,
RA-458,2024,Aluno-458,2009,2009-09-12,15.0,Masculino,2021,Pública,EE Maria André Schunck Dona,Cursando,FASE 3,3.0,3P,3P,FASE 4,4.0,Fase 4 (9° ano),-1,-1.0,False,-1.0,Defasado,1.0,Quartzo,5.680161507933333,5.0,4.0,3.7396825396666666,8.751,6.88,7.03125,6.83,3.0,4.0,5.0,,,,,,
RA-1552,2024,Aluno-1552,2011,2011-02-23,13.0,Masculino,2024,Pública,EM Cecilia Cristina de Oliveira Rodrigues,Cursando,FASE 3,3.0,3P,3P,FASE 3,3.0,Fase 3 (7° e 8° ano),0,0.0,False,0.0,Adequado,0.0,Ametista,7.443301282066667,10.0,3.1666666666666665,9.743589743666666,9.585,7.51,7.1875,7.165,1.0,4.5,4.0,,,,,,
RA-1170,2024,Aluno-1170,2009,2009-04-07,15.0,Masculino,2023,Pública,EE Donizetti Aparecido Leite Professor,Cursando,FASE 3,3.0,3P,3P,FASE 5,5.0,Fase 5 (1° EM),-2,-2.0,False,-2.0,Defasado,1.0,Ágata,6.095440873,5.0,3.5,5.565079365,9.168,8.13,7.03125,6.7475,1.0,2.5,7.0,,,,,,
RA-642,2024,Aluno-642,2012,2012-01-02,12.0,Feminino,2021,Pública,EE Maria André Schunck Dona,Cursando,FASE 3,3.0,3P,3P,FASE 3,3.0,Fase 3 (7° e 8° ano),0,0.0,False,0.0,Adequado,0.0,Ametista,7.082591269866667,10.0,4.0,9.149206349333333,9.585,3.76,7.1875,6.9975,2.0,5.0,5.0,,,,,,
RA-1553,2024,Aluno-1553,2011,2011-05-16,13.0,Masculino,2024,Pública,EE Donizetti Aparecido Leite Professor,Cursando,FASE 3,3.0,3R,3R,FASE 3,3.0,Fase 3 (7° e 8° ano),0,0.0,False,0.0,Adequado,0.0,Ametista,7.641184313700001,10.0,4.333333333333333,9.003921568666668,8.334,7.51,8.333333333,7.78,6.0,5.0,2.0,,,,,,
RA-1554,2024,Aluno-1554,2009,2009-03-14,15.0,Masculino,2024,Pública,EE Maria André Schunck Dona,Cursando,FASE 3,3.0,3R,3R,FASE 5,5.0,Fase 5 (1° EM),-2,-2.0,False,-2.0,Defasado,1.0,Ágata,6.941692592633334,5.0,4.0,9.629629629666667,6.666,8.76,7.291666667,7.22,3.0,,5.0,,,,,,
RA-649,2024,Aluno-649,2010,2010-07-08,14.0,Feminino,2021,Pública,EE Paschoal Carlos Magno,Cursando,FASE 3,3.0,3R,3R,FASE 3,3.0,Fase 3 (7° e 8° ano),0,0.0,False,0.0,Adequado,0.0,Ágata,6.985329691766667,10.0,3.6666666666666665,6.004481792666667,8.751,8.76,8.333333333,7.333333333,5.5,4.0,1.5,,,,,,
RA-1136,2024,Aluno-1136,2009,2009-11-23,14.0,Feminino,2023,Pública,EE Donizetti Aparecido Leite Professor,Cursando,FASE 3,3.0,3R,3R,FASE 4,4.0,Fase 4 (9° ano),-1,-1.0,False,-1.0,Defasado,1.0,Quartzo,5.458179831866667,5.0,1.6666666666666667,4.547899159666667,8.751,8.135,7.5,6.383333333,1.0,2.0,2.0,,,,,,
RA-653,2024,Aluno-653,2011,2011-03-29,13.0,Feminino,2022,Pública,EE Donizetti Aparecido Leite Professor,Cursando,FASE 3,3.0,3R,3R,FASE 3,3.0,Fase 3 (7° e 8° ano),0,0.0,False,0.0,Adequado,0.0,Topázio,8.103217647033333,10.0,5.166666666666667,9.537254901999999,8.751,8.76,8.333333333,7.89,6.5,4.5,4.5,,,,,,
RA-456,2024,Aluno-456,2010,2010-11-20,13.0,Feminino,2022,Pública,EE Donizetti Aparecido Leite Professor,Cursando,FASE 3,3.0,3R,3R,FASE 3,3.0,Fase 3 (7° e 8° ano),0,0.0,False,0.0,Adequado,0.0,Topázio,8.331124561366668,10.0,6.5,9.382456140333334,7.083,7.51,9.166666667,8.893333333,9.0,6.0,4.5,,,,,,
RA-655,2024,Aluno-655,2010,2010-09-23,14.0,Feminino,2021,Pública,EE Donizetti Aparecido Leite Professor,Cursando,FASE 3,3.0,3R,3R,FASE 3,3.0,Fase 3 (7° e 8° ano),0,0.0,False,0.0,Adequado,0.0,Topázio,8.238600000066668,10.0,6.833333333333333,10.0,7.501,8.76,8.125,7.166666667,8.0,4.0,8.5,,,,,,
RA-656,2024,Aluno-656,2011,2011-06-22,13.0,Feminino,2021,Pública,EE Donizetti Aparecido Leite Professor,Cursando,FASE 3,3.0,3R,3R,FASE 3,3.0,Fase 3 (7° e 8° ano),0,0.0,False,0.0,Adequado,0.0,Ágata,6.668152941266667,10.0,4.166666666666667,5.978431372666667,9.168,7.51,7.5,6.106666667,5.0,3.5,4.0,,,,,,
RA-657,2024,Aluno-657,2010,2010-11-09,13.0,Feminino,2021,Pública,EE Donizetti Aparecido Leite Professor,Cursando,FASE 3,3.0,3R,3R,FASE 3,3.0,Fase 3 (7° e 8° ano),0,0.0,False,0.0,Adequado,0.0,Topázio,8.207433333400001,10.0,7.5,9.6,8.751,6.885,8.125,7.056666667,8.0,4.5,10.0,,,,,,
RA-1555,2024,Aluno-1555,2011,2011-01-13,13.0,Masculino,2024,Pública,EE Donizetti Aparecido Leite Professor,Cursando,FASE 3,3.0,3R,3R,FASE 3,3.0,Fase 3 (7° e 8° ano),0,0.0,False,0.0,Adequado,0.0,Ametista,7.4827333334,10.0,3.0,10.0,8.334,6.255,8.125,8.056666667,9.0,0.0,0.0,,,,,,
RA-461,2024,Aluno-461,2010,2010-12-30,13.0,Feminino,2021,Pública,EE Donizetti Aparecido Leite Professor,Cursando,FASE 3,3.0,3R,3R,FASE 3,3.0,Fase 3 (7° e 8° ano),0,0.0,False,0.0,Adequado,0.0,Ametista,7.5447559291,10.0,4.5,9.182446312,8.751,7.51,7.708333333,7.056666667,3.0,4.5,6.0,,,,,,
RA-398,2024,Aluno-398,2012,2012-01-06,12.0,Feminino,2022,Pública,EE Donizetti Aparecido Leite Professor,Cursando,FASE 3,3.0,3U,3U,FASE 3,3.0,Fase 3 (7° e 8° ano),0,0.0,False,0.0,Adequado,0.0,Ametista,7.2457999999666685,10.0,8.0,5.733333333333333,7.083,7.51,7.291666667,6.553333333,8.5,7.5,8.0,,,,,,
RA-586,2024,Aluno-586,2012,2012-11-18,11.0,Feminino,2021,Privada - Programa de Apadrinhamento,Colégio Arco Íris Evolução,Cursando,FASE 3,3.0,3U,3U,FASE 2,2.0,Fase 2 (5° e 6° ano),1,1.0,False,1.0,Adiantado,0.0,Topázio,8.702387301666668,10.0,8.5,9.241269841333333,9.168,7.51,8.75,8.056666667,7.5,8.0,10.0,,,,,,
RA-623,2024,Aluno-623,2009,2009-09-25,15.0,Masculino,2022,Pública,EE Donizetti Aparecido Leite Professor,Cursando,FASE 3,3.0,3U,3U,FASE 4,4.0,Fase 4 (9° ano),-1,-1.0,False,-1.0,Defasado,1.0,Ágata,6.357733333300001,5.0,4.0,7.3999999999999995,8.334,6.885,6.458333333,7.05,3.5,2.5,6.0,,,,,,
RA-588,2024,Aluno-588,2013,2013-05-16,11.0,Feminino,2021,Privada - Programa de Apadrinhamento,Colégio Arco Íris Evolução,Cursando,FASE 3,3.0,3U,3U,FASE 2,2.0,Fase 2 (5° e 6° ano),1,1.0,False,1.0,Adiantado,0.0,Topázio,8.676133333333334,10.0,7.833333333333333,9.833333333333334,9.168,7.51,8.75,8.0,8.5,8.0,7.0,,,,,,
RA-626,2024,Aluno-626,2011,2011-06-27,13.0,Masculino,2021,Pública,EE Donizetti Aparecido Leite Professor,Cursando,FASE 3,3.0,3U,3U,FASE 3,3.0,Fase 3 (7° e 8° ano),0,0.0,False,0.0,Adequado,0.0,Ágata,6.407590225500001,10.0,5.333333333333333,3.380451127666667,9.585,6.885,7.291666667,6.443333333,5.5,3.5,7.0,,,,,,
RA-1556,2024,Aluno-1556,2010,2010-07-31,14.0,Masculino,2024,Pública,EE Donizetti Aparecido Leite Professor,Cursando,FASE 3,3.0,3U,3U,FASE 3,3.0,Fase 3 (7° e 8° ano),0,0.0,False,0.0,Adequado,0.0,Ágata,6.666811111166668,10.0,4.0,5.222222222333333,7.917,7.51,7.916666667,7.44,3.5,,4.5,,,,,,
RA-455,2024,Aluno-455,2010,2010-06-28,14.0,Feminino,2022,Pública,EE Donizetti Aparecido Leite Professor,Cursando,FASE 3,3.0,3U,3U,FASE 3,3.0,Fase 3 (7° e 8° ano),0,0.0,False,0.0,Adequado,0.0,Ametista,7.098988888900001,10.0,4.5,6.111111111,8.751,8.13,8.333333333,7.276666667,3.0,6.5,4.0,,,,,,
RA-614,2024,Aluno-614,2010,2010-06-13,14.0,Masculino,2021,Pública,EE Paschoal Carlos Magno,Cursando,FASE 3,3.0,3U,3U,FASE 4,4.0,Fase 4 (9° ano),-1,-1.0,False,-1.0,Defasado,1.0,Ametista,7.8284999999666685,5.0,6.833333333333333,9.700000000000001,9.585,7.51,7.916666667,7.603333333,8.0,4.5,8.0,,,,,,
RA-434,2024,Aluno-434,2011,2011-01-19,13.0,Masculino,2022,Pública,EE Donizetti Aparecido Leite Professor,Cursando,FASE 3,3.0,3U,3U,FASE 3,3.0,Fase 3 (7° e 8° ano),0,0.0,False,0.0,Adequado,0.0,Ágata,6.610947619100001,10.0,5.5,5.061904762,7.084,7.51,7.291666667,6.55,5.5,5.5,5.5,,,,,,
RA-603,2024,Aluno-603,2011,2011-11-25,12.0,Masculino,2022,Pública,EE Donizetti Aparecido Leite Professor,Cursando,FASE 3,3.0,3U,3U,FASE 3,3.0,Fase 3 (7° e 8° ano),0,0.0,False,0.0,Adequado,0.0,Ágata,6.942277777866667,10.0,4.666666666666667,7.155555555666666,9.585,6.885,6.875,6.216666667,4.5,5.5,4.0,,,,,,
RA-1133,2024,Aluno-1133,2013,2013-02-19,11.0,Feminino,2023,Pública,EE Donizetti Aparecido Leite Professor,Cursando,FASE 3,3.0,3U,3U,FASE 2,2.0,Fase 2 (5° e 6° ano),1,1.0,False,1.0,Adiantado,0.0,Topázio,8.238553968266668,10.0,4.5,9.841269841333334,9.168,8.75,8.125,8.83,5.0,3.5,5.0,,,,,,
RA-616,2024,Aluno-616,2010,2010-08-09,14.0,Masculino,2021,Pública,EE Donizetti Aparecido Leite Professor,Cursando,FASE 3,3.0,3U,3U,FASE 3,3.0,Fase 3 (7° e 8° ano),0,0.0,False,0.0,Adequado,0.0,Quartzo,5.457877193033333,10.0,3.8333333333333335,3.087719298333333,7.5,6.885,6.458333333,4.946666667,3.0,3.5,5.0,,,,,,
RA-1134,2024,Aluno-1134,2011,2011-11-28,12.0,Masculino,2023,Pública,EE Donizetti Aparecido Leite Professor,Cursando,FASE 3,3.0,3U,3U,FASE 3,3.0,Fase 3 (7° e 8° ano),0,0.0,False,0.0,Adequado,0.0,Ametista,7.7564571427,10.0,6.0,8.914285714,8.751,7.51,7.708333333,6.883333333,6.0,5.5,6.5,,,,,,
RA-1557,2024,Aluno-1557,2010,2010-08-07,14.0,Feminino,2024,Pública,EE Donizetti Aparecido Leite Professor,Cursando,FASE 3,3.0,3U,3U,FASE 3,3.0,Fase 3 (7° e 8° ano),0,0.0,False,0.0,Adequado,0.0,Topázio,8.228500000033334,10.0,7.0,8.916666666666666,9.585,7.51,7.916666667,7.72,6.0,,8.0,,,,,,
RA-670,2024,Aluno-670,2012,2012-09-05,12.0,Feminino,2022,Privada - Programa de Apadrinhamento,Colégio Arco Íris Evolução,Cursando,FASE 3,3.0,3U,3U,FASE 2,2.0,Fase 2 (5° e 6° ano),1,1.0,False,1.0,Adiantado,0.0,Topázio,8.8602539683,10.0,8.666666666666666,9.441269841333334,9.585,7.51,8.958333333,8.166666667,9.0,7.0,10.0,,,,,,
RA-620,2024,Aluno-620,2010,2010-07-22,14.0,Masculino,2021,Pública,EE Donizetti Aparecido Leite Professor,Cursando,FASE 3,3.0,3U,3U,FASE 3,3.0,Fase 3 (7° e 8° ano),0,0.0,False,0.0,Adequado,0.0,Quartzo,5.766892063566667,10.0,2.5,3.9841269843333333,8.334,7.51,7.083333333,5.886666667,3.5,2.5,1.5,,,,,,
RA-1149,2024,Aluno-1149,2009,2009-06-09,15.0,Feminino,2023,Pública,EE Joaquim Mendes Feliz,Cursando,FASE 4,4.0,4A,4A,FASE 5,5.0,Fase 5 (1° EM),-1,-1.0,False,-1.0,Defasado,1.0,Topázio,8.1371,5.0,6.0,10.0,8.334,10.0,8.625,8.706,2.0,6.0,10.0,,,,,,
RA-1558,2024,Aluno-1558,2008,2008-07-30,16.0,Masculino,2024,Pública,EE Joaquim Mendes Feliz,Cursando,FASE 4,4.0,4A,4A,FASE 5,5.0,Fase 5 (1° EM),-1,-1.0,False,-1.0,Defasado,1.0,Ametista,7.643772047733333,5.0,5.5,8.705360238666666,9.168,8.755,8.5,8.302,5.0,5.5,6.0,,,,,,
RA-326,2024,Aluno-326,2010,2010-07-21,14.0,Feminino,2022,Privada,Recanto Betânia Centro Educacional,Cursando,FASE 4,4.0,4A,4A,FASE 3,3.0,Fase 3 (7° e 8° ano),1,1.0,False,1.0,Adiantado,0.0,Topázio,8.832389092333335,10.0,9.333333333333334,8.973112128333334,9.168,6.26,8.875,8.704,10.0,9.0,9.0,,,,,,
RA-339,2024,Aluno-339,2011,2011-06-01,13.0,Feminino,2021,Pública,EE Leonice de Aquino Oliveira,Cursando,FASE 4,4.0,4A,4A,FASE 3,3.0,Fase 3 (7° e 8° ano),1,1.0,False,1.0,Adiantado,0.0,Ametista,7.711540746133334,10.0,8.166666666666666,7.155537064000001,7.5,5.635,8.0,7.668,8.0,7.0,9.5,,,,,,
RA-179,2024,Aluno-179,2010,2010-11-24,13.0,Masculino,2022,Privada,Recanto Betânia Centro Educacional,Cursando,FASE 4,4.0,4A,4A,FASE 3,3.0,Fase 3 (7° e 8° ano),1,1.0,False,1.0,Adiantado,0.0,Topázio,8.932712280733334,10.0,8.166666666666666,9.407894737,9.168,9.38,8.75,8.44,7.0,8.0,9.5,,,,,,
RA-1559,2024,Aluno-1559,2009,2009-01-29,15.0,Feminino,2024,Pública,EE Paschoal Carlos Magno,Cursando,FASE 4,4.0,4A,4A,FASE 5,5.0,Fase 5 (1° EM),-1,-1.0,False,-1.0,Defasado,1.0,Ágata,6.330428437666668,5.0,4.666666666666667,5.2929755216666665,7.917,6.885,8.375,7.604,8.0,0.0,6.0,,,,,,
RA-332,2024,Aluno-332,2009,2009-05-06,15.0,Masculino,2021,Privada - Programa de Apadrinhamento,Colégio Arco Íris Evolução,Cursando,FASE 4,4.0,4A,4A,FASE 3,3.0,Fase 3 (7° e 8° ano),1,1.0,False,1.0,Adiantado,0.0,Topázio,8.421271701,10.0,7.0,7.605358505000001,9.585,9.38,8.625,8.706,7.0,7.0,7.0,,,,,,
RA-1560,2024,Aluno-1560,2010,2010-08-04,14.0,Feminino,2024,Privada,Colégio Arco Íris Evolução,Cursando,FASE 4,4.0,4A,4A,FASE 3,3.0,Fase 3 (7° e 8° ano),1,1.0,False,1.0,Adiantado,0.0,Topázio,8.4721031746,10.0,8.166666666666666,9.206349206333334,9.168,5.635,8.5,8.336,6.0,8.5,10.0,,,,,,
RA-1153,2024,Aluno-1153,2009,2009-06-24,15.0,Feminino,2021,Privada - Programa de Apadrinhamento,Colégio Arco Íris Evolução,Cursando,FASE 4,4.0,4A,4A,FASE 5,5.0,Fase 5 (1° EM),-1,-1.0,False,-1.0,Defasado,1.0,Topázio,8.268876190466667,5.0,8.5,9.702380952333334,8.751,5.635,8.75,9.074,8.0,8.5,9.0,,,,,,
RA-183,2024,Aluno-183,2009,2009-08-15,15.0,Feminino,2022,Pública,EE Mario Francisco de Amorim,Cursando,FASE 4,4.0,4A,4A,FASE 4,4.0,Fase 4 (9° ano),0,0.0,False,0.0,Adequado,0.0,Topázio,8.266902371533334,10.0,7.5,9.249011857666666,7.917,6.26,8.25,8.372,5.0,7.5,10.0,,,,,,
RA-199,2024,Aluno-199,2009,2009-01-11,15.0,Masculino,2022,Privada,Estuda em outra cidade,Cursando,FASE 4,4.0,4A,4A,FASE 5,5.0,Fase 5 (1° EM),-1,-1.0,False,-1.0,Defasado,1.0,Ametista,7.419398245666667,5.0,7.166666666666667,7.554824561666667,8.334,6.88,8.125,8.206,5.0,9.0,7.5,,,,,,
RA-1561,2024,Aluno-1561,2008,2008-07-06,16.0,Masculino,2024,Pública,EE Joaquim Mendes Feliz,Cursando,FASE 4,4.0,4A,4A,FASE 5,5.0,Fase 5 (1° EM),-1,-1.0,False,-1.0,Defasado,1.0,Ametista,7.9402206349333335,5.0,9.0,9.174603174666666,9.585,5.0,8.0,7.734,8.5,8.5,10.0,,,,,,
RA-336,2024,Aluno-336,2009,2009-08-28,15.0,Masculino,2021,Pública,EE Mario Francisco de Amorim,Cursando,FASE 4,4.0,4A,4A,FASE 4,4.0,Fase 4 (9° ano),0,0.0,False,0.0,Adequado,0.0,Ágata,6.834286748466667,10.0,5.833333333333333,5.512100409000001,7.5,6.26,7.5,7.196,6.0,6.5,5.0,,,,,,
RA-347,2024,Aluno-347,2010,2010-07-13,14.0,Feminino,2021,Pública,EE Leonice de Aquino Oliveira,Cursando,FASE 4,4.0,4A,4A,FASE 3,3.0,Fase 3 (7° e 8° ano),1,1.0,False,1.0,Adiantado,0.0,Topázio,8.384742583733333,10.0,7.666666666666667,9.673046251999999,8.751,6.885,8.0,7.766,6.5,7.5,9.0,,,,,,
RA-397,2024,Aluno-397,2008,2008-05-13,16.0,Feminino,2021,Pública,EE Paschoal Carlos Magno,Cursando,FASE 4,4.0,4A,4A,FASE 6,6.0,Fase 6 (2° EM),-2,-2.0,False,-2.0,Defasado,1.0,Ágata,6.807291921866668,5.0,5.666666666666667,7.885292942666666,7.918,5.63,7.625,7.398,5.0,4.5,7.5,,,,,,
RA-338,2024,Aluno-338,2010,2010-04-08,14.0,Masculino,2021,Pública,EE Leonice de Aquino Oliveira,Cursando,FASE 4,4.0,4B,4B,FASE 4,4.0,Fase 4 (9° ano),0,0.0,False,0.0,Adequado,0.0,Topázio,8.052795331466667,10.0,6.833333333333333,7.441643324,9.168,7.51,7.625,8.8375,5.0,8.0,7.5,,,,,,
RA-392,2024,Aluno-392,2008,2008-03-16,16.0,Masculino,2022,Pública,EE Alexandre Rodrigues Nogueira,Cursando,FASE 4,4.0,4B,4B,FASE 5,5.0,Fase 5 (1° EM),-1,-1.0,False,-1.0,Defasado,1.0,Quartzo,4.3639463364,5.0,1.0,5.414731682,9.585,5.635,3.5,3.545,0.0,2.0,1.0,,,,,,
RA-352,2024,Aluno-352,2011,2011-03-26,13.0,Masculino,2021,Pública,EE Loris Nassif Mattar Profa,Cursando,FASE 4,4.0,4B,4B,FASE 3,3.0,Fase 3 (7° e 8° ano),1,1.0,False,1.0,Adiantado,0.0,Quartzo,5.9794829346,10.0,3.1666666666666665,4.453748006333333,8.334,6.26,6.375,6.7925,2.0,5.5,2.0,,,,,,
RA-1562,2024,Aluno-1562,2008,2008-02-05,16.0,Feminino,2024,Pública,EE Alexandre Rodrigues Nogueira,Cursando,FASE 4,4.0,4B,4B,FASE 6,6.0,Fase 6 (2° EM),-2,-2.0,False,-2.0,Defasado,1.0,Quartzo,5.458833333333334,5.0,0.5,8.666666666666666,6.25,5.01,6.25,6.8725,0.5,,,,,,,,
RA-367,2024,Aluno-367,2010,2010-12-27,13.0,Feminino,2021,Pública,EE Leonice de Aquino Oliveira,Cursando,FASE 4,4.0,4B,4B,FASE 3,3.0,Fase 3 (7° e 8° ano),1,1.0,False,1.0,Adiantado,0.0,Ametista,7.209434085200001,10.0,5.0,7.268170426,9.168,6.26,6.875,7.6275,2.0,5.5,7.5,,,,,,
RA-1563,2024,Aluno-1563,2009,2009-03-03,15.0,Feminino,2024,Pública,EE Alexandre Rodrigues Nogueira,Cursando,FASE 4,4.0,4B,4B,FASE 5,5.0,Fase 5 (1° EM),-1,-1.0,False,-1.0,Defasado,1.0,Ametista,7.604211111133335,5.0,7.0,8.305555555666666,8.751,7.51,7.25,8.46,5.0,7.5,8.5,,,,,,
RA-1564,2024,Aluno-1564,2009,2009-06-19,15.0,Masculino,2024,Pública,EE Alexandre Rodrigues Nogueira,Cursando,FASE 4,4.0,4B,4B,FASE 5,5.0,Fase 5 (1° EM),-1,-1.0,False,-1.0,Defasado,1.0,Quartzo,5.0761468806000005,5.0,2.1666666666666665,4.942067736333334,8.334,6.885,5.75,5.2875,1.0,3.5,2.0,,,,,,
RA-1565,2024,Aluno-1565,2008,2008-08-15,16.0,Masculino,2024,Pública,EE Alexandre Rodrigues Nogueira,Cursando,FASE 4,4.0,4B,4B,FASE 5,5.0,Fase 5 (1° EM),-1,-1.0,False,-1.0,Defasado,1.0,Quartzo,5.816448179266667,5.0,5.5,8.102240896333333,0.0,7.51,6.375,6.0375,7.0,3.0,6.5,,,,,,
RA-1566,2024,Aluno-1566,2007,2007-09-03,17.0,Feminino,2024,Pública,EE Alexandre Rodrigues Nogueira,Cursando,FASE 4,4.0,4B,4B,FASE 6,6.0,Fase 6 (2° EM),-2,-2.0,False,-2.0,Defasado,1.0,Ametista,7.759243871133334,5.0,6.5,9.247219355666667,9.168,7.51,7.75,8.335,3.0,8.0,8.5,,,,,,
RA-1567,2024,Aluno-1567,2008,2008-06-08,16.0,Feminino,2024,Pública,EE Alexandre Rodrigues Nogueira,Cursando,FASE 4,4.0,4B,4B,FASE 6,6.0,Fase 6 (2° EM),-2,-2.0,False,-2.0,Defasado,1.0,Ametista,7.913942087533334,5.0,8.166666666666666,8.771043771,8.334,7.51,7.75,8.335,5.0,9.5,10.0,,,,,,
RA-356,2024,Aluno-356,2010,2010-07-08,14.0,Masculino,2021,Pública,EE Alexandre Rodrigues Nogueira,Cursando,FASE 4,4.0,4B,4B,FASE 3,3.0,Fase 3 (7° e 8° ano),1,1.0,False,1.0,Adiantado,0.0,Ágata,6.627336016533334,10.0,5.333333333333333,6.656346749333334,8.334,5.635,5.25,6.5375,1.0,7.0,8.0,,,,,,
RA-1568,2024,Aluno-1568,2009,2009-03-03,15.0,Feminino,2024,Pública,EE Paschoal Carlos Magno,Cursando,FASE 4,4.0,4B,4B,FASE 5,5.0,Fase 5 (1° EM),-1,-1.0,False,-1.0,Defasado,1.0,Ametista,7.8003261438000004,5.0,8.166666666666666,7.493464052333334,9.168,7.51,8.0,8.5025,7.5,7.5,9.5,,,,,,
RA-247,2024,Aluno-247,2009,2009-11-25,14.0,Feminino,2021,Pública,EE Loris Nassif Mattar Profa,Cursando,FASE 4,4.0,4B,4B,FASE 4,4.0,Fase 4 (9° ano),0,0.0,False,0.0,Adequado,0.0,Ágata,6.646485739800001,10.0,4.333333333333333,8.306595365666666,0.0,6.26,7.75,8.5875,0.0,5.0,8.0,,,,,,
RA-204,2024,Aluno-204,2009,2009-07-08,15.0,Feminino,2021,Pública,EE Alexandre Rodrigues Nogueira,Cursando,FASE 4,4.0,4B,4B,FASE 4,4.0,Fase 4 (9° ano),0,0.0,False,0.0,Adequado,0.0,Ametista,7.838218894866668,10.0,7.5,6.827094474333333,9.168,6.26,7.125,8.5875,5.0,7.5,10.0,,,,,,
RA-1569,2024,Aluno-1569,2007,2007-10-24,17.0,Feminino,2024,Pública,EE Alexandre Rodrigues Nogueira,Cursando,FASE 4,4.0,4B,4B,FASE 6,6.0,Fase 6 (2° EM),-2,-2.0,False,-2.0,Defasado,1.0,Quartzo,5.7191555556,5.0,2.1666666666666665,7.111111111333334,6.666,6.26,6.875,6.9175,2.0,3.0,1.5,,,,,,
RA-1570,2024,Aluno-1570,2008,2008-08-06,16.0,Feminino,2024,Pública,EE Alexandre Rodrigues Nogueira,Cursando,FASE 4,4.0,4B,4B,FASE 5,5.0,Fase 5 (1° EM),-1,-1.0,False,-1.0,Defasado,1.0,Ametista,7.894084175066667,5.0,8.333333333333334,7.542087542,9.585,7.51,7.75,8.6725,6.5,9.0,9.5,,,,,,
RA-1571,2024,Aluno-1571,2008,2008-08-17,16.0,Masculino,2024,Pública,EE Alexandre Rodrigues Nogueira,Cursando,FASE 4,4.0,4B,4B,FASE 5,5.0,Fase 5 (1° EM),-1,-1.0,False,-1.0,Defasado,1.0,Ametista,7.2484555556,5.0,5.666666666666667,9.111111111333335,8.334,5.005,7.5,8.545,5.0,6.0,6.0,,,,,,
RA-1572,2024,Aluno-1572,2009,2009-05-30,15.0,Feminino,2024,Pública,EE Paschoal Carlos Magno,Cursando,FASE 4,4.0,4C,4C,FASE 5,5.0,Fase 5 (1° EM),-1,-1.0,False,-1.0,Defasado,1.0,Topázio,8.080345634866667,5.0,7.5,9.841269841333334,9.168,7.51,7.65625,8.393333333,7.5,6.5,8.5,,,,,,
RA-1150,2024,Aluno-1150,2007,2007-10-15,17.0,Masculino,2023,Pública,EE Olivia de Faria Nogueira,Cursando,FASE 4,4.0,4C,4C,FASE 6,6.0,Fase 6 (2° EM),-2,-2.0,False,-2.0,Defasado,1.0,Ametista,7.1023212964,5.0,6.833333333333333,6.481481481666667,8.334,7.51,7.65625,7.946666667,4.0,6.5,10.0,,,,,,
RA-1573,2024,Aluno-1573,2008,2008-08-17,16.0,Masculino,2024,Pública,EE Olivia de Faria Nogueira,Cursando,FASE 4,4.0,4C,4C,FASE 5,5.0,Fase 5 (1° EM),-1,-1.0,False,-1.0,Defasado,1.0,Ágata,6.743847969266667,5.0,5.0,6.120448179333334,9.168,6.26,7.65625,8.556666667,0.0,6.0,9.0,,,,,,
RA-1574,2024,Aluno-1574,2008,2008-08-23,16.0,Feminino,2024,Pública,EE Paschoal Carlos Magno,Cursando,FASE 4,4.0,4C,4C,FASE 5,5.0,Fase 5 (1° EM),-1,-1.0,False,-1.0,Defasado,1.0,Ametista,7.777244180000001,5.0,7.333333333333333,8.399470899666667,8.751,7.51,7.8125,8.616666667,7.0,6.0,9.0,,,,,,
RA-1151,2024,Aluno-1151,2011,2011-03-04,13.0,Feminino,2023,Pública,EE Paschoal Carlos Magno,Cursando,FASE 4,4.0,4C,4C,FASE 3,3.0,Fase 3 (7° e 8° ano),1,1.0,False,1.0,Adiantado,0.0,Topázio,8.749111111066668,10.0,9.0,9.722222222333334,7.5,5.635,8.125,9.393333333,9.0,8.0,10.0,,,,,,
RA-1575,2024,Aluno-1575,2008,2008-10-19,16.0,Feminino,2024,Pública,EE Olivia de Faria Nogueira,Cursando,FASE 4,4.0,4C,4C,FASE 5,5.0,Fase 5 (1° EM),-1,-1.0,False,-1.0,Defasado,1.0,Ametista,7.318459391466667,5.0,5.333333333333333,8.624338624,9.168,6.885,7.65625,8.28,0.0,7.5,8.5,,,,,,
RA-1081,2024,Aluno-1081,2009,2009-07-29,15.0,Feminino,2023,Privada - Programa de Apadrinhamento,Colégio Arco Íris Evolução,Cursando,FASE 4,4.0,4C,4C,FASE 4,4.0,Fase 4 (9° ano),0,0.0,False,0.0,Adequado,0.0,Topázio,8.5452952381,10.0,8.833333333333334,9.523809523666666,6.667,5.005,9.166666667,8.95,9.5,8.0,9.0,,,,,,
RA-342,2024,Aluno-342,2008,2008-07-21,16.0,Feminino,2021,Pública,EE Mario Francisco de Amorim,Cursando,FASE 4,4.0,4C,4C,FASE 5,5.0,Fase 5 (1° EM),-1,-1.0,False,-1.0,Defasado,1.0,Ágata,6.757026587266667,5.0,4.5,7.728174603333334,8.751,6.26,7.65625,7.723333333,6.5,7.0,0.0,,,,,,
RA-1576,2024,Aluno-1576,2008,2008-07-16,16.0,Feminino,2024,Pública,EE Loris Nassif Mattar Profa,Cursando,FASE 4,4.0,4C,4C,FASE 5,5.0,Fase 5 (1° EM),-1,-1.0,False,-1.0,Defasado,1.0,Ametista,7.4636202380666665,5.0,6.666666666666667,9.523809523666666,8.334,5.635,6.40625,8.44,7.5,4.5,8.0,,,,,,
RA-187,2024,Aluno-187,2010,2010-06-28,14.0,Feminino,2021,Privada - Programa de Apadrinhamento,Colégio Arco Íris Evolução,Cursando,FASE 4,4.0,4C,4C,FASE 4,4.0,Fase 4 (9° ano),0,0.0,False,0.0,Adequado,0.0,Topázio,8.568424074066666,10.0,7.833333333333333,9.537037037,8.751,5.635,8.4375,9.06,7.5,7.0,9.0,,,,,,
RA-359,2024,Aluno-359,2010,2010-08-21,14.0,Feminino,2021,Pública,EE Joaquim Mendes Feliz,Cursando,FASE 4,4.0,4C,4C,FASE 3,3.0,Fase 3 (7° e 8° ano),1,1.0,False,1.0,Adiantado,0.0,Ametista,7.492006349133335,10.0,5.5,7.162698412666667,9.168,6.26,7.5,8.333333333,4.0,4.5,8.0,,,,,,
RA-1577,2024,Aluno-1577,2008,2008-09-20,16.0,Masculino,2024,Pública,EE Mario Francisco de Amorim,Cursando,FASE 4,4.0,4C,4C,FASE 5,5.0,Fase 5 (1° EM),-1,-1.0,False,-1.0,Defasado,1.0,Ágata,6.305585581933334,5.0,4.333333333333333,4.993386243333333,10.002,7.51,7.34375,7.273333333,4.0,7.0,2.0,,,,,,
RA-236,2024,Aluno-236,2010,2010-06-21,14.0,Feminino,2022,Pública,EE Loris Nassif Mattar Profa,Cursando,FASE 4,4.0,4F,4F,FASE 4,4.0,Fase 4 (9° ano),0,0.0,False,0.0,Adequado,0.0,Ágata,6.980833740133334,10.0,4.5,7.890668700666666,9.168,6.26,6.875,6.362,1.5,4.0,8.0,,,,,,
RA-249,2024,Aluno-249,2008,2008-05-08,16.0,Masculino,2021,Pública,EE Paschoal Carlos Magno,Cursando,FASE 4,4.0,4F,4F,FASE 6,6.0,Fase 6 (2° EM),-2,-2.0,False,-2.0,Defasado,1.0,Ágata,6.125104328999999,5.0,5.0,6.645021645,7.083,5.0,6.75,7.064,1.0,8.0,6.0,,,,,,
RA-239,2024,Aluno-239,2007,2007-05-22,17.0,Feminino,2021,Pública,EE Paschoal Carlos Magno,Cursando,FASE 4,4.0,4F,4F,FASE 7,7.0,Fase 7 (3° EM),-3,-3.0,False,-3.0,Defasado,1.0,Ágata,6.782180868800001,2.5,6.666666666666667,6.361737677333333,8.751,5.635,7.875,8.502,4.0,10.0,6.0,,,,,,
RA-382,2024,Aluno-382,2008,2008-08-19,16.0,Masculino,2021,Pública,EE Alexandre Rodrigues Nogueira,Cursando,FASE 4,4.0,4F,4F,FASE 5,5.0,Fase 5 (1° EM),-1,-1.0,False,-1.0,Defasado,1.0,Quartzo,5.805712280733333,5.0,3.0,6.324561403666666,9.168,5.63,6.75,6.43,2.0,3.0,4.0,,,,,,
RA-383,2024,Aluno-383,2011,2011-01-20,13.0,Masculino,2021,Pública,EE João Ortiz Rodrigues,Cursando,FASE 4,4.0,4F,4F,FASE 3,3.0,Fase 3 (7° e 8° ano),1,1.0,False,1.0,Adiantado,0.0,Topázio,8.036024386733335,10.0,5.833333333333333,8.600288600333334,9.168,7.51,7.875,8.47,1.0,8.0,8.5,,,,,,
RA-1155,2024,Aluno-1155,2009,2009-02-18,15.0,Feminino,2023,Pública,EE Alexandre Rodrigues Nogueira,Cursando,FASE 4,4.0,4F,4F,FASE 5,5.0,Fase 5 (1° EM),-1,-1.0,False,-1.0,Defasado,1.0,Ametista,7.119011111133333,5.0,4.666666666666667,8.888888889,8.334,5.005,8.0,8.87,6.0,8.0,0.0,,,,,,
RA-384,2024,Aluno-384,2010,2010-02-09,14.0,Feminino,2021,Pública,EE João Ortiz Rodrigues,Cursando,FASE 4,4.0,4F,4F,FASE 4,4.0,Fase 4 (9° ano),0,0.0,False,0.0,Adequado,0.0,Topázio,8.072200721466668,10.0,7.5,8.607503607333333,7.5,7.51,7.625,7.936,5.0,9.5,8.0,,,,,,
RA-1156,2024,Aluno-1156,2011,2011-05-19,13.0,Feminino,2023,Pública,EE João Ortiz Rodrigues,Cursando,FASE 4,4.0,4F,4F,FASE 3,3.0,Fase 3 (7° e 8° ano),1,1.0,False,1.0,Adiantado,0.0,Ágata,6.6777135642,10.0,2.0,7.821067821,7.5,7.51,7.125,7.5,6.0,0.0,0.0,,,,,,
RA-1578,2024,Aluno-1578,2010,2010-12-29,13.0,Feminino,2024,Pública,EE Olivia de Faria Nogueira,Cursando,FASE 4,4.0,4F,4F,FASE 3,3.0,Fase 3 (7° e 8° ano),1,1.0,False,1.0,Adiantado,0.0,Ametista,7.880605848,10.0,7.333333333333333,6.761695906666667,8.334,7.51,7.5,8.636,6.0,6.0,10.0,,,,,,
RA-388,2024,Aluno-388,2008,2008-07-14,16.0,Feminino,2021,Pública,EE Joaquim Mendes Feliz,Cursando,FASE 4,4.0,4F,4F,FASE 5,5.0,Fase 5 (1° EM),-1,-1.0,False,-1.0,Defasado,1.0,Quartzo,5.965307936466667,5.0,4.333333333333333,6.349206349,7.5,7.51,6.75,5.764,1.0,7.0,5.0,,,,,,
RA-260,2024,Aluno-260,2009,2009-11-05,15.0,Feminino,2021,Pública,EE João Ortiz Rodrigues,Cursando,FASE 4,4.0,4F,4F,FASE 4,4.0,Fase 4 (9° ano),0,0.0,False,0.0,Adequado,0.0,Topázio,8.448920634933334,10.0,7.0,9.674603174666666,8.751,7.51,7.875,8.502,7.5,5.5,8.0,,,,,,
RA-395,2024,Aluno-395,2011,2011-03-19,13.0,Feminino,2021,Pública,EE Olivia de Faria Nogueira,Cursando,FASE 4,4.0,4F,4F,FASE 3,3.0,Fase 3 (7° e 8° ano),1,1.0,False,1.0,Adiantado,0.0,Ametista,7.169905291000001,10.0,4.333333333333333,6.921693121666666,8.751,6.26,7.25,8.464,2.5,5.5,5.0,,,,,,
RA-262,2024,Aluno-262,2007,2007-07-06,17.0,Masculino,2021,Privada,Colégio Nogueira e Sonho de Criança,Cursando,FASE 4,4.0,4F,4F,FASE 6,6.0,Fase 6 (2° EM),-2,-2.0,False,-2.0,Defasado,1.0,Quartzo,5.806145462066667,5.0,4.166666666666667,4.854560643666667,7.917,7.51,7.0,6.296,1.0,4.5,7.0,,,,,,
RA-1579,2024,Aluno-1579,2008,2008-02-21,16.0,Feminino,2022,Pública,EE Joaquim Mendes Feliz,Cursando,FASE 4,4.0,4F,4F,FASE 6,6.0,Fase 6 (2° EM),-2,-2.0,False,-2.0,Defasado,1.0,Ametista,7.894385710733333,5.0,7.166666666666667,9.090261886999999,8.751,5.635,8.5,9.272,7.5,6.0,8.0,,,,,,
RA-1580,2024,Aluno-1580,2008,2008-07-18,16.0,Masculino,2024,Pública,EE Paschoal Carlos Magno,Cursando,FASE 4,4.0,4F,4F,FASE 5,5.0,Fase 5 (1° EM),-1,-1.0,False,-1.0,Defasado,1.0,Ametista,7.790523996266667,5.0,6.166666666666667,9.049953314666666,8.751,7.51,7.875,9.168,5.0,7.5,6.0,,,,,,
RA-377,2024,Aluno-377,2010,2010-02-25,14.0,Feminino,2021,Pública,EE João Ortiz Rodrigues,Cursando,FASE 4,4.0,4F,4F,FASE 4,4.0,Fase 4 (9° ano),0,0.0,False,0.0,Adequado,0.0,Ametista,7.480115873000001,10.0,5.166666666666667,7.698412698333333,9.168,7.51,7.125,7.634,4.0,6.5,5.0,,,,,,
RA-250,2024,Aluno-250,2010,2010-05-30,14.0,Feminino,2022,Privada - Programa de Apadrinhamento,Colégio Arco Íris Evolução,Cursando,FASE 4,4.0,4H,4H,FASE 4,4.0,Fase 4 (9° ano),0,0.0,False,0.0,Adequado,0.0,Topázio,9.049892592566668,10.0,9.166666666666666,9.629629629666667,9.168,6.88,8.958333333,8.95,10.0,7.5,10.0,,,,,,
RA-1581,2024,Aluno-1581,2008,2008-09-17,16.0,Masculino,2024,Pública,EE Olivia de Faria Nogueira,Cursando,FASE 4,4.0,4H,4H,FASE 5,5.0,Fase 5 (1° EM),-1,-1.0,False,-1.0,Defasado,1.0,Ágata,6.9787022855,5.0,6.333333333333333,7.834844760666667,8.334,6.26,7.083333333,7.386666667,7.0,4.5,7.5,,,,,,
RA-1582,2024,Aluno-1582,2009,2009-04-07,15.0,Masculino,2024,Pública,EE Paschoal Carlos Magno,Cursando,FASE 4,4.0,4H,4H,FASE 5,5.0,Fase 5 (1° EM),-1,-1.0,False,-1.0,Defasado,1.0,Ágata,6.472788888966667,5.0,4.5,8.069444444333334,8.334,6.255,6.666666667,6.666666667,7.0,2.0,4.5,,,,,,
RA-1583,2024,Aluno-1583,2009,2009-02-02,15.0,Feminino,2024,Pública,EE Mario Francisco de Amorim,Cursando,FASE 4,4.0,4H,4H,FASE 5,5.0,Fase 5 (1° EM),-1,-1.0,False,-1.0,Defasado,1.0,Ametista,7.8197579711000005,5.0,8.166666666666666,7.753623188333333,7.917,6.26,9.166666667,9.006666667,8.0,6.5,10.0,,,,,,
RA-450,2024,Aluno-450,2009,2009-03-14,15.0,Masculino,2021,Pública,EE Donizetti Aparecido Leite Professor,Cursando,FASE 4,4.0,4L,4L,FASE 5,5.0,Fase 5 (1° EM),-1,-1.0,False,-1.0,Defasado,1.0,Ametista,7.526188206666666,5.0,7.5,8.954191033333332,8.751,5.63,7.8125,7.58,8.0,8.5,6.0,,,,,,
RA-426,2024,Aluno-426,2008,2008-12-09,15.0,Feminino,2022,Pública,EE Donizetti Aparecido Leite Professor,Cursando,FASE 4,4.0,4L,4L,FASE 5,5.0,Fase 5 (1° EM),-1,-1.0,False,-1.0,Defasado,1.0,Ágata,6.6430030186,5.0,4.833333333333333,7.9050567596666665,7.917,4.38,7.65625,8.0,3.5,7.0,4.0,,,,,,
RA-1584,2024,Aluno-1584,2009,2009-04-22,15.0,Feminino,2024,Pública,Estuda em outra cidade,Cursando,FASE 4,4.0,4L,4L,FASE 5,5.0,Fase 5 (1° EM),-1,-1.0,False,-1.0,Defasado,1.0,Ametista,7.429837830666667,5.0,5.5,9.153439153333332,8.334,7.51,7.8125,8.1675,6.0,5.5,5.0,,,,,,
RA-313,2024,Aluno-313,2008,2008-11-18,15.0,Feminino,2022,Pública,EE Donizetti Aparecido Leite Professor,Cursando,FASE 4,4.0,4L,4L,FASE 5,5.0,Fase 5 (1° EM),-1,-1.0,False,-1.0,Defasado,1.0,Ametista,7.2528500000000005,5.0,4.833333333333333,9.666666666666666,8.751,5.63,7.8125,8.1675,1.0,8.0,5.5,,,,,,
RA-467,2024,Aluno-467,2009,2009-06-09,15.0,Feminino,2022,Pública,EE Maria André Schunck Dona,Cursando,FASE 4,4.0,4L,4L,FASE 4,4.0,Fase 4 (9° ano),0,0.0,False,0.0,Adequado,0.0,Ametista,7.7298118421333335,10.0,6.833333333333333,9.140350877333333,7.917,5.01,7.34375,7.54,5.5,9.0,6.0,,,,,,
RA-1585,2024,Aluno-1585,2009,2009-03-23,15.0,Feminino,2024,Pública,EE Donizetti Aparecido Leite Professor,Cursando,FASE 4,4.0,4L,4L,FASE 5,5.0,Fase 5 (1° EM),-1,-1.0,False,-1.0,Defasado,1.0,Ágata,6.730367016866668,5.0,4.0,6.775210084333334,10.002,7.51,7.65625,7.7925,5.0,3.0,4.0,,,,,,
RA-432,2024,Aluno-432,2008,2008-07-08,16.0,Feminino,2021,Pública,EE Donizetti Aparecido Leite Professor,Cursando,FASE 4,4.0,4L,4L,FASE 5,5.0,Fase 5 (1° EM),-1,-1.0,False,-1.0,Defasado,1.0,Ametista,7.167975,5.0,5.5,10.0,7.501,6.26,7.34375,7.2875,5.0,6.0,5.5,,,,,,
RA-1586,2024,Aluno-1586,2009,2009-02-25,15.0,Feminino,2024,Pública,EE Donizetti Aparecido Leite Professor,Cursando,FASE 4,4.0,4L,4L,FASE 5,5.0,Fase 5 (1° EM),-1,-1.0,False,-1.0,Defasado,1.0,Ágata,6.555764327466668,5.0,5.666666666666667,6.128654970666666,10.002,5.01,6.875,7.54,3.5,5.5,8.0,,,,,,
RA-470,2024,Aluno-470,2009,2009-08-19,15.0,Feminino,2021,Pública,EE Maria André Schunck Dona,Cursando,FASE 4,4.0,4L,4L,FASE 4,4.0,Fase 4 (9° ano),0,0.0,False,0.0,Adequado,0.0,Ágata,6.981130848,10.0,3.3333333333333335,8.011695906666667,9.585,7.51,7.03125,6.4975,3.5,4.0,2.5,,,,,,
RA-417,2024,Aluno-417,2009,2009-12-04,14.0,Feminino,2022,Pública,EE Neide Celestina de Oliveira Profa,Cursando,FASE 4,4.0,4L,4L,FASE 4,4.0,Fase 4 (9° ano),0,0.0,False,0.0,Adequado,0.0,Topázio,8.533628557533333,10.0,8.833333333333334,8.401559454333333,8.334,7.51,8.4375,8.2925,9.0,10.0,7.5,,,,,,
RA-407,2024,Aluno-407,2009,2009-07-16,15.0,Masculino,2022,Pública,EE Maria André Schunck Dona,Cursando,FASE 4,4.0,4L,4L,FASE 4,4.0,Fase 4 (9° ano),0,0.0,False,0.0,Adequado,0.0,Ametista,7.0875128168,10.0,3.6666666666666665,7.614522417333333,8.334,6.26,7.96875,7.875,2.0,5.0,4.0,,,,,,
RA-1587,2024,Aluno-1587,2008,2008-01-10,16.0,Feminino,2024,Pública,EE Donizetti Aparecido Leite Professor,Cursando,FASE 4,4.0,4L,4L,FASE 6,6.0,Fase 6 (2° EM),-2,-2.0,False,-2.0,Defasado,1.0,Ametista,7.34055,5.0,3.75,10.0,9.168,7.51,7.8125,8.2075,7.5,0.0,,,,,,,
RA-1588,2024,Aluno-1588,2010,2010-06-02,14.0,Feminino,2024,Pública,EE Maria André Schunck Dona,Cursando,FASE 4,4.0,4L,4L,FASE 4,4.0,Fase 4 (9° ano),0,0.0,False,0.0,Adequado,0.0,Ametista,7.303823728133333,10.0,4.0,8.640618640666666,7.917,7.51,7.5,7.415,3.5,4.5,,,,,,,
RA-424,2024,Aluno-424,2010,2010-05-09,14.0,Feminino,2022,Pública,EM Cecilia Cristina de Oliveira Rodrigues,Cursando,FASE 4,4.0,4L,4L,FASE 4,4.0,Fase 4 (9° ano),0,0.0,False,0.0,Adequado,0.0,Ametista,7.341187280733334,10.0,3.3333333333333335,9.616228070333333,8.334,7.51,7.34375,7.1625,2.0,6.0,2.0,,,,,,
RA-1193,2024,Aluno-1193,2009,2009-01-03,15.0,Feminino,2023,Pública,EE Donizetti Aparecido Leite Professor,Cursando,FASE 4,4.0,4L,4L,FASE 5,5.0,Fase 5 (1° EM),-1,-1.0,False,-1.0,Defasado,1.0,Ágata,6.6304815790000005,5.0,4.0,7.763157895,8.751,5.635,7.8125,7.79,3.0,6.0,3.0,,,,,,
RA-411,2024,Aluno-411,2010,2010-05-13,14.0,Feminino,2021,Privada,Rede Decisão - Unidade União,Cursando,FASE 4,4.0,4M,4M,FASE 4,4.0,Fase 4 (9° ano),0,0.0,False,0.0,Adequado,0.0,Ametista,7.279762962966667,10.0,4.833333333333333,9.148148147999999,7.083,5.635,7.291666667,7.4125,3.5,7.0,4.0,,,,,,
RA-412,2024,Aluno-412,2010,2010-04-26,14.0,Feminino,2021,Pública,EE Maria André Schunck Dona,Cursando,FASE 4,4.0,4M,4M,FASE 4,4.0,Fase 4 (9° ano),0,0.0,False,0.0,Adequado,0.0,Topázio,8.044378070166667,10.0,7.333333333333333,8.456140351,8.334,6.26,8.020833333,8.125,8.0,6.0,8.0,,,,,,
RA-428,2024,Aluno-428,2009,2009-12-07,14.0,Masculino,2022,Pública,EE Donizetti Aparecido Leite Professor,Cursando,FASE 4,4.0,4M,4M,FASE 4,4.0,Fase 4 (9° ano),0,0.0,False,0.0,Adequado,0.0,Ametista,7.534949122800001,10.0,5.0,8.898245614,9.168,5.635,7.5,7.625,3.0,4.0,8.0,,,,,,
RA-315,2024,Aluno-315,2009,2009-04-03,15.0,Feminino,2022,Pública,EE Donizetti Aparecido Leite Professor,Cursando,FASE 4,4.0,4M,4M,FASE 5,5.0,Fase 5 (1° EM),-1,-1.0,False,-1.0,Defasado,1.0,Ágata,6.0768703704,5.0,6.833333333333333,5.918518518666667,0.0,7.51,7.5,7.6275,6.5,6.5,7.5,,,,,,
RA-442,2024,Aluno-442,2011,2011-01-02,13.0,Feminino,2022,Pública,EE Maria André Schunck Dona,Cursando,FASE 4,4.0,4M,4M,FASE 3,3.0,Fase 3 (7° e 8° ano),1,1.0,False,1.0,Adiantado,0.0,Ágata,6.905439215666667,10.0,5.0,5.9151960783333335,8.334,5.635,7.5,7.8775,4.5,7.0,3.5,,,,,,
RA-301,2024,Aluno-301,2009,2009-07-11,15.0,Feminino,2021,Pública,EE Maria André Schunck Dona,Cursando,FASE 4,4.0,4M,4M,FASE 4,4.0,Fase 4 (9° ano),0,0.0,False,0.0,Adequado,0.0,Topázio,8.410830701766667,10.0,9.0,7.4947368423333325,9.168,7.51,8.020833333,8.21,10.0,9.0,8.0,,,,,,
RA-1163,2024,Aluno-1163,2009,2009-07-24,15.0,Masculino,2023,Pública,EE Maria André Schunck Dona,Cursando,FASE 4,4.0,4M,4M,FASE 4,4.0,Fase 4 (9° ano),0,0.0,False,0.0,Adequado,0.0,Topázio,8.6794789474,10.0,7.833333333333333,9.824561403666666,8.334,7.51,8.125,8.755,9.5,6.5,7.5,,,,,,
RA-402,2024,Aluno-402,2010,2010-01-30,14.0,Feminino,2021,Pública,EE Donizetti Aparecido Leite Professor,Cursando,FASE 4,4.0,4M,4M,FASE 4,4.0,Fase 4 (9° ano),0,0.0,False,0.0,Adequado,0.0,Quartzo,5.683064814833333,10.0,4.166666666666667,3.074074074,7.5,6.26,6.354166667,6.1175,3.0,3.5,6.0,,,,,,
RA-1589,2024,Aluno-1589,2009,2009-03-07,15.0,Feminino,2024,Pública,EE Donizetti Aparecido Leite Professor,Cursando,FASE 4,4.0,4M,4M,FASE 5,5.0,Fase 5 (1° EM),-1,-1.0,False,-1.0,Defasado,1.0,Quartzo,5.260851851866667,5.0,2.5,6.259259259333334,0.0,7.51,7.5,7.54,3.0,2.0,,,,,,,
RA-1162,2024,Aluno-1162,2009,2009-11-27,14.0,Feminino,2023,Pública,EE Maria André Schunck Dona,Cursando,FASE 4,4.0,4M,4M,FASE 4,4.0,Fase 4 (9° ano),0,0.0,False,0.0,Adequado,0.0,Ametista,7.473167836266667,10.0,5.666666666666667,9.135672514666666,7.917,6.26,6.875,7.0375,4.0,7.5,5.5,,,,,,
RA-471,2024,Aluno-471,2009,2009-12-07,14.0,Feminino,2021,Pública,EE Maria André Schunck Dona,Cursando,FASE 4,4.0,4M,4M,FASE 4,4.0,Fase 4 (9° ano),0,0.0,False,0.0,Adequado,0.0,Ágata,6.635847117766667,10.0,5.5,7.027568922333333,0.0,7.51,7.708333333,8.0425,4.0,5.5,7.0,,,,,,
RA-416,2024,Aluno-416,2010,2010-08-31,14.0,Masculino,2021,Privada - Programa de Apadrinhamento,Colégio Arco Íris Evolução,Cursando,FASE 4,4.0,4M,4M,FASE 3,3.0,Fase 3 (7° e 8° ano),1,1.0,False,1.0,Adiantado,0.0,Topázio,8.700808577033333,10.0,8.0,8.972709551666666,8.751,7.51,8.541666667,9.13,8.0,7.5,8.5,,,,,,
RA-303,2024,Aluno-303,2008,2008-03-29,16.0,Masculino,2021,Pública,EE Donizetti Aparecido Leite Professor,Cursando,FASE 4,4.0,4M,4M,FASE 6,6.0,Fase 6 (2° EM),-2,-2.0,False,-2.0,Defasado,1.0,Ágata,6.2443426900666665,5.0,5.666666666666667,3.9520467836666664,8.751,7.51,6.875,7.535,5.0,5.0,7.0,,,,,,
RA-418,2024,Aluno-418,2012,2012-03-09,12.0,Feminino,2021,Privada - Programa de Apadrinhamento,Colégio Arco Íris Evolução,Cursando,FASE 4,4.0,4M,4M,FASE 3,3.0,Fase 3 (7° e 8° ano),1,1.0,False,1.0,Adiantado,0.0,Topázio,9.125183333366667,10.0,9.333333333333334,10.0,8.751,7.51,8.229166667,9.0475,9.5,8.5,10.0,,,,,,
RA-419,2024,Aluno-419,2010,2010-10-04,14.0,Feminino,2021,Privada - Programa de Apadrinhamento,Colégio Arco Íris Evolução,Cursando,FASE 4,4.0,4M,4M,FASE 3,3.0,Fase 3 (7° e 8° ano),1,1.0,False,1.0,Adiantado,0.0,Topázio,8.355707894766669,10.0,8.166666666666666,9.382456140666667,7.083,6.26,8.020833333,8.5475,6.5,8.0,10.0,,,,,,
RA-420,2024,Aluno-420,2011,2011-04-03,13.0,Feminino,2021,Privada - Programa de Apadrinhamento,Colégio Arco Íris Evolução,Cursando,FASE 4,4.0,4M,4M,FASE 3,3.0,Fase 3 (7° e 8° ano),1,1.0,False,1.0,Adiantado,0.0,Ametista,7.544228947400001,10.0,4.0,9.557894737,8.334,6.26,7.8125,7.96,3.0,4.5,4.5,,,,,,
RA-1166,2024,Aluno-1166,2008,2008-10-23,16.0,Feminino,2023,Pública,EE Donizetti Aparecido Leite Professor,Cursando,FASE 4,4.0,4M,4M,FASE 5,5.0,Fase 5 (1° EM),-1,-1.0,False,-1.0,Defasado,1.0,Ametista,7.452799122766667,5.0,6.333333333333333,8.498245614,8.334,6.26,8.020833333,8.625,5.0,7.0,7.0,,,,,,
RA-425,2024,Aluno-425,2010,2010-01-21,14.0,Masculino,2022,Pública,EE Maria André Schunck Dona,Cursando,FASE 4,4.0,4M,4M,FASE 4,4.0,Fase 4 (9° ano),0,0.0,False,0.0,Adequado,0.0,Topázio,9.016616666700001,10.0,9.0,10.0,10.002,6.26,8.229166667,8.8375,10.0,7.5,9.5,,,,,,
RA-1590,2024,Aluno-1590,2009,2009-02-28,15.0,Feminino,2024,Pública,EE Maria André Schunck Dona,Cursando,FASE 4,4.0,4N,4N,FASE 5,5.0,Fase 5 (1° EM),-1,-1.0,False,-1.0,Defasado,1.0,Topázio,8.1907875086,5.0,8.666666666666666,8.267770876333332,7.917,7.51,10.0,8.806,8.5,8.0,9.5,,,,,,
RA-1591,2024,Aluno-1591,2007,2007-11-12,16.0,Feminino,2024,Pública,EE Maria André Schunck Dona,Cursando,FASE 4,4.0,4N,4N,FASE 6,6.0,Fase 6 (2° EM),-2,-2.0,False,-2.0,Defasado,1.0,Ágata,6.1707952862,5.0,3.5,6.430976431,7.083,7.51,8.125,7.064,3.0,4.5,3.0,,,,,,
RA-273,2024,Aluno-273,2008,2008-10-27,16.0,Feminino,2021,Pública,EE Maria André Schunck Dona,Cursando,FASE 4,4.0,4N,4N,FASE 5,5.0,Fase 5 (1° EM),-1,-1.0,False,-1.0,Defasado,1.0,Ágata,6.5991307798,5.0,4.5,7.323153899,9.168,6.26,8.125,6.896,3.0,6.5,4.0,,,,,,
RA-1592,2024,Aluno-1592,2009,2009-06-04,15.0,Feminino,2024,Pública,EE Maria André Schunck Dona,Cursando,FASE 4,4.0,4N,4N,FASE 5,5.0,Fase 5 (1° EM),-1,-1.0,False,-1.0,Defasado,1.0,Ágata,6.812545479666667,5.0,5.5,6.854727398333334,7.917,7.51,8.125,7.432,4.0,7.5,5.0,,,,,,
RA-457,2024,Aluno-457,2010,2010-07-23,14.0,Feminino,2022,Pública,EE Donizetti Aparecido Leite Professor,Cursando,FASE 4,4.0,4N,4N,FASE 3,3.0,Fase 3 (7° e 8° ano),1,1.0,False,1.0,Adiantado,0.0,Topázio,8.5892756038,10.0,8.666666666666666,8.743961352333335,8.334,7.51,9.6875,7.77,8.0,8.0,10.0,,,,,,
RA-305,2024,Aluno-305,2008,2008-10-19,16.0,Masculino,2021,Pública,EE Maria André Schunck Dona,Cursando,FASE 4,4.0,4N,4N,FASE 5,5.0,Fase 5 (1° EM),-1,-1.0,False,-1.0,Defasado,1.0,Ágata,6.693026811600001,5.0,4.833333333333333,7.898550724666666,8.334,6.26,7.8125,7.03,3.0,3.0,8.5,,,,,,
RA-421,2024,Aluno-421,2011,2011-02-11,13.0,Masculino,2021,Pública,Estuda em outra cidade,Cursando,FASE 4,4.0,4N,4N,FASE 3,3.0,Fase 3 (7° e 8° ano),1,1.0,False,1.0,Adiantado,0.0,Topázio,8.488232329,10.0,6.666666666666667,9.540744978333334,8.751,7.51,9.0625,8.572,5.0,6.0,9.0,,,,,,
RA-1169,2024,Aluno-1169,2009,2009-01-05,15.0,Feminino,2023,Pública,EE Maria André Schunck Dona,Cursando,FASE 4,4.0,4N,4N,FASE 5,5.0,Fase 5 (1° EM),-1,-1.0,False,-1.0,Defasado,1.0,Ágata,6.885305555533334,5.0,6.833333333333333,8.444444444333334,6.25,5.635,7.8125,6.8,6.0,6.5,8.0,,,,,,
RA-1593,2024,Aluno-1593,2008,2008-11-15,15.0,Masculino,2024,Pública,EE Maria André Schunck Dona,Cursando,FASE 4,4.0,4N,4N,FASE 5,5.0,Fase 5 (1° EM),-1,-1.0,False,-1.0,Defasado,1.0,Ágata,6.638525017333334,5.0,6.5,4.868875086666667,6.249,6.26,9.0625,8.538,9.0,6.5,4.0,,,,,,
RA-1594,2024,Aluno-1594,2008,2008-02-28,16.0,Masculino,2024,Pública,EE Maria André Schunck Dona,Cursando,FASE 4,4.0,4N,4N,FASE 6,6.0,Fase 6 (2° EM),-2,-2.0,False,-2.0,Defasado,1.0,Quartzo,5.731267287800001,5.0,3.0,6.112836439,9.585,6.26,6.25,5.996,1.0,4.0,4.0,,,,,,
RA-283,2024,Aluno-283,2008,2008-06-27,16.0,Masculino,2021,Pública,EE Maria André Schunck Dona,Cursando,FASE 4,4.0,4N,4N,FASE 6,6.0,Fase 6 (2° EM),-2,-2.0,False,-2.0,Defasado,1.0,Ametista,7.9444309524,5.0,8.0,9.761904762,8.751,6.885,7.8125,7.736,6.5,8.0,9.5,,,,,,
RA-459,2024,Aluno-459,2010,2010-04-20,14.0,Masculino,2021,Pública,EE Donizetti Aparecido Leite Professor,Cursando,FASE 4,4.0,4N,4N,FASE 4,4.0,Fase 4 (9° ano),0,0.0,False,0.0,Adequado,0.0,Ametista,7.233804589400001,10.0,4.666666666666667,8.454106280333333,7.917,5.635,7.8125,7.366,0.0,6.0,8.0,,,,,,
RA-454,2024,Aluno-454,2007,2007-09-18,17.0,Masculino,2021,Pública,EE Paschoal Carlos Magno,Cursando,FASE 4,4.0,4R,4R,FASE 6,6.0,Fase 6 (2° EM),-2,-2.0,False,-2.0,Defasado,1.0,Quartzo,5.8522943469666675,5.0,3.6666666666666665,6.633138401666667,9.585,6.255,5.416666667,5.833333333,3.0,2.0,6.0,,,,,,
RA-1595,2024,Aluno-1595,2010,2010-02-23,14.0,Masculino,2024,Pública,EM Cecilia Cristina de Oliveira Rodrigues,Cursando,FASE 4,4.0,4R,4R,FASE 4,4.0,Fase 4 (9° ano),0,0.0,False,0.0,Adequado,0.0,Ágata,6.6599304233000005,10.0,2.3333333333333335,7.949735449666666,8.334,6.26,7.395833333,7.021666667,3.0,0.0,4.0,,,,,,
RA-1596,2024,Aluno-1596,2007,2007-07-07,17.0,Feminino,2024,Pública,EE Donizetti Aparecido Leite Professor,Cursando,FASE 4,4.0,4R,4R,FASE 6,6.0,Fase 6 (2° EM),-2,-2.0,False,-2.0,Defasado,1.0,Ametista,7.261016666766667,5.0,3.3333333333333335,10.0,8.751,7.51,8.229166667,8.226666667,5.0,0.0,5.0,,,,,,
RA-170,2024,Aluno-170,2008,2008-10-23,16.0,Feminino,2021,Privada - Programa de Apadrinhamento,Colégio Arco Íris Evolução,Cursando,FASE 4,4.0,4R,4R,FASE 5,5.0,Fase 5 (1° EM),-1,-1.0,False,-1.0,Defasado,1.0,Ametista,7.646383333300001,5.0,8.0,8.5,9.168,5.635,7.604166667,8.028333333,10.0,6.5,7.5,,,,,,
RA-1597,2024,Aluno-1597,2008,2008-06-01,16.0,Feminino,2024,Pública,EE Donizetti Aparecido Leite Professor,Cursando,FASE 4,4.0,4R,4R,FASE 5,5.0,Fase 5 (1° EM),-1,-1.0,False,-1.0,Defasado,1.0,Ágata,6.7187063492,5.0,2.8333333333333335,8.412698412666666,7.5,7.51,8.125,8.28,2.0,0.0,6.5,,,,,,
RA-1171,2024,Aluno-1171,2009,2009-04-24,15.0,Masculino,2023,Pública,EE Donizetti Aparecido Leite Professor,Cursando,FASE 4,4.0,4R,4R,FASE 5,5.0,Fase 5 (1° EM),-1,-1.0,False,-1.0,Defasado,1.0,Ametista,7.6236817459,5.0,7.5,7.230158729999999,8.334,7.51,8.645833333,8.643333333,5.0,9.5,8.0,,,,,,
RA-116,2024,Aluno-116,2006,2006-08-31,18.0,Feminino,2021,Pública,EE Joaquim Mendes Feliz,Cursando,FASE 5,5.0,5A,5A,FASE 7,7.0,Fase 7 (3° EM),-2,-2.0,False,-2.0,Defasado,1.0,Ágata,6.337470707133334,5.0,4.5,7.535353535666666,8.334,5.635,6.875,6.73,6.5,2.0,5.0,,,,,,
RA-217,2024,Aluno-217,2007,2007-11-06,17.0,Feminino,2021,Privada - Programa de Apadrinhamento,Colégio Arco Íris Evolução,Cursando,FASE 5,5.0,5A,5A,FASE 6,6.0,Fase 6 (2° EM),-1,-1.0,False,-1.0,Defasado,1.0,Ametista,7.4209164502,5.0,7.833333333333333,8.917748917666666,8.334,6.26,7.125,6.994,9.0,7.0,7.5,,,,,,
RA-103,2024,Aluno-103,2009,2009-05-17,15.0,Feminino,2021,Privada - Programa de Apadrinhamento,Colégio Arco Íris Evolução,Cursando,FASE 5,5.0,5A,5A,FASE 5,5.0,Fase 5 (1° EM),0,0.0,False,0.0,Adequado,0.0,Topázio,8.775268254,10.0,9.166666666666666,9.603174603333335,8.334,6.26,7.875,8.872,9.0,9.0,9.5,,,,,,
RA-178,2024,Aluno-178,2008,2008-10-05,16.0,Feminino,2021,Privada - Programa de Apadrinhamento,Colégio Arco Íris Evolução,Cursando,FASE 5,5.0,5A,5A,FASE 5,5.0,Fase 5 (1° EM),0,0.0,False,0.0,Adequado,0.0,Ametista,7.234168831200001,10.0,4.166666666666667,8.739177489333334,9.585,6.26,7.625,6.53,2.5,2.5,7.5,,,,,,
RA-1172,2024,Aluno-1172,2007,2007-08-27,17.0,Feminino,2023,Pública,EE Donizetti Aparecido Leite Professor,Cursando,FASE 5,5.0,5A,5A,FASE 6,6.0,Fase 6 (2° EM),-1,-1.0,False,-1.0,Defasado,1.0,Quartzo,5.719565079333334,5.0,3.3333333333333335,6.0634920633333325,7.5,6.26,7.25,6.196,0.0,5.0,5.0,,,,,,
RA-180,2024,Aluno-180,2010,2010-09-22,14.0,Masculino,2021,Privada - Programa de Apadrinhamento,Colégio Arco Íris Evolução,Cursando,FASE 5,5.0,5A,5A,FASE 3,3.0,Fase 3 (7° e 8° ano),2,2.0,False,2.0,Adiantado,0.0,Topázio,8.801463636333335,10.0,8.5,9.431818181666666,9.168,7.51,8.125,8.674,9.0,8.5,8.0,,,,,,
RA-181,2024,Aluno-181,2009,2009-03-01,15.0,Feminino,2021,Privada - Programa de Apadrinhamento,Colégio Arco Íris Evolução,Cursando,FASE 5,5.0,5A,5A,FASE 5,5.0,Fase 5 (1° EM),0,0.0,False,0.0,Adequado,0.0,Ametista,7.439841414133334,10.0,4.333333333333333,8.737373737333334,7.5,6.26,7.625,8.436,0.0,7.5,5.5,,,,,,
RA-121,2024,Aluno-121,2006,2006-11-12,17.0,Feminino,2021,Pública,EE Joaquim Mendes Feliz,Cursando,FASE 5,5.0,5A,5A,FASE 7,7.0,Fase 7 (3° EM),-2,-2.0,False,-2.0,Defasado,1.0,Ametista,7.476158297266668,5.0,8.833333333333334,8.152958153,8.751,6.26,7.25,6.764,7.5,9.0,10.0,,,,,,
RA-211,2024,Aluno-211,2009,2009-06-15,15.0,Masculino,2021,Privada - Programa de Apadrinhamento,Colégio Arco Íris Evolução,Cursando,FASE 5,5.0,5A,5A,FASE 5,5.0,Fase 5 (1° EM),0,0.0,False,0.0,Adequado,0.0,Topázio,8.283601875933334,10.0,7.0,9.379509379666667,9.585,7.51,7.25,7.866,5.5,6.5,9.0,,,,,,
RA-1198,2024,Aluno-1198,2007,2007-08-11,17.0,Feminino,2023,Pública,EE Joaquim Mendes Feliz,Cursando,FASE 5,5.0,5A,5A,FASE 6,6.0,Fase 6 (2° EM),-1,-1.0,False,-1.0,Defasado,1.0,Ágata,6.9217748918,5.0,3.5,9.458874459,8.751,7.51,7.375,7.332,0.0,1.0,9.5,,,,,,
RA-110,2024,Aluno-110,2008,2008-07-19,16.0,Masculino,2021,Privada - Programa de Apadrinhamento,Colégio Arco Íris Evolução,Cursando,FASE 5,5.0,5A,5A,FASE 5,5.0,Fase 5 (1° EM),0,0.0,False,0.0,Adequado,0.0,Topázio,8.6324939394,10.0,8.5,9.696969697,9.168,6.255,7.5,8.504,10.0,7.0,8.5,,,,,,
RA-189,2024,Aluno-189,2008,2008-12-23,15.0,Masculino,2021,Privada - Programa de Apadrinhamento,Colégio Arco Íris Evolução,Cursando,FASE 5,5.0,5A,5A,FASE 5,5.0,Fase 5 (1° EM),0,0.0,False,0.0,Adequado,0.0,Topázio,8.586533333333334,10.0,8.166666666666666,10.0,10.002,6.255,6.875,8.2,7.0,7.5,10.0,,,,,,
RA-127,2024,Aluno-127,2008,2008-07-18,16.0,Feminino,2022,Privada - Programa de Apadrinhamento,Colégio Arco Íris Evolução,Cursando,FASE 5,5.0,5A,5A,FASE 5,5.0,Fase 5 (1° EM),0,0.0,False,0.0,Adequado,0.0,Topázio,8.5605939394,10.0,7.833333333333333,9.488636363666666,8.751,7.51,7.625,8.538,10.0,3.5,10.0,,,,,,
RA-115,2024,Aluno-115,2006,2006-11-18,17.0,Feminino,2021,Pública,EE Joaquim Mendes Feliz,Cursando,FASE 5,5.0,5A,5A,FASE 7,7.0,Fase 7 (3° EM),-2,-2.0,False,-2.0,Defasado,1.0,Quartzo,5.404184695733334,5.0,4.166666666666667,4.164756812,7.917,6.26,6.75,5.726,6.5,4.5,1.5,,,,,,
RA-215,2024,Aluno-215,2009,2009-02-21,15.0,Feminino,2021,Pública,EE Paschoal Carlos Magno,Cursando,FASE 5,5.0,5B,5B,FASE 5,5.0,Fase 5 (1° EM),0,0.0,False,0.0,Adequado,0.0,Ametista,7.045258874400002,10.0,5.666666666666667,6.455627705333334,7.084,6.26,8.0,7.432,5.0,2.0,10.0,,,,,,
RA-1598,2024,Aluno-1598,2009,2009-02-27,15.0,Feminino,2024,Pública,EE Paschoal Carlos Magno,Cursando,FASE 5,5.0,5B,5B,FASE 5,5.0,Fase 5 (1° EM),0,0.0,False,0.0,Adequado,0.0,Topázio,8.4656285714,10.0,7.5,8.857142857,9.585,7.51,8.375,8.236,7.5,7.5,,,,,,,
RA-1174,2024,Aluno-1174,2008,2008-10-19,16.0,Feminino,2023,Pública,EE Olivia de Faria Nogueira,Cursando,FASE 5,5.0,5B,5B,FASE 5,5.0,Fase 5 (1° EM),0,0.0,False,0.0,Adequado,0.0,Ametista,7.374213419866667,10.0,5.0,8.349567099333333,8.751,6.26,7.5,7.266,5.0,3.0,7.0,,,,,,
RA-192,2024,Aluno-192,2007,2007-01-16,17.0,Masculino,2021,Privada,Rede Decisão - Unidade União,Cursando,FASE 5,5.0,5B,5B,FASE 7,7.0,Fase 7 (3° EM),-2,-2.0,False,-2.0,Defasado,1.0,Ágata,6.882960606066668,5.0,7.166666666666667,6.363636363666667,8.334,7.51,7.125,6.9,4.0,7.5,10.0,,,,,,
RA-220,2024,Aluno-220,2009,2009-01-30,15.0,Feminino,2022,Pública,EE Joaquim Mendes Feliz,Cursando,FASE 5,5.0,5B,5B,FASE 5,5.0,Fase 5 (1° EM),0,0.0,False,0.0,Adequado,0.0,Ametista,7.6987770562666675,10.0,6.833333333333333,8.198051948,8.751,6.26,7.25,7.332,8.0,3.5,9.0,,,,,,
RA-186,2024,Aluno-186,2009,2009-07-10,15.0,Feminino,2021,Privada,Colégio Nogueira e Sonho de Criança,Cursando,FASE 5,5.0,5B,5B,FASE 4,4.0,Fase 4 (9° ano),1,1.0,False,1.0,Adiantado,0.0,Topázio,8.325963636333334,10.0,7.166666666666667,9.640151515,7.917,6.26,8.125,8.672,6.0,7.0,8.5,,,,,,
RA-1181,2024,Aluno-1181,2009,2009-01-05,15.0,Feminino,2023,Pública,EE Paschoal Carlos Magno,Cursando,FASE 5,5.0,5B,5B,FASE 5,5.0,Fase 5 (1° EM),0,0.0,False,0.0,Adequado,0.0,Ágata,6.2015816738666665,10.0,3.8333333333333335,5.036075036,9.168,6.26,7.125,5.862,1.0,1.0,9.5,,,,,,
RA-1599,2024,Aluno-1599,2006,2006-11-19,17.0,Feminino,2024,Pública,EE Joaquim Mendes Feliz,Cursando,FASE 5,5.0,5B,5B,FASE 7,7.0,Fase 7 (3° EM),-2,-2.0,False,-2.0,Defasado,1.0,Ametista,7.6059333333333345,5.0,6.5,9.666666666666666,8.334,7.51,7.75,7.566,7.0,6.0,,,,,,,
RA-111,2024,Aluno-111,2009,2009-06-27,15.0,Feminino,2021,Privada - Programa de Apadrinhamento,Colégio Arco Íris Evolução,Cursando,FASE 5,5.0,5B,5B,FASE 5,5.0,Fase 5 (1° EM),0,0.0,False,0.0,Adequado,0.0,Topázio,8.667693939400001,10.0,8.333333333333334,9.488636363666666,9.168,6.26,8.125,8.74,8.0,7.0,10.0,,,,,,
RA-1600,2024,Aluno-1600,2007,2007-06-08,17.0,Feminino,2024,Pública,EE Paschoal Carlos Magno,Cursando,FASE 5,5.0,5B,5B,FASE 7,7.0,Fase 7 (3° EM),-2,-2.0,False,-2.0,Defasado,1.0,Ágata,6.750618518533334,5.0,5.666666666666667,8.425925926,8.751,6.26,7.25,6.03,5.0,2.0,10.0,,,,,,
RA-1601,2024,Aluno-1601,2007,2007-10-08,17.0,Feminino,2024,Pública,EE Leonice de Aquino Oliveira,Cursando,FASE 5,5.0,5C,5C,FASE 6,6.0,Fase 6 (2° EM),-1,-1.0,False,-1.0,Defasado,1.0,Ametista,7.2431,5.0,6.5,7.0,8.751,7.51,7.5,8.335,5.0,5.0,9.5,,,,,,
RA-176,2024,Aluno-176,2009,2009-08-28,15.0,Feminino,2021,Privada - Programa de Apadrinhamento,Colégio Arco Íris Evolução,Cursando,FASE 5,5.0,5C,5C,FASE 4,4.0,Fase 4 (9° ano),1,1.0,False,1.0,Adiantado,0.0,Topázio,8.828632575733334,10.0,8.833333333333334,9.545454545333333,9.585,6.26,8.59375,8.545,9.0,8.0,9.5,,,,,,
RA-1602,2024,Aluno-1602,2009,2009-05-09,15.0,Feminino,2024,Pública,EE Leonice de Aquino Oliveira,Cursando,FASE 5,5.0,5C,5C,FASE 5,5.0,Fase 5 (1° EM),0,0.0,False,0.0,Adequado,0.0,Topázio,8.041889814800001,10.0,7.166666666666667,8.782407407333332,7.917,7.51,7.34375,7.875,9.5,2.0,10.0,,,,,,
RA-1603,2024,Aluno-1603,2008,2008-02-13,16.0,Feminino,2024,Pública,EE Olivia de Faria Nogueira,Cursando,FASE 5,5.0,5C,5C,FASE 6,6.0,Fase 6 (2° EM),-1,-1.0,False,-1.0,Defasado,1.0,Ametista,7.836518518466668,5.0,8.333333333333334,9.259259258999998,7.5,7.51,7.5,7.835,8.5,7.0,9.5,,,,,,
RA-1604,2024,Aluno-1604,2008,2008-02-22,16.0,Masculino,2024,Pública,EE Maria André Schunck Dona,Cursando,FASE 5,5.0,5C,5C,FASE 6,6.0,Fase 6 (2° EM),-1,-1.0,False,-1.0,Defasado,1.0,Topázio,8.0118555556,5.0,8.5,7.777777778,9.168,7.51,8.125,8.88,10.0,5.5,10.0,,,,,,
RA-193,2024,Aluno-193,2010,2010-02-17,14.0,Masculino,2021,Privada - Programa de Apadrinhamento,Colégio Arco Íris Evolução,Cursando,FASE 5,5.0,5C,5C,FASE 4,4.0,Fase 4 (9° ano),1,1.0,False,1.0,Adiantado,0.0,Topázio,8.465046969666668,10.0,7.0,9.848484848333333,8.751,6.26,8.4375,8.7525,6.5,4.5,10.0,,,,,,
RA-195,2024,Aluno-195,2009,2009-10-12,15.0,Feminino,2021,Privada - Programa de Apadrinhamento,Colégio Arco Íris Evolução,Cursando,FASE 5,5.0,5C,5C,FASE 4,4.0,Fase 4 (9° ano),1,1.0,False,1.0,Adiantado,0.0,Topázio,8.4690496032,10.0,7.833333333333333,9.682539682666667,7.5,6.26,7.96875,8.965,9.0,6.5,8.0,,,,,,
RA-196,2024,Aluno-196,2010,2010-01-23,14.0,Masculino,2021,Privada - Programa de Apadrinhamento,Colégio Arco Íris Evolução,Cursando,FASE 5,5.0,5C,5C,FASE 4,4.0,Fase 4 (9° ano),1,1.0,False,1.0,Adiantado,0.0,Topázio,8.823550937933334,10.0,8.0,9.689754689666666,8.751,7.51,8.75,8.9225,8.0,7.0,9.0,,,,,,
RA-197,2024,Aluno-197,2009,2009-12-19,14.0,Feminino,2021,Privada - Programa de Apadrinhamento,Colégio Arco Íris Evolução,Cursando,FASE 5,5.0,5C,5C,FASE 5,5.0,Fase 5 (1° EM),0,0.0,False,0.0,Adequado,0.0,Topázio,8.568238636333334,10.0,8.333333333333334,9.848484848333333,7.5,6.26,7.96875,8.795,7.0,8.0,10.0,,,,,,
RA-229,2024,Aluno-229,2010,2010-04-09,14.0,Masculino,2022,Privada - Programa de Apadrinhamento,Colégio Arco Íris Evolução,Cursando,FASE 5,5.0,5C,5C,FASE 4,4.0,Fase 4 (9° ano),1,1.0,False,1.0,Adiantado,0.0,Topázio,8.852545634933334,10.0,8.833333333333334,9.841269841333334,9.585,5.635,8.28125,8.8375,9.5,7.0,10.0,,,,,,
RA-202,2024,Aluno-202,2008,2008-06-02,16.0,Feminino,2021,Pública,EE Leonice de Aquino Oliveira,Cursando,FASE 5,5.0,5C,5C,FASE 6,6.0,Fase 6 (2° EM),-1,-1.0,False,-1.0,Defasado,1.0,Ametista,7.3512154762,5.0,7.5,7.880952381,8.334,6.26,7.65625,7.75,8.5,6.0,8.0,,,,,,
RA-1176,2024,Aluno-1176,2010,2010-05-23,14.0,Masculino,2023,Privada - Programa de Apadrinhamento,Colégio Arco Íris Evolução,Cursando,FASE 5,5.0,5C,5C,FASE 4,4.0,Fase 4 (9° ano),1,1.0,False,1.0,Adiantado,0.0,Topázio,8.914816269866666,10.0,9.166666666666666,9.682539682666667,8.751,6.26,8.59375,8.9225,10.0,8.0,9.5,,,,,,
RA-1177,2024,Aluno-1177,2008,2008-11-15,15.0,Feminino,2023,Pública,EE Mario Francisco de Amorim,Cursando,FASE 5,5.0,5C,5C,FASE 5,5.0,Fase 5 (1° EM),0,0.0,False,0.0,Adequado,0.0,Topázio,8.3233039474,10.0,7.333333333333333,9.824561403666666,8.751,6.26,7.65625,8.125,9.5,5.5,7.0,,,,,,
RA-146,2024,Aluno-146,2007,2007-06-06,17.0,Feminino,2022,Pública,EE Mario Francisco de Amorim,Cursando,FASE 5,5.0,5D,5D,FASE 7,7.0,Fase 7 (3° EM),-2,-2.0,False,-2.0,Defasado,1.0,Topázio,8.134554885333333,5.0,9.333333333333334,9.514316093333333,8.751,5.635,7.65625,8.304,9.0,9.0,10.0,,,,,,
RA-1199,2024,Aluno-1199,2006,2006-01-11,18.0,Masculino,2023,Concluiu o 3º EM,Concluiu o 3º EM,Cursando,FASE 5,5.0,5D,5D,FASE 7,7.0,Fase 7 (3° EM),-2,-2.0,False,-2.0,Defasado,1.0,Ametista,7.614235714266666,5.0,9.0,8.571428571333334,7.5,5.005,6.5625,8.466,10.0,7.0,10.0,,,,,,
RA-1178,2024,Aluno-1178,2007,2007-05-01,17.0,Masculino,2023,Pública,EE Mario Francisco de Amorim,Cursando,FASE 5,5.0,5D,5D,FASE 6,6.0,Fase 6 (2° EM),-1,-1.0,False,-1.0,Defasado,1.0,Topázio,8.0934746032,5.0,8.333333333333334,9.682539682666667,8.751,6.26,7.5,8.696,9.0,8.0,8.0,,,,,,
RA-149,2024,Aluno-149,2007,2007-02-05,17.0,Feminino,2022,Pública,EE Leonice de Aquino Oliveira,Cursando,FASE 5,5.0,5D,5D,FASE 7,7.0,Fase 7 (3° EM),-2,-2.0,False,-2.0,Defasado,1.0,Quartzo,5.7316173854,5.0,3.8333333333333335,4.104378593666667,9.585,6.26,7.34375,6.626,0.0,6.5,5.0,,,,,,
RA-1605,2024,Aluno-1605,2008,2008-06-05,16.0,Masculino,2024,Pública,EE Leonice de Aquino Oliveira,Cursando,FASE 5,5.0,5D,5D,FASE 6,6.0,Fase 6 (2° EM),-1,-1.0,False,-1.0,Defasado,1.0,Quartzo,4.920488888866667,5.0,2.5,5.0694444443333335,0.0,7.51,7.5,7.028,0.0,7.5,0.0,,,,,,
RA-107,2024,Aluno-107,2007,2007-11-25,16.0,Feminino,2021,Pública,EE Mario Francisco de Amorim,Cursando,FASE 5,5.0,5D,5D,FASE 6,6.0,Fase 6 (2° EM),-1,-1.0,False,-1.0,Defasado,1.0,Ágata,6.676130827066667,5.0,4.666666666666667,7.9949874686666655,7.5,7.51,7.5,6.964,0.0,4.5,9.5,,,,,,
RA-184,2024,Aluno-184,2010,2010-03-27,14.0,Masculino,2021,Privada - Programa de Apadrinhamento,Colégio Arco Íris Evolução,Cursando,FASE 5,5.0,5D,5D,FASE 4,4.0,Fase 4 (9° ano),1,1.0,False,1.0,Adiantado,0.0,Topázio,8.471456704266666,10.0,8.166666666666666,8.696741854666667,8.751,6.26,7.96875,9.004,9.5,5.0,10.0,,,,,,
RA-1606,2024,Aluno-1606,2006,2006-12-17,17.0,Feminino,2024,Pública,EE Paschoal Carlos Magno,Cursando,FASE 5,5.0,5D,5D,FASE 7,7.0,Fase 7 (3° EM),-2,-2.0,False,-2.0,Defasado,1.0,Quartzo,5.8216796296,5.0,2.5,5.148148148,8.334,7.51,7.8125,7.132,7.5,0.0,0.0,,,,,,
RA-1607,2024,Aluno-1607,2008,2008-02-28,16.0,Masculino,2024,Pública,EE Olivia de Faria Nogueira,Cursando,FASE 5,5.0,5D,5D,FASE 6,6.0,Fase 6 (2° EM),-1,-1.0,False,-1.0,Defasado,1.0,Quartzo,4.899894444466667,5.0,0.0,6.222222222333333,5.833,5.635,6.5625,6.762,,0.0,0.0,,,,,,
RA-1608,2024,Aluno-1608,2009,2009-04-19,15.0,Masculino,2024,Pública,EE Paschoal Carlos Magno,Cursando,FASE 5,5.0,5D,5D,FASE 5,5.0,Fase 5 (1° EM),0,0.0,False,0.0,Adequado,0.0,Ametista,7.072539814866667,10.0,5.0,7.199074074333335,8.751,7.51,6.40625,6.83,8.5,3.5,3.0,,,,,,
RA-1173,2024,Aluno-1173,2009,2009-05-31,15.0,Masculino,2023,Pública,EE Leonice de Aquino Oliveira,Cursando,FASE 5,5.0,5D,5D,FASE 5,5.0,Fase 5 (1° EM),0,0.0,False,0.0,Adequado,0.0,Topázio,8.220132915666667,10.0,5.833333333333333,9.665831245,9.168,7.51,8.125,8.2,6.0,7.5,4.0,,,,,,
RA-237,2024,Aluno-237,2008,2008-06-25,16.0,Feminino,2022,Privada - Programa de Apadrinhamento,Colégio Arco Íris Evolução,Cursando,FASE 5,5.0,5F,5F,FASE 6,6.0,Fase 6 (2° EM),-1,-1.0,False,-1.0,Defasado,1.0,Ametista,7.931384271366667,5.0,7.666666666666667,9.689754689666666,8.751,6.26,7.916666667,8.336666667,6.0,7.0,10.0,,,,,,
RA-147,2024,Aluno-147,2008,2008-03-19,16.0,Feminino,2022,Pública,EE Joaquim Mendes Feliz,Cursando,FASE 5,5.0,5F,5F,FASE 6,6.0,Fase 6 (2° EM),-1,-1.0,False,-1.0,Defasado,1.0,Ametista,7.400477922133334,5.0,6.166666666666667,9.277056277,8.334,7.51,7.5,7.386666667,6.0,2.5,10.0,,,,,,
RA-131,2024,Aluno-131,2007,2007-02-15,17.0,Feminino,2021,Pública,EE Paschoal Carlos Magno,Cursando,FASE 5,5.0,5F,5F,FASE 7,7.0,Fase 7 (3° EM),-2,-2.0,False,-2.0,Defasado,1.0,Ametista,7.263155555633333,5.0,5.0,9.444444444666667,8.751,7.51,7.708333333,7.386666667,4.0,5.0,6.0,,,,,,
RA-1609,2024,Aluno-1609,2007,2007-02-22,17.0,Feminino,2024,Pública,EE Joaquim Mendes Feliz,Cursando,FASE 5,5.0,5F,5F,FASE 7,7.0,Fase 7 (3° EM),-2,-2.0,False,-2.0,Defasado,1.0,Ametista,7.577233333233334,5.0,6.0,9.666666666666666,8.334,7.51,7.708333333,7.943333333,6.0,4.0,8.0,,,,,,
RA-137,2024,Aluno-137,2005,2005-12-29,18.0,Feminino,2021,Concluiu o 3º EM,Concluiu o 3º EM,Cursando,FASE 5,5.0,5F,5F,FASE 7,7.0,Fase 7 (3° EM),-2,-2.0,False,-2.0,Defasado,1.0,Ágata,6.576761183366667,5.0,6.833333333333333,7.582972583,9.585,5.005,4.791666667,6.276666667,2.0,8.5,10.0,,,,,,
RA-1184,2024,Aluno-1184,2007,2007-08-09,17.0,Masculino,2023,Pública,EE Joaquim Mendes Feliz,Cursando,FASE 5,5.0,5F,5F,FASE 6,6.0,Fase 6 (2° EM),-1,-1.0,False,-1.0,Defasado,1.0,Ametista,7.411701731566668,5.0,7.666666666666667,8.658008657666668,6.666,7.51,7.291666667,7.5,6.0,7.0,10.0,,,,,,
RA-138,2024,Aluno-138,2007,2007-03-16,17.0,Masculino,2021,Pública,EE Paschoal Carlos Magno,Cursando,FASE 5,5.0,5F,5F,FASE 7,7.0,Fase 7 (3° EM),-2,-2.0,False,-2.0,Defasado,1.0,Ametista,7.3860274169,5.0,5.833333333333333,8.751803751666666,9.585,7.51,7.708333333,7.443333333,7.5,5.0,5.0,,,,,,
RA-1610,2024,Aluno-1610,2007,2007-02-12,17.0,Masculino,2024,Pública,EE Paschoal Carlos Magno,Cursando,FASE 5,5.0,5F,5F,FASE 7,7.0,Fase 7 (3° EM),-2,-2.0,False,-2.0,Defasado,1.0,Ágata,6.7023729275666675,5.0,5.166666666666667,7.753697970666667,9.168,7.51,7.291666667,6.106666667,4.0,2.0,9.5,,,,,,
RA-1611,2024,Aluno-1611,2007,2007-02-06,17.0,Masculino,2024,Pública,EE Joaquim Mendes Feliz,Cursando,FASE 5,5.0,5F,5F,FASE 7,7.0,Fase 7 (3° EM),-2,-2.0,False,-2.0,Defasado,1.0,Ágata,6.4589186218000005,5.0,4.5,8.361426442,7.083,7.51,7.5,5.886666667,2.0,2.5,9.0,,,,,,
RA-1612,2024,Aluno-1612,2006,2006-08-11,18.0,Masculino,2024,Pública,EE Joaquim Mendes Feliz,Cursando,FASE 5,5.0,5F,5F,FASE 7,7.0,Fase 7 (3° EM),-2,-2.0,False,-2.0,Defasado,1.0,Ametista,7.014528571366666,5.0,6.166666666666667,8.523809523666666,6.666,7.51,7.708333333,6.94,5.0,6.5,7.0,,,,,,
RA-1188,2024,Aluno-1188,2008,2008-01-13,16.0,Feminino,2023,Pública,EE Olivia de Faria Nogueira,Cursando,FASE 5,5.0,5G,5G,FASE 6,6.0,Fase 6 (2° EM),-1,-1.0,False,-1.0,Defasado,1.0,Ametista,7.801633333400001,5.0,7.0,10.0,9.168,7.51,8.125,7.106666667,7.0,6.0,8.0,,,,,,
RA-1613,2024,Aluno-1613,2007,2007-03-26,17.0,Feminino,2024,Pública,EE Leonice de Aquino Oliveira,Cursando,FASE 5,5.0,5G,5G,FASE 7,7.0,Fase 7 (3° EM),-2,-2.0,False,-2.0,Defasado,1.0,Ágata,6.085471428700001,5.0,3.0,7.1428571430000005,8.334,7.51,7.291666667,6.216666667,0.0,1.0,8.0,,,,,,
RA-244,2024,Aluno-244,2010,2010-03-30,14.0,Feminino,2021,Privada - Programa de Apadrinhamento,Colégio Arco Íris Evolução,Cursando,FASE 5,5.0,5G,5G,FASE 4,4.0,Fase 4 (9° ano),1,1.0,False,1.0,Adiantado,0.0,Topázio,8.7225,10.0,9.5,10.0,7.5,6.26,8.125,8.17,10.0,9.0,9.5,,,,,,
RA-267,2024,Aluno-267,2007,2007-01-19,17.0,Feminino,2021,Pública,EE Leonice de Aquino Oliveira,Cursando,FASE 5,5.0,5G,5G,FASE 7,7.0,Fase 7 (3° EM),-2,-2.0,False,-2.0,Defasado,1.0,Quartzo,5.8963067819666675,5.0,2.0,8.285533910333333,10.002,6.26,4.583333333,6.273333333,0.0,2.0,4.0,,,,,,
RA-1189,2024,Aluno-1189,2008,2008-04-05,16.0,Feminino,2023,Pública,EE Olivia de Faria Nogueira,Cursando,FASE 5,5.0,5G,5G,FASE 6,6.0,Fase 6 (2° EM),-1,-1.0,False,-1.0,Defasado,1.0,Ametista,7.6486387164,5.0,7.666666666666667,8.672360248333332,9.585,7.51,7.5,7.106666667,7.0,7.0,9.0,,,,,,
RA-113,2024,Aluno-113,2007,2007-11-25,16.0,Feminino,2021,Pública,EE Leonice de Aquino Oliveira,Cursando,FASE 5,5.0,5G,5G,FASE 6,6.0,Fase 6 (2° EM),-1,-1.0,False,-1.0,Defasado,1.0,Ametista,7.043536903066667,5.0,6.666666666666667,7.063851181666667,8.751,7.51,7.5,7.106666667,7.0,6.0,7.0,,,,,,
RA-152,2024,Aluno-152,2006,2006-11-30,17.0,Feminino,2022,Pública,EE Donizetti Aparecido Leite Professor,Cursando,FASE 5,5.0,5L,5L,FASE 7,7.0,Fase 7 (3° EM),-2,-2.0,False,-2.0,Defasado,1.0,Ágata,6.5837938596,5.0,5.166666666666667,7.337719298333333,7.5,5.63,7.8125,7.443333333,0.0,7.5,8.0,,,,,,
RA-318,2024,Aluno-318,2008,2008-01-30,16.0,Feminino,2021,Pública,EE Donizetti Aparecido Leite Professor,Cursando,FASE 5,5.0,5L,5L,FASE 6,6.0,Fase 6 (2° EM),-1,-1.0,False,-1.0,Defasado,1.0,Ametista,7.025000925866668,5.0,4.666666666666667,9.129629629666667,7.917,7.51,7.34375,7.443333333,2.0,6.0,6.0,,,,,,
RA-274,2024,Aluno-274,2011,2011-02-18,13.0,Feminino,2021,Privada - Programa de Apadrinhamento,Colégio Arco Íris Evolução,Cursando,FASE 5,5.0,5L,5L,FASE 3,3.0,Fase 3 (7° e 8° ano),2,2.0,False,2.0,Adiantado,0.0,Topázio,8.651029629666667,10.0,9.333333333333334,9.648148147999999,8.334,5.635,8.125,8.226666667,9.0,9.0,10.0,,,,,,
RA-319,2024,Aluno-319,2009,2009-06-10,15.0,Masculino,2022,Pública,EE Donizetti Aparecido Leite Professor,Cursando,FASE 5,5.0,5L,5L,FASE 5,5.0,Fase 5 (1° EM),0,0.0,False,0.0,Adequado,0.0,Ametista,7.948699561466667,10.0,5.833333333333333,9.024122807,9.585,7.51,7.34375,7.666666667,4.0,5.0,8.5,,,,,,
RA-160,2024,Aluno-160,2007,2007-09-21,17.0,Feminino,2021,Privada - Programa de Apadrinhamento,Colégio Arco Íris Evolução,Cursando,FASE 5,5.0,5L,5L,FASE 6,6.0,Fase 6 (2° EM),-1,-1.0,False,-1.0,Defasado,1.0,Ágata,6.855108333266668,5.0,5.666666666666667,7.416666666666667,8.334,6.26,7.34375,7.723333333,3.0,5.5,8.5,,,,,,
RA-161,2024,Aluno-161,2009,2009-05-29,15.0,Feminino,2021,Privada - Programa de Apadrinhamento,Colégio Arco Íris Evolução,Cursando,FASE 5,5.0,5L,5L,FASE 5,5.0,Fase 5 (1° EM),0,0.0,False,0.0,Adequado,0.0,Ametista,7.258445588333334,10.0,4.0,7.965686274666666,8.751,6.26,7.96875,7.836666667,5.0,7.0,0.0,,,,,,
RA-1614,2024,Aluno-1614,2008,2008-02-22,16.0,Masculino,2024,Pública,EE Donizetti Aparecido Leite Professor,Cursando,FASE 5,5.0,5L,5L,FASE 6,6.0,Fase 6 (2° EM),-1,-1.0,False,-1.0,Defasado,1.0,Ágata,6.787898989933334,5.0,6.5,6.574494949666668,7.5,7.51,7.5,7.11,5.0,5.5,9.0,,,,,,
RA-164,2024,Aluno-164,2006,2006-12-29,17.0,Masculino,2021,Privada,Colégio Nogueira e Sonho de Criança,Cursando,FASE 5,5.0,5L,5L,FASE 7,7.0,Fase 7 (3° EM),-2,-2.0,False,-2.0,Defasado,1.0,Ágata,6.837125731066667,5.0,5.666666666666667,8.084795321666666,9.585,6.26,6.25,6.886666667,6.0,2.0,9.0,,,,,,
RA-165,2024,Aluno-165,2008,2008-08-02,16.0,Feminino,2021,Privada - Programa de Apadrinhamento,Colégio Arco Íris Evolução,Cursando,FASE 5,5.0,5L,5L,FASE 5,5.0,Fase 5 (1° EM),0,0.0,False,0.0,Adequado,0.0,Topázio,8.4627502436,10.0,8.5,9.431042884999998,7.5,7.51,7.96875,7.893333333,10.0,7.5,8.0,,,,,,
RA-1615,2024,Aluno-1615,2008,2008-12-23,15.0,Feminino,2024,Pública,EE Donizetti Aparecido Leite Professor,Cursando,FASE 5,5.0,5M,5M,FASE 5,5.0,Fase 5 (1° EM),0,0.0,False,0.0,Adequado,0.0,Topázio,8.417533333333333,10.0,8.333333333333334,9.833333333333334,7.917,7.51,7.5,7.4575,8.0,7.0,10.0,,,,,,
RA-1616,2024,Aluno-1616,2007,2007-09-06,17.0,Feminino,2024,Pública,Estuda em outra cidade,Cursando,FASE 5,5.0,5M,5M,FASE 6,6.0,Fase 6 (2° EM),-1,-1.0,False,-1.0,Defasado,1.0,Ametista,7.147738235266668,5.0,6.166666666666667,8.436274509666667,8.334,7.51,7.1875,7.12,5.5,6.5,6.5,,,,,,
RA-271,2024,Aluno-271,2007,2007-10-16,17.0,Feminino,2022,Pública,EE Donizetti Aparecido Leite Professor,Cursando,FASE 5,5.0,5M,5M,FASE 6,6.0,Fase 6 (2° EM),-1,-1.0,False,-1.0,Defasado,1.0,Ametista,7.400633333333334,5.0,7.333333333333333,8.958333333333334,9.168,6.26,7.5,6.7475,5.0,7.5,9.5,,,,,,
RA-316,2024,Aluno-316,2008,2008-11-20,15.0,Feminino,2022,Privada - Programa de Apadrinhamento,Colégio Arco Íris Evolução,Cursando,FASE 5,5.0,5M,5M,FASE 5,5.0,Fase 5 (1° EM),0,0.0,False,0.0,Adequado,0.0,Topázio,8.708925,10.0,8.0,10.0,9.168,7.51,7.65625,8.3775,8.5,7.0,8.5,,,,,,
RA-286,2024,Aluno-286,2007,2007-11-20,16.0,Feminino,2022,Pública,EE Donizetti Aparecido Leite Professor,Cursando,FASE 5,5.0,5M,5M,FASE 6,6.0,Fase 6 (2° EM),-1,-1.0,False,-1.0,Defasado,1.0,Quartzo,5.123180882333333,5.0,3.1666666666666665,4.031862745000001,6.666,6.26,7.34375,5.7825,5.0,0.0,4.5,,,,,,
RA-320,2024,Aluno-320,2008,2008-11-20,15.0,Feminino,2022,Privada - Programa de Apadrinhamento,Colégio Arco Íris Evolução,Cursando,FASE 5,5.0,5M,5M,FASE 5,5.0,Fase 5 (1° EM),0,0.0,False,0.0,Adequado,0.0,Topázio,8.442258333333335,10.0,6.666666666666667,10.0,9.168,7.51,7.65625,8.3775,7.5,5.5,7.0,,,,,,
RA-1207,2024,Aluno-1207,2008,2008-02-12,16.0,Feminino,2023,Pública,EE Donizetti Aparecido Leite Professor,Cursando,FASE 5,5.0,5M,5M,FASE 6,6.0,Fase 6 (2° EM),-1,-1.0,False,-1.0,Defasado,1.0,Ágata,6.509169736866667,5.0,5.333333333333333,6.581140350999999,8.334,7.51,7.34375,6.5375,4.5,1.5,10.0,,,,,,
RA-1617,2024,Aluno-1617,2008,2008-06-08,16.0,Feminino,2024,Pública,EE Donizetti Aparecido Leite Professor,Cursando,FASE 5,5.0,5M,5M,FASE 6,6.0,Fase 6 (2° EM),-1,-1.0,False,-1.0,Defasado,1.0,Quartzo,4.926285714266666,5.0,3.25,5.571428571333333,0.0,7.51,6.875,6.1175,0.5,6.0,,,,,,,
RA-158,2024,Aluno-158,2009,2009-01-05,15.0,Feminino,2021,Privada - Programa de Apadrinhamento,Colégio Arco Íris Evolução,Cursando,FASE 5,5.0,5M,5M,FASE 5,5.0,Fase 5 (1° EM),0,0.0,False,0.0,Adequado,0.0,Ágata,6.855159259266667,10.0,4.0,7.796296296333334,8.334,6.26,6.875,6.745,2.5,1.5,8.0,,,,,,
RA-306,2024,Aluno-306,2008,2008-02-06,16.0,Feminino,2021,Pública,EE Donizetti Aparecido Leite Professor,Cursando,FASE 5,5.0,5M,5M,FASE 6,6.0,Fase 6 (2° EM),-1,-1.0,False,-1.0,Defasado,1.0,Ágata,6.1661539474,5.0,2.8333333333333335,7.699561403666666,7.917,7.51,7.34375,6.4125,3.5,1.5,3.5,,,,,,
RA-1618,2024,Aluno-1618,2007,2007-07-06,17.0,Masculino,2024,Pública,EE Donizetti Aparecido Leite Professor,Cursando,FASE 5,5.0,5M,5M,FASE 6,6.0,Fase 6 (2° EM),-1,-1.0,False,-1.0,Defasado,1.0,Ametista,7.0487660130666665,5.0,6.333333333333333,7.908496732000001,8.334,7.51,7.5,6.83,5.0,7.0,7.0,,,,,,
RA-308,2024,Aluno-308,2009,2009-09-22,15.0,Masculino,2021,Pública,EE Leonice de Aquino Oliveira,Cursando,FASE 5,5.0,5M,5M,FASE 4,4.0,Fase 4 (9° ano),1,1.0,False,1.0,Adiantado,0.0,Ametista,7.489282456133334,10.0,6.5,8.714912280666667,7.083,5.635,7.5,7.1225,5.5,7.0,7.0,,,,,,
RA-1619,2024,Aluno-1619,2009,2009-05-26,15.0,Masculino,2024,Pública,EE Maria André Schunck Dona,Cursando,FASE 5,5.0,5M,5M,FASE 4,4.0,Fase 4 (9° ano),1,1.0,False,1.0,Adiantado,0.0,Ametista,7.393951851866667,10.0,4.25,9.259259259333334,7.501,7.51,7.5,7.205,4.0,4.5,,,,,,,
RA-299,2024,Aluno-299,2009,2009-07-28,15.0,Feminino,2021,Privada - Programa de Apadrinhamento,Colégio Arco Íris Evolução,Cursando,FASE 5,5.0,5N,5N,FASE 4,4.0,Fase 4 (9° ano),1,1.0,False,1.0,Adiantado,0.0,Topázio,8.177186956533333,10.0,8.166666666666666,8.963768115999999,8.751,6.26,7.5,7.5,8.0,7.5,9.0,,,,,,
RA-251,2024,Aluno-251,2007,2007-12-08,16.0,Masculino,2021,Pública,EE Maria André Schunck Dona,Cursando,FASE 5,5.0,5N,5N,FASE 6,6.0,Fase 6 (2° EM),-1,-1.0,False,-1.0,Defasado,1.0,Ágata,6.7135006212,5.0,4.5,8.612836439,8.751,5.63,6.875,7.326666667,4.0,2.5,7.0,,,,,,
RA-157,2024,Aluno-157,2010,2010-03-13,14.0,Feminino,2021,Privada - Programa de Apadrinhamento,Colégio Arco Íris Evolução,Cursando,FASE 5,5.0,5N,5N,FASE 4,4.0,Fase 4 (9° ano),1,1.0,False,1.0,Adiantado,0.0,Topázio,8.950566666733334,10.0,9.666666666666666,10.0,8.334,6.26,8.125,8.726666667,10.0,9.0,10.0,,,,,,
RA-1620,2024,Aluno-1620,2007,2007-11-14,16.0,Masculino,2024,Pública,EE Maria André Schunck Dona,Cursando,FASE 5,5.0,5N,5N,FASE 6,6.0,Fase 6 (2° EM),-1,-1.0,False,-1.0,Defasado,1.0,Ágata,6.652766666666667,5.0,5.166666666666667,6.666666666666667,8.751,7.51,7.5,7.05,5.5,7.0,3.0,,,,,,
RA-321,2024,Aluno-321,2010,2010-04-24,14.0,Feminino,2022,Pública,EE Donizetti Aparecido Leite Professor,Cursando,FASE 5,5.0,5N,5N,FASE 4,4.0,Fase 4 (9° ano),1,1.0,False,1.0,Adiantado,0.0,Topázio,8.125807932933334,10.0,7.166666666666667,9.534706331,7.917,6.26,8.125,7.776666667,6.0,6.0,9.5,,,,,,
RA-1195,2024,Aluno-1195,2006,2006-10-02,18.0,Feminino,2022,Pública,EE Maria André Schunck Dona,Cursando,FASE 5,5.0,5N,5N,FASE 7,7.0,Fase 7 (3° EM),-2,-2.0,False,-2.0,Defasado,1.0,Ametista,7.5085144926666665,5.0,6.166666666666667,9.855072463666666,9.585,5.63,7.5,7.663333333,8.0,5.0,5.5,,,,,,
RA-1200,2024,Aluno-1200,2007,2007-12-21,16.0,Feminino,2023,Pública,EE Maria André Schunck Dona,Cursando,FASE 5,5.0,5N,5N,FASE 6,6.0,Fase 6 (2° EM),-1,-1.0,False,-1.0,Defasado,1.0,Quartzo,5.6415838956,5.0,1.5,7.099419478000001,7.917,6.26,7.5,6.27,0.0,4.5,0.0,,,,,,
RA-278,2024,Aluno-278,2010,2010-05-17,14.0,Masculino,2021,Privada - Programa de Apadrinhamento,Colégio Arco Íris Evolução,Cursando,FASE 5,5.0,5N,5N,FASE 4,4.0,Fase 4 (9° ano),1,1.0,False,1.0,Adiantado,0.0,Topázio,8.907314492800001,10.0,9.333333333333334,9.855072463666666,9.168,7.51,8.125,7.946666667,9.0,9.0,10.0,,,,,,
RA-85,2024,Aluno-85,2007,2007-02-13,17.0,Masculino,2022,Pública,EE Maria André Schunck Dona,Cursando,FASE 5,5.0,5N,5N,FASE 7,7.0,Fase 7 (3° EM),-2,-2.0,False,-2.0,Defasado,1.0,Ágata,6.999509385733333,5.0,7.666666666666667,8.668046928999999,8.334,3.755,6.25,6.993333333,9.0,4.5,9.5,,,,,,
RA-279,2024,Aluno-279,2009,2009-08-25,15.0,Masculino,2021,Privada - Programa de Apadrinhamento,Colégio Arco Íris Evolução,Cursando,FASE 5,5.0,5N,5N,FASE 4,4.0,Fase 4 (9° ano),1,1.0,False,1.0,Adiantado,0.0,Topázio,9.113133333366667,10.0,9.333333333333334,10.0,9.168,7.51,8.333333333,8.726666667,10.0,8.0,10.0,,,,,,
RA-1621,2024,Aluno-1621,2007,2007-07-26,17.0,Feminino,2024,Pública,EE Leonice de Aquino Oliveira,Cursando,FASE 5,5.0,5N,5N,FASE 6,6.0,Fase 6 (2° EM),-1,-1.0,False,-1.0,Defasado,1.0,Topázio,8.107033333366667,5.0,8.333333333333334,10.0,7.917,6.26,8.333333333,8.446666667,7.5,7.5,10.0,,,,,,
RA-280,2024,Aluno-280,2009,2009-07-04,15.0,Feminino,2021,Privada - Programa de Apadrinhamento,Colégio Arco Íris Evolução,Cursando,FASE 5,5.0,5N,5N,FASE 4,4.0,Fase 4 (9° ano),1,1.0,False,1.0,Adiantado,0.0,Topázio,8.822714492700001,10.0,9.333333333333334,9.855072463666666,7.917,6.26,8.333333333,8.67,10.0,8.0,10.0,,,,,,
RA-1201,2024,Aluno-1201,2008,2008-02-18,16.0,Masculino,2023,Pública,EE Maria André Schunck Dona,Cursando,FASE 5,5.0,5N,5N,FASE 6,6.0,Fase 6 (2° EM),-1,-1.0,False,-1.0,Defasado,1.0,Topázio,8.376195238033333,5.0,9.0,9.523809523666666,8.751,7.51,8.333333333,8.56,9.0,8.0,10.0,,,,,,
RA-1622,2024,Aluno-1622,2007,2007-11-08,16.0,Feminino,2024,Pública,EE Maria André Schunck Dona,Cursando,FASE 5,5.0,5N,5N,FASE 6,6.0,Fase 6 (2° EM),-1,-1.0,False,-1.0,Defasado,1.0,Topázio,8.429066666633334,5.0,9.666666666666666,10.0,8.334,7.51,8.333333333,7.89,10.0,9.0,10.0,,,,,,
RA-132,2024,Aluno-132,2008,2008-03-28,16.0,Feminino,2021,Privada - Programa de Apadrinhamento,Colégio Arco Íris Evolução,Cursando,FASE 6,6.0,6A,6A,FASE 6,6.0,Fase 6 (2° EM),0,0.0,False,0.0,Adequado,0.0,Topázio,8.4746321428,10.0,8.333333333333334,8.380952380666665,8.334,7.51,8.59375,8.44,7.0,8.0,10.0,,,,,,
RA-42,2024,Aluno-42,2007,2007-03-11,17.0,Masculino,2021,Pública,EE Paschoal Carlos Magno,Cursando,FASE 6,6.0,6A,6A,FASE 7,7.0,Fase 7 (3° EM),-1,-1.0,False,-1.0,Defasado,1.0,Ametista,7.656628769866667,5.0,8.166666666666666,9.682539682666667,9.168,5.635,6.796875,7.134,9.0,7.5,8.0,,,,,,
RA-1623,2024,Aluno-1623,2007,2007-10-24,17.0,Masculino,2024,Pública,EE Alexandre Rodrigues Nogueira,Cursando,FASE 6,6.0,6A,6A,FASE 6,6.0,Fase 6 (2° EM),0,0.0,False,0.0,Adequado,0.0,Ametista,7.7609537037333345,10.0,6.0,8.518518518666667,9.168,6.26,7.8125,7.666,5.5,2.5,10.0,,,,,,
RA-106,2024,Aluno-106,2007,2007-12-23,16.0,Feminino,2021,Privada - Programa de Apadrinhamento,Colégio Arco Íris Evolução,Cursando,FASE 6,6.0,6A,6A,FASE 6,6.0,Fase 6 (2° EM),0,0.0,False,0.0,Adequado,0.0,Ametista,7.721664285733334,10.0,5.666666666666667,8.761904762,9.168,5.635,7.8125,7.872,7.0,3.5,6.5,,,,,,
RA-123,2024,Aluno-123,2006,2006-07-22,18.0,Masculino,2021,Privada - Programa de Apadrinhamento,Colégio Arco Íris Evolução,Cursando,FASE 6,6.0,6A,6A,FASE 7,7.0,Fase 7 (3° EM),-1,-1.0,False,-1.0,Defasado,1.0,Ágata,6.887248015866668,5.0,7.166666666666667,8.412698412666666,7.5,5.635,6.71875,6.43,6.5,5.5,9.5,,,,,,
RA-125,2024,Aluno-125,2007,2007-01-21,17.0,Feminino,2022,Privada,João Friaza Colégio,Cursando,FASE 6,6.0,6A,6A,FASE 7,7.0,Fase 7 (3° EM),-1,-1.0,False,-1.0,Defasado,1.0,Ágata,6.627079761933334,5.0,6.166666666666667,5.6428571430000005,8.334,7.51,7.34375,7.232,3.0,7.0,8.5,,,,,,
RA-1624,2024,Aluno-1624,2006,2006-02-23,18.0,Feminino,2024,Concluiu o 3º EM,Concluiu o 3º EM,Cursando,FASE 6,6.0,6A,6A,FASE 7,7.0,Fase 7 (3° EM),-1,-1.0,False,-1.0,Defasado,1.0,Ametista,7.743213492066667,5.0,7.5,9.460317460333334,7.917,7.51,7.8125,7.636,8.0,5.5,9.0,,,,,,
RA-1625,2024,Aluno-1625,2007,2007-10-25,17.0,Masculino,2024,Pública,EE Joaquim Mendes Feliz,Cursando,FASE 6,6.0,6A,6A,FASE 6,6.0,Fase 6 (2° EM),0,0.0,False,0.0,Adequado,0.0,Ágata,6.888194089266667,10.0,4.333333333333333,7.112887113,7.5,7.51,7.1875,6.896,3.0,2.0,8.0,,,,,,
RA-1626,2024,Aluno-1626,2008,2008-03-12,16.0,Feminino,2024,Pública,EE Paschoal Carlos Magno,Cursando,FASE 6,6.0,6A,6A,FASE 6,6.0,Fase 6 (2° EM),0,0.0,False,0.0,Adequado,0.0,Topázio,8.541085606066668,10.0,7.333333333333333,9.696969697,8.751,7.51,8.28125,8.404,5.5,6.5,10.0,,,,,,
RA-1627,2024,Aluno-1627,2007,2007-05-25,17.0,Feminino,2024,Pública,EE Alexandre Rodrigues Nogueira,Cursando,FASE 6,6.0,6A,6A,FASE 7,7.0,Fase 7 (3° EM),-1,-1.0,False,-1.0,Defasado,1.0,Ametista,7.481547222200001,5.0,7.833333333333333,7.777777777666667,7.083,7.51,7.65625,8.172,6.0,7.5,10.0,,,,,,
RA-1628,2024,Aluno-1628,2008,2008-02-04,16.0,Feminino,2024,Pública,EE Joaquim Mendes Feliz,Cursando,FASE 6,6.0,6A,6A,FASE 6,6.0,Fase 6 (2° EM),0,0.0,False,0.0,Adequado,0.0,Ametista,7.500131368600001,10.0,5.833333333333333,8.509823509666667,8.334,7.51,6.875,6.798,3.0,5.0,9.5,,,,,,
RA-112,2024,Aluno-112,2007,2007-08-09,17.0,Feminino,2021,Privada - Programa de Apadrinhamento,Colégio Arco Íris Evolução,Cursando,FASE 6,6.0,6A,6A,FASE 6,6.0,Fase 6 (2° EM),0,0.0,False,0.0,Adequado,0.0,Topázio,8.052609920666667,10.0,8.0,7.978174603333333,7.083,7.51,7.96875,8.004,9.5,6.0,8.5,,,,,,
RA-1629,2024,Aluno-1629,2007,2007-05-07,17.0,Feminino,2024,Pública,EE Paschoal Carlos Magno,Cursando,FASE 6,6.0,6A,6A,FASE 7,7.0,Fase 7 (3° EM),-1,-1.0,False,-1.0,Defasado,1.0,Ametista,7.560550529133334,5.0,7.25,8.645502645666667,9.585,7.51,7.1875,7.266,8.75,3.0,10.0,,,,,,
RA-91,2024,Aluno-91,2006,2006-10-10,18.0,Feminino,2021,Privada - Programa de Apadrinhamento,Colégio Arco Íris Evolução,Cursando,FASE 6,6.0,6L,6L,FASE 7,7.0,Fase 7 (3° EM),-1,-1.0,False,-1.0,Defasado,1.0,Ametista,7.426704761933335,5.0,7.333333333333333,7.476190476333334,10.002,5.635,7.875,8.068,9.0,4.0,9.0,,,,,,
RA-167,2024,Aluno-167,2006,2006-08-10,18.0,Feminino,2021,Privada - Programa de Apadrinhamento,Colégio Arco Íris Evolução,Cursando,FASE 6,6.0,6L,6L,FASE 7,7.0,Fase 7 (3° EM),-1,-1.0,False,-1.0,Defasado,1.0,Topázio,8.033470175466666,5.0,8.166666666666666,9.473684210666667,8.751,6.26,8.375,8.334,8.0,6.5,10.0,,,,,,
RA-1203,2024,Aluno-1203,2007,2007-10-04,17.0,Feminino,2023,Privada - Programa de Apadrinhamento,Colégio Arco Íris Evolução,Cursando,FASE 6,6.0,6L,6L,FASE 6,6.0,Fase 6 (2° EM),0,0.0,False,0.0,Adequado,0.0,Topázio,8.9495245614,10.0,9.0,9.649122807,9.168,7.51,8.375,8.572,8.5,9.0,9.5,,,,,,
RA-94,2024,Aluno-94,2007,2007-07-01,17.0,Feminino,2021,Privada - Programa de Apadrinhamento,Colégio Arco Íris Evolução,Cursando,FASE 6,6.0,6L,6L,FASE 6,6.0,Fase 6 (2° EM),0,0.0,False,0.0,Adequado,0.0,Topázio,8.637033333333335,10.0,8.0,9.666666666666666,10.002,6.26,8.375,8.2,7.0,7.0,10.0,,,,,,
RA-81,2024,Aluno-81,2008,2008-03-22,16.0,Feminino,2021,Privada - Programa de Apadrinhamento,Colégio Arco Íris Evolução,Cursando,FASE 6,6.0,6L,6L,FASE 6,6.0,Fase 6 (2° EM),0,0.0,False,0.0,Adequado,0.0,Topázio,8.256566666666668,10.0,7.5,9.333333333333334,9.168,6.26,7.875,7.798,9.0,6.5,7.0,,,,,,
RA-1630,2024,Aluno-1630,2008,2008-01-30,16.0,Masculino,2024,Privada - Programa de Apadrinhamento,Colégio Arco Íris Evolução,Cursando,FASE 6,6.0,6L,6L,FASE 6,6.0,Fase 6 (2° EM),0,0.0,False,0.0,Adequado,0.0,Topázio,8.583133333333334,10.0,7.333333333333333,9.833333333333334,8.334,7.51,8.25,8.702,9.0,9.0,4.0,,,,,,
RA-171,2024,Aluno-171,2006,2006-09-16,18.0,Masculino,2022,Pública,EE Donizetti Aparecido Leite Professor,Cursando,FASE 6,6.0,6L,6L,FASE 7,7.0,Fase 7 (3° EM),-1,-1.0,False,-1.0,Defasado,1.0,Ametista,7.3289333333333335,5.0,8.333333333333334,7.833333333333333,7.5,5.635,7.625,7.598,7.0,8.0,10.0,,,,,,
RA-1220,2024,Aluno-1220,2005,2005-12-16,18.0,Feminino,2023,Concluiu o 3º EM,Concluiu o 3º EM,Cursando,FASE 6,6.0,6L,6L,FASE 7,7.0,Fase 7 (3° EM),-1,-1.0,False,-1.0,Defasado,1.0,Ametista,7.143244444466667,5.0,7.666666666666667,8.555555555666666,7.083,6.885,7.5,6.26,9.0,7.0,7.0,,,,,,
RA-1631,2024,Aluno-1631,2007,2007-03-23,17.0,Masculino,2024,Privada,Rede Decisão - Unidade União,Cursando,FASE 6,6.0,6L,6L,FASE 7,7.0,Fase 7 (3° EM),-1,-1.0,False,-1.0,Defasado,1.0,Topázio,8.186433333333333,5.0,7.166666666666667,10.0,9.585,7.51,8.5,8.468,5.0,6.5,10.0,,,,,,
RA-1632,2024,Aluno-1632,2008,2008-02-14,16.0,Masculino,2024,Pública,EE Donizetti Aparecido Leite Professor,Cursando,FASE 6,6.0,6L,6L,FASE 6,6.0,Fase 6 (2° EM),0,0.0,False,0.0,Adequado,0.0,Topázio,8.389333333333335,10.0,6.666666666666667,10.0,9.168,7.51,7.75,8.066,9.0,6.0,5.0,,,,,,
RA-1210,2024,Aluno-1210,2007,2007-10-20,17.0,Feminino,2023,Pública,EE Donizetti Aparecido Leite Professor,Cursando,FASE 6,6.0,6L,6L,FASE 6,6.0,Fase 6 (2° EM),0,0.0,False,0.0,Adequado,0.0,Topázio,8.2302,10.0,5.5,10.0,9.585,7.51,7.875,8.166,5.0,6.5,5.0,,,,,,
RA-175,2024,Aluno-175,2007,2007-03-04,17.0,Feminino,2021,Privada - Programa de Apadrinhamento,Colégio Arco Íris Evolução,Cursando,FASE 6,6.0,6L,6L,FASE 7,7.0,Fase 7 (3° EM),-1,-1.0,False,-1.0,Defasado,1.0,Topázio,8.024136842133334,5.0,8.5,9.473684210666667,10.002,6.26,7.5,7.766,9.5,6.5,9.5,,,,,,
RA-80,2024,Aluno-80,2006,2006-07-05,18.0,Feminino,2021,Privada - Programa de Apadrinhamento,Colégio Arco Íris Evolução,Cursando,FASE 7,7.0,7A,7A,FASE 7,7.0,Fase 7 (3° EM),0,0.0,False,0.0,Adequado,0.0,Topázio,8.131659175733333,10.0,7.0,7.8961292116666675,8.751,8.13,8.75,7.946666667,5.0,6.0,10.0,,,,,,
RA-40,2024,Aluno-40,2006,2006-08-28,18.0,Feminino,2021,Privada - Programa de Apadrinhamento,Colégio Arco Íris Evolução,Cursando,FASE 7,7.0,7A,7A,FASE 7,7.0,Fase 7 (3° EM),0,0.0,False,0.0,Adequado,0.0,Ametista,7.098051462066667,10.0,5.333333333333333,7.211257310000001,7.083,8.13,8.125,6.276666667,3.5,6.0,6.5,,,,,,
RA-1214,2024,Aluno-1214,2007,2007-02-28,17.0,Masculino,2023,Pública,EE Paschoal Carlos Magno,Cursando,FASE 7,7.0,7A,7A,FASE 7,7.0,Fase 7 (3° EM),0,0.0,False,0.0,Adequado,0.0,Topázio,8.5902971362,10.0,8.0,9.081527348,10.002,8.13,8.28125,7.663333333,8.0,6.0,10.0,,,,,,
RA-92,2024,Aluno-92,2006,2006-09-12,18.0,Feminino,2021,Privada - Programa de Apadrinhamento,Colégio Arco Íris Evolução,Cursando,FASE 7,7.0,7A,7A,FASE 7,7.0,Fase 7 (3° EM),0,0.0,False,0.0,Adequado,0.0,Topázio,8.052279017,10.0,7.5,8.769145085,10.002,7.51,7.8125,6.33,8.0,5.0,9.5,,,,,,
RA-45,2024,Aluno-45,2007,2007-04-04,17.0,Feminino,2021,Privada - Programa de Apadrinhamento,Colégio Arco Íris Evolução,Cursando,FASE 7,7.0,7A,7A,FASE 7,7.0,Fase 7 (3° EM),0,0.0,False,0.0,Adequado,0.0,Topázio,8.743476190400001,10.0,8.0,9.619047619,7.5,9.38,8.75,8.283333333,7.5,7.0,9.5,,,,,,
RA-56,2024,Aluno-56,2007,2007-05-16,17.0,Feminino,2021,Privada - Programa de Apadrinhamento,Colégio Arco Íris Evolução,Cursando,FASE 7,7.0,7A,7A,FASE 7,7.0,Fase 7 (3° EM),0,0.0,False,0.0,Adequado,0.0,Topázio,9.077020175400001,10.0,7.666666666666667,9.265350877333333,10.002,10.0,8.4375,9.233333333,8.0,6.0,9.0,,,,,,
RA-57,2024,Aluno-57,2006,2006-07-09,18.0,Masculino,2021,Privada - Programa de Apadrinhamento,Colégio Arco Íris Evolução,Cursando,FASE 7,7.0,7A,7A,FASE 7,7.0,Fase 7 (3° EM),0,0.0,False,0.0,Adequado,0.0,Ametista,7.4193804301999995,10.0,6.166666666666667,6.010860484333333,9.585,6.88,8.59375,7.39,6.0,6.5,6.0,,,,,,
RA-58,2024,Aluno-58,2007,2007-05-03,17.0,Masculino,2021,Privada - Programa de Apadrinhamento,Colégio Arco Íris Evolução,Cursando,FASE 7,7.0,7A,7A,FASE 7,7.0,Fase 7 (3° EM),0,0.0,False,0.0,Adequado,0.0,Topázio,8.7713289474,10.0,7.333333333333333,9.824561403666666,9.585,7.51,9.0625,8.62,8.0,6.5,7.5,,,,,,
RA-78,2024,Aluno-78,2005,2005-09-03,19.0,Feminino,2021,Privada - Programa de Apadrinhamento,Colégio Arco Íris Evolução,Cursando,FASE 7,7.0,7A,7A,FASE 7,7.0,Fase 7 (3° EM),0,0.0,False,0.0,Adequado,0.0,Topázio,8.1780308688,10.0,7.5,8.028404344,8.751,8.755,8.4375,7.39,6.5,6.0,10.0,,,,,,
RA-87,2024,Aluno-87,2007,2007-09-26,17.0,Masculino,2021,Privada - Programa de Apadrinhamento,Colégio Arco Íris Evolução,Cursando,FASE 7,7.0,7A,7A,FASE 6,6.0,Fase 6 (2° EM),1,1.0,False,1.0,Adiantado,0.0,Topázio,9.437924561333332,10.0,9.166666666666666,9.649122807,8.751,9.375,9.375,9.623333333,10.0,7.5,10.0,,,,,,
RA-64,2024,Aluno-64,2006,2006-07-06,18.0,Feminino,2021,Privada - Programa de Apadrinhamento,Colégio Arco Íris Evolução,Cursando,FASE 7,7.0,7A,7A,FASE 7,7.0,Fase 7 (3° EM),0,0.0,False,0.0,Adequado,0.0,Topázio,8.743607059266667,10.0,8.166666666666666,8.980785296666667,10.002,8.135,8.4375,8.283333333,8.0,6.5,10.0,,,,,,
RA-48,2024,Aluno-48,2007,2007-05-21,17.0,Feminino,2021,Privada - Programa de Apadrinhamento,Colégio Arco Íris Evolução,Cursando,FASE 7,7.0,7A,7A,FASE 7,7.0,Fase 7 (3° EM),0,0.0,False,0.0,Adequado,0.0,Topázio,8.402390371800001,10.0,7.5,8.339076859,7.917,9.375,8.59375,8.23,6.5,6.0,10.0,,,,,,
RA-1230,2024,Aluno-1230,2007,2007-02-27,17.0,Feminino,2021,Privada - Programa de Apadrinhamento,Colégio Albert Einstein - SP,Cursando,FASE 7,7.0,7E,7E,FASE 7,7.0,Fase 7 (3° EM),0,0.0,False,0.0,Adequado,0.0,Quartzo,4.7612000000000005,10.0,0.0,0.0,7.917,7.195,7.5,7.5,0.0,0.0,0.0,,,,,,
RA-90,2024,Aluno-90,2009,2009-02-25,15.0,Feminino,2021,Privada *Parcerias com Bolsa 100%,Colégio Poliedro - SP,Cursando,FASE 7,7.0,7E,7E,FASE 5,5.0,Fase 5 (1° EM),2,2.0,False,2.0,Adiantado,0.0,Topázio,8.352033333333335,10.0,8.066666666666666,9.0,10.002,6.885,7.5,7.5,7.7,8.3,8.2,,,,,,
RA-269,2024,Aluno-269,2009,2009-03-28,15.0,Masculino,2022,Privada *Parcerias com Bolsa 100%,FIAP School - SP,Cursando,FASE 7,7.0,7E,7E,FASE 5,5.0,Fase 5 (1° EM),2,2.0,False,2.0,Adiantado,0.0,Topázio,8.4773,10.0,8.200000000000001,9.6,9.168,7.505,7.5,7.5,8.1,8.6,7.9,,,,,,
RA-270,2024,Aluno-270,2009,2009-02-28,15.0,Feminino,2021,Privada - Programa de Apadrinhamento,Colégio Albert Einstein - SP,Cursando,FASE 7,7.0,7E,7E,FASE 5,5.0,Fase 5 (1° EM),2,2.0,False,2.0,Adiantado,0.0,Quartzo,4.79255,10.0,0.0,0.0,9.168,6.2575,7.5,7.5,0.0,0.0,0.0,,,,,,
RA-76,2024,Aluno-76,2007,2007-12-31,16.0,Feminino,2021,Privada *Parcerias com Bolsa 100%,Colégio Poliedro - SP,Cursando,FASE 7,7.0,7E,7E,FASE 5,5.0,Fase 5 (1° EM),2,2.0,False,2.0,Adiantado,0.0,Topázio,8.152033333333334,10.0,7.066666666666666,9.0,10.002,6.885,7.5,7.5,7.3,7.8,6.1,,,,,,
RA-153,2024,Aluno-153,2008,2008-08-15,16.0,Feminino,2021,Privada - Programa de Apadrinhamento,Colégio Albert Einstein - SP,Cursando,FASE 7,7.0,7E,7E,FASE 5,5.0,Fase 5 (1° EM),2,2.0,False,2.0,Adiantado,0.0,Quartzo,4.78185,10.0,0.0,0.0,8.751,6.5675,7.5,7.5,0.0,0.0,0.0,,,,,,
RA-1226,2024,Aluno-1226,2007,2007-03-09,17.0,Feminino,2021,Privada *Parcerias com Bolsa 100%,Colégio Poliedro - SP,Cursando,FASE 7,7.0,7E,7E,FASE 7,7.0,Fase 7 (3° EM),0,0.0,False,0.0,Adequado,0.0,Ametista,7.785233333333334,10.0,6.066666666666666,9.0,8.334,6.885,7.5,7.5,6.0,6.2,6.0,,,,,,
RA-93,2024,Aluno-93,2007,2007-08-13,17.0,Feminino,2021,Privada - Programa de Apadrinhamento,Colégio Albert Einstein - SP,Cursando,FASE 7,7.0,7E,7E,FASE 6,6.0,Fase 6 (2° EM),1,1.0,False,1.0,Adiantado,0.0,Topázio,8.275550000066668,10.0,7.483333333333333,9.931666667,9.168,6.2575,7.5,7.5,6.75,7.2,8.5,,,,,,
RA-119,2024,Aluno-119,2008,2008-06-19,16.0,Feminino,2021,Privada - Programa de Apadrinhamento,Colégio Albert Einstein - SP,Cursando,FASE 7,7.0,7E,7E,FASE 6,6.0,Fase 6 (2° EM),1,1.0,False,1.0,Adiantado,0.0,Topázio,8.085299999933333,10.0,7.366666666666667,9.983333333,7.083,6.57,7.5,7.5,6.05,7.5,8.55,,,,,,
RA-241,2024,Aluno-241,2008,2008-10-06,16.0,Masculino,2021,Privada *Parcerias com Bolsa 100%,FIAP School - SP,Cursando,FASE 7,7.0,7E,7E,FASE 5,5.0,Fase 5 (1° EM),2,2.0,False,2.0,Adiantado,0.0,Topázio,8.311616666733334,10.0,6.816666666666667,9.891666667,10.002,7.1975,7.5,7.5,6.15,7.2,7.1,,,,,,
RA-242,2024,Aluno-242,2009,2009-02-26,15.0,Masculino,2021,Privada *Parcerias com Bolsa 100%,FIAP School - SP,Cursando,FASE 7,7.0,7E,7E,FASE 5,5.0,Fase 5 (1° EM),2,2.0,False,2.0,Adiantado,0.0,Topázio,8.2887,10.0,7.650000000000001,9.621,9.585,6.26,7.5,7.5,8.05,8.05,6.85,,,,,,
RA-52,2024,Aluno-52,2009,2009-02-08,15.0,Masculino,2021,Privada *Parcerias com Bolsa 100%,FIAP School - SP,Cursando,FASE 7,7.0,7E,7E,FASE 5,5.0,Fase 5 (1° EM),2,2.0,False,2.0,Adiantado,0.0,Topázio,8.144466666733333,10.0,7.216666666666666,9.437666667,8.751,6.885,7.5,7.5,6.8,8.85,6.0,,,,,,
RA-1227,2024,Aluno-1227,2006,2006-11-15,17.0,Feminino,2021,Privada - Programa de Apadrinhamento,Colégio Albert Einstein - SP,Cursando,FASE 7,7.0,7E,7E,FASE 7,7.0,Fase 7 (3° EM),0,0.0,False,0.0,Adequado,0.0,Quartzo,4.8446,10.0,0.0,0.0,8.751,7.195,7.5,7.5,0.0,0.0,0.0,,,,,,
RA-245,2024,Aluno-245,2008,2008-10-06,16.0,Masculino,2021,Privada - Programa de Apadrinhamento,Colégio Albert Einstein - SP,Cursando,FASE 7,7.0,7E,7E,FASE 5,5.0,Fase 5 (1° EM),2,2.0,False,2.0,Adiantado,0.0,Topázio,8.452633333266668,10.0,8.033333333333333,9.953333333,9.168,6.885,7.5,7.5,8.4,7.6,8.1,,,,,,
RA-246,2024,Aluno-246,2009,2009-04-08,15.0,Masculino,2022,Privada *Parcerias com Bolsa 100%,FIAP School - SP,Cursando,FASE 7,7.0,7E,7E,FASE 5,5.0,Fase 5 (1° EM),2,2.0,False,2.0,Adiantado,0.0,Quartzo,4.7404,10.0,0.0,0.0,8.334,6.57,7.5,7.5,0.0,0.0,0.0,,,,,,
RA-1228,2024,Aluno-1228,2006,2006-05-26,18.0,Feminino,2021,Privada - Programa de Apadrinhamento,Colégio Albert Einstein - SP,Cursando,FASE 7,7.0,7E,7E,FASE 7,7.0,Fase 7 (3° EM),0,0.0,False,0.0,Adequado,0.0,Quartzo,4.8761,10.0,0.0,0.0,8.751,7.51,7.5,7.5,0.0,0.0,0.0,,,,,,
RA-1229,2024,Aluno-1229,2006,2006-12-07,17.0,Feminino,2021,Privada - Programa de Apadrinhamento,Colégio Albert Einstein - SP,Cursando,FASE 7,7.0,7E,7E,FASE 7,7.0,Fase 7 (3° EM),0,0.0,False,0.0,Adequado,0.0,Quartzo,4.8238,10.0,0.0,0.0,9.168,6.57,7.5,7.5,0.0,0.0,0.0,,,,,,
RA-98,2024,Aluno-98,2007,2007-11-13,16.0,Feminino,2021,Privada *Parcerias com Bolsa 100%,FIAP School - SP,Cursando,FASE 7,7.0,7E,7E,FASE 6,6.0,Fase 6 (2° EM),1,1.0,False,1.0,Adiantado,0.0,Topázio,8.617450000000002,10.0,8.9,9.546,9.585,7.1975,7.5,7.5,9.2,8.9,8.6,,,,,,
RA-277,2024,Aluno-277,2008,2008-09-12,16.0,Masculino,2021,Privada *Parcerias com Bolsa 100%,FIAP School - SP,Cursando,FASE 7,7.0,7E,7E,FASE 5,5.0,Fase 5 (1° EM),2,2.0,False,2.0,Adiantado,0.0,Topázio,8.0689833334,10.0,6.8999999999999995,9.741666667,8.334,6.5725,7.5,7.5,6.5,8.15,6.05,,,,,,
RA-172,2024,Aluno-172,2008,2008-01-20,16.0,Feminino,2021,Privada - Programa de Apadrinhamento,Colégio Albert Einstein - SP,Cursando,FASE 7,7.0,7E,7E,FASE 6,6.0,Fase 6 (2° EM),1,1.0,False,1.0,Adiantado,0.0,Topázio,8.128766666666667,10.0,6.933333333333334,9.8,8.751,6.57,7.5,7.5,6.7,7.7,6.4,,,,,,
RA-291,2024,Aluno-291,2009,2009-01-17,15.0,Masculino,2022,Privada - Programa de Apadrinhamento,FIAP School - SP,Cursando,FASE 7,7.0,7E,7E,FASE 5,5.0,Fase 5 (1° EM),2,2.0,False,2.0,Adiantado,0.0,Ametista,7.9319666667333335,10.0,6.166666666666667,9.737666667,8.751,6.26,7.5,7.5,6.0,6.5,6.0,,,,,,
RA-86,2024,Aluno-86,2006,2006-10-04,18.0,Masculino,2021,Privada *Parcerias com Bolsa 100%,FIAP School - SP,Cursando,FASE 7,7.0,7E,7E,FASE 7,7.0,Fase 7 (3° EM),0,0.0,False,0.0,Adequado,0.0,Ametista,7.611233333266666,10.0,5.483333333333333,9.704333333,6.667,6.57,7.5,7.5,6.35,6.3,3.8,,,,,,
RA-143,2024,Aluno-143,2009,2009-08-01,15.0,Masculino,2021,Privada - Programa de Apadrinhamento,Colégio Arco Íris Evolução,Cursando,FASE 7,7.0,7E,7E,FASE 5,5.0,Fase 5 (1° EM),2,2.0,False,2.0,Adiantado,0.0,Ametista,7.449366666666667,10.0,2.6333333333333333,9.92,10.002,6.885,7.5,7.5,0.0,0.0,7.9,,,,,,
RA-166,2024,Aluno-166,2008,2008-06-03,16.0,Masculino,2021,Privada *Parcerias com Bolsa 100%,FIAP School - SP,Cursando,FASE 7,7.0,7E,7E,FASE 6,6.0,Fase 6 (2° EM),1,1.0,False,1.0,Adiantado,0.0,Topázio,8.243183333333334,10.0,8.266666666666667,9.246,8.334,6.5725,7.5,7.5,8.2,7.8,8.8,,,,,,
RA-191,2024,Aluno-191,2009,2009-05-21,15.0,Masculino,2021,Privada *Parcerias com Bolsa 100%,FIAP School - SP,Cursando,FASE 7,7.0,7E,7E,FASE 5,5.0,Fase 5 (1° EM),2,2.0,False,2.0,Adiantado,0.0,Ametista,7.7887,10.0,6.3999999999999995,9.571,7.5,5.945,7.5,7.5,6.0,6.9,6.3,,,,,,
RA-1236,2024,Aluno-1236,2002,2002-01-16,22.0,Feminino,2021,Privada,Universidade Santo Amaro (UNISA),Cursando,FASE 8,8.0,8A,8A,FASE 8,8.0,Fase 8 (Universitários),0,0.0,False,0.0,Adequado,0.0,,,10.0,,0.0,,,,,,,,,,,,,
RA-1234,2024,Aluno-1234,2002,2002-12-03,21.0,Feminino,2021,Privada,Universidade Santo Amaro (UNISA),Cursando,FASE 8,8.0,8A,8A,FASE 8,8.0,Fase 8 (Universitários),0,0.0,False,0.0,Adequado,0.0,,,10.0,,0.0,,,,,,,,,,,,,
RA-1633,2024,Aluno-1633,2003,2003-03-16,21.0,Masculino,2021,Privada,Unicamp,Cursando,FASE 8,8.0,8B,8B,FASE 8,8.0,Fase 8 (Universitários),0,0.0,False,0.0,Adequado,0.0,,,10.0,,0.0,,,,,,,,,,,,,
RA-1248,2024,Aluno-1248,2003,2003-01-13,21.0,Masculino,2021,Privada,Universidade Santo Amaro (UNISA),Cursando,FASE 8,8.0,8B,8B,FASE 8,8.0,Fase 8 (Universitários),0,0.0,False,0.0,Adequado,0.0,,,10.0,,0.0,,,,,,,,,,,,,
RA-1246,2024,Aluno-1246,2003,2003-05-16,21.0,Feminino,2021,Privada,Universidade Santo Amaro (UNISA),Cursando,FASE 8,8.0,8B,8B,FASE 8,8.0,Fase 8 (Universitários),0,0.0,False,0.0,Adequado,0.0,,,10.0,,0.0,,,,,,,,,,,,,
RA-1245,2024,Aluno-1245,2003,2003-10-10,21.0,Masculino,2021,Privada,Universidade Anhembi Morumbi,Cursando,FASE 8,8.0,8B,8B,FASE 8,8.0,Fase 8 (Universitários),0,0.0,False,0.0,Adequado,0.0,,,10.0,,0.0,,,,,,,,,,,,,
RA-1244,2024,Aluno-1244,2003,2003-03-28,21.0,Feminino,2021,Privada,Universidade Santo Amaro (UNISA),Cursando,FASE 8,8.0,8B,8B,FASE 8,8.0,Fase 8 (Universitários),0,0.0,False,0.0,Adequado,0.0,,,10.0,,0.0,,,,,,,,,,,,,
RA-1634,2024,Aluno-1634,2003,2003-03-19,21.0,Feminino,2021,Privada,Universidade Santo Amaro (UNISA),Cursando,FASE 8,8.0,8B,8B,FASE 8,8.0,Fase 8 (Universitários),0,0.0,False,0.0,Adequado,0.0,,,10.0,,0.0,,,,,,,,,,,,,
RA-1242,2024,Aluno-1242,2003,2003-12-17,20.0,Feminino,2021,Privada,Universidade Santo Amaro (UNISA),Cursando,FASE 8,8.0,8B,8B,FASE 8,8.0,Fase 8 (Universitários),0,0.0,False,0.0,Adequado,0.0,,,10.0,,0.0,,,,,,,,,,,,,
RA-1250,2024,Aluno-1250,2003,2003-07-08,21.0,Masculino,2021,Privada - Pagamento por *Empresa Parceira,Universidade Cruzeiro do Sul,Cursando,FASE 8,8.0,8B,8B,FASE 8,8.0,Fase 8 (Universitários),0,0.0,False,0.0,Adequado,0.0,,,10.0,,0.0,,,,,,,,,,,,,
RA-1241,2024,Aluno-1241,2003,2003-05-12,21.0,Feminino,2021,Privada,Universidade Santo Amaro (UNISA),Cursando,FASE 8,8.0,8B,8B,FASE 8,8.0,Fase 8 (Universitários),0,0.0,False,0.0,Adequado,0.0,,,10.0,,0.0,,,,,,,,,,,,,
RA-1240,2024,Aluno-1240,2003,2003-03-28,21.0,Masculino,2021,Privada,Universidade Santo Amaro (UNISA),Cursando,FASE 8,8.0,8B,8B,FASE 8,8.0,Fase 8 (Universitários),0,0.0,False,0.0,Adequado,0.0,,,10.0,,0.0,,,,,,,,,,,,,
RA-1249,2024,Aluno-1249,1996,1996-12-08,27.0,Masculino,2021,Privada,Universidade Anhembi Morumbi,Cursando,FASE 8,8.0,8B,8B,FASE 8,8.0,Fase 8 (Universitários),0,0.0,False,0.0,Adequado,0.0,,,10.0,,0.0,,,,,,,,,,,,,
RA-1239,2024,Aluno-1239,2003,2003-05-05,21.0,Feminino,2021,Privada - Pagamento por *Empresa Parceira,Universidade Mackenzie,Cursando,FASE 8,8.0,8B,8B,FASE 8,8.0,Fase 8 (Universitários),0,0.0,False,0.0,Adequado,0.0,,,10.0,,0.0,,,,,,,,,,,,,
RA-1251,2024,Aluno-1251,2003,2003-02-16,21.0,Feminino,2021,Privada,Universidade Santo Amaro (UNISA),Cursando,FASE 8,8.0,8B,8B,FASE 8,8.0,Fase 8 (Universitários),0,0.0,False,0.0,Adequado,0.0,,,10.0,,0.0,,,,,,,,,,,,,
RA-1264,2024,Aluno-1264,2002,2002-12-05,21.0,Feminino,2021,Privada,Universidade Santo Amaro (UNISA),Cursando,FASE 8,8.0,8D,8D,FASE 8,8.0,Fase 8 (Universitários),0,0.0,False,0.0,Adequado,0.0,,,10.0,,0.0,,,,,,,,,,,,,
RA-1263,2024,Aluno-1263,2003,2003-10-11,21.0,Feminino,2021,Privada *Parcerias com Bolsa 100%,Universidade Santo Amaro (UNISA),Cursando,FASE 8,8.0,8D,8D,FASE 8,8.0,Fase 8 (Universitários),0,0.0,False,0.0,Adequado,0.0,,,10.0,,0.0,,,,,,,,,,,,,
RA-1262,2024,Aluno-1262,2004,2004-09-19,20.0,Feminino,2021,Privada,Universidade Santo Amaro (UNISA),Cursando,FASE 8,8.0,8D,8D,FASE 8,8.0,Fase 8 (Universitários),0,0.0,False,0.0,Adequado,0.0,,,10.0,,0.0,,,,,,,,,,,,,
RA-1261,2024,Aluno-1261,2004,2004-05-03,20.0,Feminino,2021,Privada,Universidade Santo Amaro (UNISA),Cursando,FASE 8,8.0,8D,8D,FASE 8,8.0,Fase 8 (Universitários),0,0.0,False,0.0,Adequado,0.0,,,10.0,,0.0,,,,,,,,,,,,,
RA-1259,2024,Aluno-1259,2004,2004-02-02,20.0,Feminino,2021,Privada,Universidade Santo Amaro (UNISA),Cursando,FASE 8,8.0,8D,8D,FASE 8,8.0,Fase 8 (Universitários),0,0.0,False,0.0,Adequado,0.0,,,10.0,,0.0,,,,,,,,,,,,,
RA-1257,2024,Aluno-1257,2004,2004-11-30,19.0,Masculino,2021,Privada,Universidade Santo Amaro (UNISA),Cursando,FASE 8,8.0,8D,8D,FASE 8,8.0,Fase 8 (Universitários),0,0.0,False,0.0,Adequado,0.0,,,10.0,,0.0,,,,,,,,,,,,,
RA-1256,2024,Aluno-1256,2004,2004-12-24,19.0,Feminino,2021,Privada,ESPM,Cursando,FASE 8,8.0,8D,8D,FASE 8,8.0,Fase 8 (Universitários),0,0.0,False,0.0,Adequado,0.0,,,10.0,,0.0,,,,,,,,,,,,,
RA-1265,2024,Aluno-1265,2002,2002-12-03,21.0,Masculino,2022,Pública,Universidade Santo Amaro (UNISA),Cursando,FASE 8,8.0,8D,8D,FASE 8,8.0,Fase 8 (Universitários),0,0.0,False,0.0,Adequado,0.0,,,10.0,,0.0,,,,,,,,,,,,,
RA-1255,2024,Aluno-1255,2004,2004-03-04,20.0,Masculino,2021,Privada,Universidade Santo Amaro (UNISA),Cursando,FASE 8,8.0,8D,8D,FASE 8,8.0,Fase 8 (Universitários),0,0.0,False,0.0,Adequado,0.0,,,10.0,,0.0,,,,,,,,,,,,,
RA-13,2024,Aluno-13,2004,2004-11-20,19.0,Masculino,2021,Privada *Parcerias com Bolsa 100%,Universidade Santo Amaro (UNISA),Cursando,FASE 8,8.0,8D,8D,FASE 8,8.0,Fase 8 (Universitários),0,0.0,False,0.0,Adequado,0.0,,,10.0,,0.0,,,,,,,,,,,,,
RA-1253,2024,Aluno-1253,1999,1999-11-27,24.0,Feminino,2021,Privada,ESPM,Cursando,FASE 8,8.0,8D,8D,FASE 8,8.0,Fase 8 (Universitários),0,0.0,False,0.0,Adequado,0.0,,,10.0,,0.0,,,,,,,,,,,,,
RA-1635,2024,Aluno-1635,2004,2004-09-02,20.0,Feminino,2021,Privada,Universidade Santo Amaro (UNISA),Cursando,FASE 8,8.0,8D,8D,FASE 8,8.0,Fase 8 (Universitários),0,0.0,False,0.0,Adequado,0.0,,,10.0,,0.0,,,,,,,,,,,,,
RA-1273,2024,Aluno-1273,2005,2005-11-29,18.0,Feminino,2023,Privada *Parcerias com Bolsa 100%,Faculdade FIAP,Cursando,FASE 8,8.0,8E,8E,FASE 8,8.0,Fase 8 (Universitários),0,0.0,False,0.0,Adequado,0.0,,,10.0,,0.0,,,,,,,,,,,,,
RA-14,2024,Aluno-14,2001,2001-11-29,22.0,Masculino,2022,Privada *Parcerias com Bolsa 100%,Faculdade FIAP,Cursando,FASE 8,8.0,8E,8E,FASE 8,8.0,Fase 8 (Universitários),0,0.0,False,0.0,Adequado,0.0,,,10.0,,0.0,,,,,,,,,,,,,
RA-1271,2024,Aluno-1271,2004,2004-11-23,19.0,Feminino,2021,Privada *Parcerias com Bolsa 100%,Universidade Santo Amaro (UNISA),Cursando,FASE 8,8.0,8E,8E,FASE 8,8.0,Fase 8 (Universitários),0,0.0,False,0.0,Adequado,0.0,,,10.0,,0.0,,,,,,,,,,,,,
RA-1,2024,Aluno-1,2003,2003-10-03,21.0,Feminino,2021,Privada *Parcerias com Bolsa 100%,Universidade Santo Amaro (UNISA),Cursando,FASE 8,8.0,8E,8E,FASE 8,8.0,Fase 8 (Universitários),0,0.0,False,0.0,Adequado,0.0,,,10.0,,0.0,,,,,,,,,,,,,
RA-1270,2024,Aluno-1270,2004,2004-08-14,20.0,Feminino,2021,Privada - Pagamento por *Empresa Parceira,Faculdade FIAP,Cursando,FASE 8,8.0,8E,8E,FASE 8,8.0,Fase 8 (Universitários),0,0.0,False,0.0,Adequado,0.0,,,10.0,,0.0,,,,,,,,,,,,,
RA-1274,2024,Aluno-1274,2005,2005-10-07,19.0,Feminino,2021,Privada - Pagamento por *Empresa Parceira,Universidade Santo Amaro (UNISA),Cursando,FASE 8,8.0,8E,8E,FASE 8,8.0,Fase 8 (Universitários),0,0.0,False,0.0,Adequado,0.0,,,10.0,,0.0,,,,,,,,,,,,,
RA-23,2024,Aluno-23,2005,2005-11-03,19.0,Masculino,2021,Privada *Parcerias com Bolsa 100%,Universidade Santo Amaro (UNISA),Cursando,FASE 8,8.0,8E,8E,FASE 8,8.0,Fase 8 (Universitários),0,0.0,False,0.0,Adequado,0.0,,,10.0,,0.0,,,,,,,,,,,,,
RA-2,2024,Aluno-2,2005,2005-05-17,19.0,Feminino,2021,Privada *Parcerias com Bolsa 100%,Faculdade FIAP,Cursando,FASE 8,8.0,8E,8E,FASE 8,8.0,Fase 8 (Universitários),0,0.0,False,0.0,Adequado,0.0,,,10.0,,0.0,,,,,,,,,,,,,
RA-25,2024,Aluno-25,2005,2005-05-18,19.0,Feminino,2021,Privada *Parcerias com Bolsa 100%,Universidade Santo Amaro (UNISA),Cursando,FASE 8,8.0,8E,8E,FASE 8,8.0,Fase 8 (Universitários),0,0.0,False,0.0,Adequado,0.0,,,10.0,,0.0,,,,,,,,,,,,,
RA-1272,2024,Aluno-1272,2004,2004-11-04,20.0,Feminino,2021,Privada *Parcerias com Bolsa 100%,INSPER,Cursando,FASE 8,8.0,8E,8E,FASE 8,8.0,Fase 8 (Universitários),0,0.0,False,0.0,Adequado,0.0,,,10.0,,0.0,,,,,,,,,,,,,
RA-6,2024,Aluno-6,2004,2004-01-12,20.0,Feminino,2021,Privada *Parcerias com Bolsa 100%,Faculdade FIAP,Cursando,FASE 8,8.0,8E,8E,FASE 8,8.0,Fase 8 (Universitários),0,0.0,False,0.0,Adequado,0.0,,,10.0,,0.0,,,,,,,,,,,,,
RA-29,2024,Aluno-29,2005,2005-09-07,19.0,Masculino,2022,Privada - Pagamento por *Empresa Parceira,Faculdade FIAP,Cursando,FASE 8,8.0,8E,8E,FASE 8,8.0,Fase 8 (Universitários),0,0.0,False,0.0,Adequado,0.0,,,10.0,,0.0,,,,,,,,,,,,,
RA-17,2024,Aluno-17,2002,2002-02-12,22.0,Masculino,2022,Privada - Pagamento por *Empresa Parceira,Faculdade FIAP,Cursando,FASE 8,8.0,8E,8E,FASE 8,8.0,Fase 8 (Universitários),0,0.0,False,0.0,Adequado,0.0,,,10.0,,0.0,,,,,,,,,,,,,
RA-7,2024,Aluno-7,2004,2004-09-11,20.0,Masculino,2021,Privada *Parcerias com Bolsa 100%,Universidade Santo Amaro (UNISA),Cursando,FASE 8,8.0,8E,8E,FASE 8,8.0,Fase 8 (Universitários),0,0.0,False,0.0,Adequado,0.0,,,10.0,,0.0,,,,,,,,,,,,,
RA-31,2024,Aluno-31,2005,2005-06-29,19.0,Feminino,2021,Privada *Parcerias com Bolsa 100%,ESPM,Cursando,FASE 8,8.0,8E,8E,FASE 8,8.0,Fase 8 (Universitários),0,0.0,False,0.0,Adequado,0.0,,,10.0,,0.0,,,,,,,,,,,,,
RA-1269,2024,Aluno-1269,2005,2005-03-31,19.0,Feminino,2021,Privada - Pagamento por *Empresa Parceira,Faculdades Oswaldo Cruz,Cursando,FASE 8,8.0,8E,8E,FASE 8,8.0,Fase 8 (Universitários),0,0.0,False,0.0,Adequado,0.0,,,10.0,,0.0,,,,,,,,,,,,,
RA-12,2024,Aluno-12,2005,2005-04-29,19.0,Feminino,2021,Privada *Parcerias com Bolsa 100%,Universidade Santo Amaro (UNISA),Cursando,FASE 8,8.0,8E,8E,FASE 8,8.0,Fase 8 (Universitários),0,0.0,False,0.0,Adequado,0.0,,,10.0,,0.0,,,,,,,,,,,,,
RA-35,2024,Aluno-35,2005,2005-04-22,19.0,Feminino,2021,Privada *Parcerias com Bolsa 100%,ESPM,Cursando,FASE 8,8.0,8E,8E,FASE 8,8.0,Fase 8 (Universitários),0,0.0,False,0.0,Adequado,0.0,,,10.0,,0.0,,,,,,,,,,,,,
RA-1636,2024,Aluno-1636,2004,2004-06-10,20.0,Feminino,2021,Privada,Colégio Albert Einstein,Cursando,FASE 8,8.0,8E,8E,FASE 8,8.0,Fase 8 (Universitários),0,0.0,False,0.0,Adequado,0.0,,,10.0,,0.0,,,,,,,,,,,,,
RA-88,2024,Aluno-88,2005,2005-05-14,19.0,Masculino,2021,Privada *Parcerias com Bolsa 100%,Faculdade FIAP,Cursando,FASE 8,8.0,8E,8E,FASE 8,8.0,Fase 8 (Universitários),0,0.0,False,0.0,Adequado,0.0,,,10.0,,0.0,,,,,,,,,,,,,
RA-36,2024,Aluno-36,2005,2005-07-26,19.0,Feminino,2021,Privada *Parcerias com Bolsa 100%,Universidade Santo Amaro (UNISA),Cursando,FASE 8,8.0,8E,8E,FASE 8,8.0,Fase 8 (Universitários),0,0.0,False,0.0,Adequado,0.0,,,10.0,,0.0,,,,,,,,,,,,,
RA-21,2024,Aluno-21,2004,2004-09-13,20.0,Masculino,2022,Privada - Pagamento por *Empresa Parceira,Faculdade FIAP,Cursando,FASE 8,8.0,8E,8E,FASE 8,8.0,Fase 8 (Universitários),0,0.0,False,0.0,Adequado,0.0,,,10.0,,0.0,,,,,,,,,,,,,
RA-49,2024,Aluno-49,2005,2005-06-21,19.0,Feminino,2022,Privada - Pagamento por *Empresa Parceira,Faculdade FIAP,Cursando,FASE 8,8.0,8E,8E,FASE 8,8.0,Fase 8 (Universitários),0,0.0,False,0.0,Adequado,0.0,,,10.0,,0.0,,,,,,,,,,,,,
RA-1225,2024,Aluno-1225,2005,2005-01-29,19.0,Feminino,2021,Privada *Parcerias com Bolsa 100%,FGV,Cursando,FASE 8,8.0,8F,8F,FASE 8,8.0,Fase 8 (Universitários),0,0.0,False,0.0,Adequado,0.0,,,10.0,,0.0,,,,,,,,,,,,,
RA-1221,2024,Aluno-1221,2001,2001-10-15,23.0,Feminino,2023,Concluiu o 3º EM,Concluiu o 3º EM,Cursando,FASE 8,8.0,8F,8F,FASE 8,8.0,Fase 8 (Universitários),0,0.0,False,0.0,Adequado,0.0,,,10.0,8.0,0.0,,,,,7.0,7.0,10.0,,,,,,
RA-26,2024,Aluno-26,2005,2005-10-11,19.0,Masculino,2022,Privada *Parcerias com Bolsa 100%,Faculdade FIAP,Cursando,FASE 8,8.0,8F,8F,FASE 8,8.0,Fase 8 (Universitários),0,0.0,False,0.0,Adequado,0.0,,,10.0,,0.0,,,,,,,,,,,,,
RA-27,2024,Aluno-27,2006,2006-05-01,18.0,Masculino,2021,Privada *Parcerias com Bolsa 100%,Faculdade FIAP,Cursando,FASE 8,8.0,8F,8F,FASE 8,8.0,Fase 8 (Universitários),0,0.0,False,0.0,Adequado,0.0,,,10.0,,0.0,,,,,,,,,,,,,
RA-155,2024,Aluno-155,2006,2006-06-18,18.0,Masculino,2022,Privada *Parcerias com Bolsa 100%,Faculdade FIAP,Cursando,FASE 8,8.0,8F,8F,FASE 8,8.0,Fase 8 (Universitários),0,0.0,False,0.0,Adequado,0.0,,,10.0,,0.0,,,,,,,,,,,,,
RA-96,2024,Aluno-96,2006,2006-01-21,18.0,Masculino,2021,Concluiu o 3º EM,Concluiu o 3º EM,Cursando,FASE 8,8.0,8F,8F,FASE 8,8.0,Fase 8 (Universitários),0,0.0,False,0.0,Adequado,0.0,,,10.0,,0.0,,,,,,,,,,,,,
RA-59,2024,Aluno-59,2005,2005-10-11,19.0,Masculino,2022,Privada *Parcerias com Bolsa 100%,Faculdade FIAP,Cursando,FASE 8,8.0,8F,8F,FASE 8,8.0,Fase 8 (Universitários),0,0.0,False,0.0,Adequado,0.0,,,10.0,,0.0,,,,,,,,,,,,,
RA-1216,2024,Aluno-1216,2004,2004-03-15,20.0,Feminino,2023,Privada *Parcerias com Bolsa 100%,Universidade Santo Amaro (UNISA),Cursando,FASE 8,8.0,8F,8F,FASE 8,8.0,Fase 8 (Universitários),0,0.0,False,0.0,Adequado,0.0,,,10.0,,0.0,,,,,,,,,,,,,
RA-19,2024,Aluno-19,2003,2003-11-22,20.0,Feminino,2022,Privada *Parcerias com Bolsa 100%,Universidade Santo Amaro (UNISA),Cursando,FASE 8,8.0,8F,8F,FASE 8,8.0,Fase 8 (Universitários),0,0.0,False,0.0,Adequado,0.0,,,10.0,,0.0,,,,,,,,,,,,,
RA-62,2024,Aluno-62,2005,2005-12-31,18.0,Feminino,2022,Privada *Parcerias com Bolsa 100%,Universidade Estácio de Sá,Cursando,FASE 8,8.0,8F,8F,FASE 8,8.0,Fase 8 (Universitários),0,0.0,False,0.0,Adequado,0.0,,,10.0,,0.0,,,,,,,,,,,,,
RA-173,2024,Aluno-173,2005,2005-11-16,18.0,Masculino,2021,Privada *Parcerias com Bolsa 100%,Faculdade FIAP,Cursando,FASE 8,8.0,8F,8F,FASE 8,8.0,Fase 8 (Universitários),0,0.0,False,0.0,Adequado,0.0,,,10.0,,0.0,,,,,,,,,,,,,
RA-38,2024,Aluno-38,2005,2005-12-23,18.0,Feminino,2021,Privada - Programa de Apadrinhamento,Universidade Santo Amaro (UNISA),Cursando,FASE 8,8.0,8F,8F,FASE 8,8.0,Fase 8 (Universitários),0,0.0,False,0.0,Adequado,0.0,,,10.0,,0.0,,,,,,,,,,,,,
RA-1224,2024,Aluno-1224,2003,2003-09-01,21.0,Masculino,2023,Concluiu o 3º EM,Concluiu o 3º EM,Cursando,FASE 8,8.0,8F,8F,FASE 8,8.0,Fase 8 (Universitários),0,0.0,False,0.0,Adequado,0.0,,,10.0,,0.0,,,,,,,,,,,,,
RA-39,2024,Aluno-39,2006,2006-01-19,18.0,Feminino,2021,Privada *Parcerias com Bolsa 100%,Universidade Santo Amaro (UNISA),Cursando,FASE 8,8.0,8F,8F,FASE 8,8.0,Fase 8 (Universitários),0,0.0,False,0.0,Adequado,0.0,,,10.0,,0.0,,,,,,,,,,,,,
RA-1637,2024,Aluno-1637,2001,2001-07-23,23.0,Masculino,2021,Privada,Faculdade (FIAP),Cursando,FASE 9,9.0,9,9,FASE 8,8.0,Fase 8 (Universitários),1,1.0,False,1.0,Adiantado,0.0,,,10.0,,0.0,,,,,,,,,,,,,
RA-1638,2024,Aluno-1638,2002,2002-01-25,22.0,Feminino,2021,Bolsista Universitário *Formado (a),Bolsista Universitário *Formado (a),Cursando,FASE 9,9.0,9,9,FASE 8,8.0,Fase 8 (Universitários),1,1.0,False,1.0,Adiantado,0.0,,,10.0,,0.0,,,,,,,,,,,,,
RA-1268,2024,Aluno-1268,2004,2004-05-17,20.0,Masculino,2021,Privada,Faculdade (FIAP),Cursando,FASE 9,9.0,9,9,FASE 8,8.0,Fase 8 (Universitários),1,1.0,False,1.0,Adiantado,0.0,,,10.0,,0.0,,,,,,,,,,,,,
RA-1260,2024,Aluno-1260,2004,2004-05-08,20.0,Masculino,2021,Privada,Faculdade (FIAP),Cursando,FASE 9,9.0,9,9,FASE 8,8.0,Fase 8 (Universitários),1,1.0,False,1.0,Adiantado,0.0,,,10.0,,0.0,,,,,,,,,,,,,
RA-1639,2024,Aluno-1639,2003,2003-02-05,21.0,Masculino,2021,Bolsista Universitário *Formado (a),Bolsista Universitário *Formado (a),Cursando,FASE 9,9.0,9,9,FASE 8,8.0,Fase 8 (Universitários),1,1.0,False,1.0,Adiantado,0.0,,,10.0,,0.0,,,,,,,,,,,,,
RA-1640,2024,Aluno-1640,2001,2001-02-26,23.0,Feminino,2021,Privada,Universidade Estácio de Sá,Cursando,FASE 9,9.0,9,9,FASE 8,8.0,Fase 8 (Universitários),1,1.0,False,1.0,Adiantado,0.0,,,10.0,,0.0,,,,,,,,,,,,,
RA-1641,2024,Aluno-1641,2002,2002-12-23,21.0,Masculino,2021,Privada,Universidade Santo Amaro (UNISA),Cursando,FASE 9,9.0,9,9,FASE 8,8.0,Fase 8 (Universitários),1,1.0,False,1.0,Adiantado,0.0,,,10.0,,0.0,,,,,,,,,,,,,
RA-1266,2024,Aluno-1266,2004,2004-04-06,20.0,Feminino,2021,Privada,Faculdade (FIAP),Cursando,FASE 9,9.0,9,9,FASE 8,8.0,Fase 8 (Universitários),1,1.0,False,1.0,Adiantado,0.0,,,10.0,,0.0,,,,,,,,,,,,,
RA-1642,2024,Aluno-1642,2001,2001-03-18,23.0,Masculino,2021,Bolsista Universitário *Formado (a),Bolsista Universitário *Formado (a),Cursando,FASE 9,9.0,9,9,FASE 8,8.0,Fase 8 (Universitários),1,1.0,False,1.0,Adiantado,0.0,,,10.0,,0.0,,,,,,,,,,,,,
RA-1258,2024,Aluno-1258,1998,1998-12-24,25.0,Masculino,2021,Privada,Faculdade (FIAP),Cursando,FASE 9,9.0,9,9,FASE 8,8.0,Fase 8 (Universitários),1,1.0,False,1.0,Adiantado,0.0,,,10.0,,0.0,,,,,,,,,,,,,
RA-1235,2024,Aluno-1235,2002,2002-06-25,22.0,Masculino,2021,Privada,Faculdade (FIAP),Cursando,FASE 9,9.0,9,9,FASE 8,8.0,Fase 8 (Universitários),1,1.0,False,1.0,Adiantado,0.0,,,10.0,,0.0,,,,,,,,,,,,,
RA-1643,2024,Aluno-1643,2002,2002-06-18,22.0,Masculino,2021,Privada,Faculdade (FIAP),Cursando,FASE 9,9.0,9,9,FASE 8,8.0,Fase 8 (Universitários),1,1.0,False,1.0,Adiantado,0.0,,,10.0,,0.0,,,,,,,,,,,,,
RA-1644,2024,Aluno-1644,2003,2003-07-28,21.0,Masculino,2021,Bolsista Universitário *Formado (a),Bolsista Universitário *Formado (a),Cursando,FASE 9,9.0,9,9,FASE 8,8.0,Fase 8 (Universitários),1,1.0,False,1.0,Adiantado,0.0,,,10.0,,0.0,,,,,,,,,,,,,
RA-1645,2024,Aluno-1645,2001,2001-08-08,23.0,Masculino,2021,Privada,Faculdade (FIAP),Cursando,FASE 9,9.0,9,9,FASE 8,8.0,Fase 8 (Universitários),1,1.0,False,1.0,Adiantado,0.0,,,10.0,,0.0,,,,,,,,,,,,,
RA-1646,2024,Aluno-1646,2003,2003-07-28,21.0,Masculino,2021,Bolsista Universitário *Formado (a),Bolsista Universitário *Formado (a),Cursando,FASE 9,9.0,9,9,FASE 8,8.0,Fase 8 (Universitários),1,1.0,False,1.0,Adiantado,0.0,,,10.0,,0.0,,,,,,,,,,,,,
RA-1647,2024,Aluno-1647,2002,2002-11-01,22.0,Feminino,2021,Privada,Universidade Santo Amaro (UNISA),Cursando,FASE 9,9.0,9,9,FASE 8,8.0,Fase 8 (Universitários),1,1.0,False,1.0,Adiantado,0.0,,,10.0,,0.0,,,,,,,,,,,,,
RA-1237,2024,Aluno-1237,2002,2002-02-03,22.0,Feminino,2021,Privada *Parcerias com Bolsa 100%,Universidade Santo Amaro (UNISA),Cursando,FASE 9,9.0,9,9,FASE 8,8.0,Fase 8 (Universitários),1,1.0,False,1.0,Adiantado,0.0,,,10.0,,0.0,,,,,,,,,,,,,
RA-1648,2024,Aluno-1648,2002,2002-04-07,22.0,Masculino,2021,Bolsista Universitário *Formado (a),Bolsista Universitário *Formado (a),Cursando,FASE 9,9.0,9,9,FASE 8,8.0,Fase 8 (Universitários),1,1.0,False,1.0,Adiantado,0.0,,,10.0,,0.0,,,,,,,,,,,,,
RA-1649,2024,Aluno-1649,2001,2001-03-30,23.0,Masculino,2021,Privada,Faculdade (FIAP),Cursando,FASE 9,9.0,9,9,FASE 8,8.0,Fase 8 (Universitários),1,1.0,False,1.0,Adiantado,0.0,,,10.0,,0.0,,,,,,,,,,,,,
RA-1650,2024,Aluno-1650,2002,2002-09-01,22.0,Masculino,2021,Privada,Faculdade (FIAP),Cursando,FASE 9,9.0,9,9,FASE 8,8.0,Fase 8 (Universitários),1,1.0,False,1.0,Adiantado,0.0,,,10.0,,0.0,,,,,,,,,,,,,
RA-1651,2024,Aluno-1651,2002,2002-05-08,22.0,Masculino,2021,Bolsista Universitário *Formado (a),Bolsista Universitário *Formado (a),Cursando,FASE 9,9.0,9,9,FASE 8,8.0,Fase 8 (Universitários),1,1.0,False,1.0,Adiantado,0.0,,,10.0,,0.0,,,,,,,,,,,,,
RA-1652,2024,Aluno-1652,2002,2002-10-16,22.0,Feminino,2021,Privada,Faculdade (FIAP),Cursando,FASE 9,9.0,9,9,FASE 8,8.0,Fase 8 (Universitários),1,1.0,False,1.0,Adiantado,0.0,,,10.0,,0.0,,,,,,,,,,,,,
RA-1653,2024,Aluno-1653,2003,2003-11-10,20.0,Masculino,2021,Bolsista Universitário *Formado (a),Bolsista Universitário *Formado (a),Cursando,FASE 9,9.0,9,9,FASE 8,8.0,Fase 8 (Universitários),1,1.0,False,1.0,Adiantado,0.0,,,10.0,,0.0,,,,,,,,,,,,,
RA-1654,2024,Aluno-1654,2002,2002-01-26,22.0,Masculino,2021,Bolsista Universitário *Formado (a),Bolsista Universitário *Formado (a),Cursando,FASE 9,9.0,9,9,FASE 8,8.0,Fase 8 (Universitários),1,1.0,False,1.0,Adiantado,0.0,,,10.0,,0.0,,,,,,,,,,,,,
RA-1655,2024,Aluno-1655,2003,2003-01-12,21.0,Feminino,2022,Privada,Faculdade (FIAP),Cursando,FASE 9,9.0,9,9,FASE 8,8.0,Fase 8 (Universitários),1,1.0,False,1.0,Adiantado,0.0,,,10.0,,0.0,,,,,,,,,,,,,
RA-1656,2024,Aluno-1656,2002,2002-09-09,22.0,Masculino,2021,Privada,Bolsista Universitário *Formado (a),Cursando,FASE 9,9.0,9,9,FASE 8,8.0,Fase 8 (Universitários),1,1.0,False,1.0,Adiantado,0.0,,,10.0,,0.0,,,,,,,,,,,,,
RA-1254,2024,Aluno-1254,2003,2003-12-30,20.0,Masculino,2021,Privada,Faculdade (FIAP),Cursando,FASE 9,9.0,9,9,FASE 8,8.0,Fase 8 (Universitários),1,1.0,False,1.0,Adiantado,0.0,,,10.0,,0.0,,,,,,,,,,,,,
RA-1233,2024,Aluno-1233,2001,2001-07-30,23.0,Feminino,2021,Privada,Universidade Santo Amaro (UNISA),Cursando,FASE 9,9.0,9,9,FASE 8,8.0,Fase 8 (Universitários),1,1.0,False,1.0,Adiantado,0.0,,,10.0,,0.0,,,,,,,,,,,,,
RA-1232,2024,Aluno-1232,2002,2002-04-18,22.0,Masculino,2021,Privada,Universidade Santo Amaro (UNISA),Cursando,FASE 9,9.0,9,9,FASE 8,8.0,Fase 8 (Universitários),1,1.0,False,1.0,Adiantado,0.0,,,10.0,,0.0,,,,,,,,,,,,,
RA-1231,2024,Aluno-1231,2001,2001-09-26,23.0,Masculino,2021,Privada,Universidade Santo Amaro (UNISA),Cursando,FASE 9,9.0,9,9,FASE 8,8.0,Fase 8 (Universitários),1,1.0,False,1.0,Adiantado,0.0,,,10.0,,0.0,,,,,,,,,,,,,
RA-1238,2024,Aluno-1238,2002,2002-05-27,22.0,Feminino,2021,Privada,Universidade Santo Amaro (UNISA),Cursando,FASE 9,9.0,9,9,FASE 8,8.0,Fase 8 (Universitários),1,1.0,False,1.0,Adiantado,0.0,,,10.0,,0.0,,,,,,,,,,,,,
RA-1267,2024,Aluno-1267,2001,2001-06-29,23.0,Feminino,2021,Privada,Faculdade (FIAP),Cursando,FASE 9,9.0,9,9,FASE 8,8.0,Fase 8 (Universitários),1,1.0,False,1.0,Adiantado,0.0,,,10.0,,0.0,,,,,,,,,,,,,
RA-1657,2024,Aluno-1657,2003,2003-12-07,20.0,Masculino,2021,Bolsista Universitário *Formado (a),Bolsista Universitário *Formado (a),Cursando,FASE 9,9.0,9,9,FASE 8,8.0,Fase 8 (Universitários),1,1.0,False,1.0,Adiantado,0.0,,,10.0,,0.0,,,,,,,,,,,,,
RA-1658,2024,Aluno-1658,2002,2002-12-14,21.0,Masculino,2021,Privada,Faculdade (FIAP),Cursando,FASE 9,9.0,9,9,FASE 8,8.0,Fase 8 (Universitários),1,1.0,False,1.0,Adiantado,0.0,,,10.0,,0.0,,,,,,,,,,,,,
RA-1659,2024,Aluno-1659,2003,2003-02-04,21.0,Masculino,2021,Bolsista Universitário *Formado (a),Bolsista Universitário *Formado (a),Cursando,FASE 9,9.0,9,9,FASE 8,8.0,Fase 8 (Universitários),1,1.0,False,1.0,Adiantado,0.0,,,10.0,,0.0,,,,,,,,,,,,,
RA-1252,2024,Aluno-1252,2002,2002-06-03,22.0,Feminino,2021,Privada,Faculdade (FIAP),Cursando,FASE 9,9.0,9,9,FASE 8,8.0,Fase 8 (Universitários),1,1.0,False,1.0,Adiantado,0.0,,,10.0,,0.0,,,,,,,,,,,,,
RA-1660,2024,Aluno-1660,2000,2000-06-28,24.0,Feminino,2021,Bolsista Universitário *Formado (a),Bolsista Universitário *Formado (a),Cursando,FASE 9,9.0,9,9,FASE 8,8.0,Fase 8 (Universitários),1,1.0,False,1.0,Adiantado,0.0,,,10.0,,0.0,,,,,,,,,,,,,
RA-1661,2024,Aluno-1661,2003,2003-01-29,21.0,Feminino,2021,Bolsista Universitário *Formado (a),Bolsista Universitário *Formado (a),Cursando,FASE 9,9.0,9,9,FASE 8,8.0,Fase 8 (Universitários),1,1.0,False,1.0,Adiantado,0.0,,,10.0,,0.0,,,,,,,,,,,,,
